-- MySQL dump 10.13  Distrib 5.5.62, for Win64 (AMD64)
--
-- Host: 49.247.18.112    Database: OWP_MODULE_SF
-- ------------------------------------------------------
-- Server version	5.5.5-10.5.9-MariaDB-1:10.5.9+maria~focal

/*!40101 SET @OLD_CHARACTER_SET_CLIENT=@@CHARACTER_SET_CLIENT */;
/*!40101 SET @OLD_CHARACTER_SET_RESULTS=@@CHARACTER_SET_RESULTS */;
/*!40101 SET @OLD_COLLATION_CONNECTION=@@COLLATION_CONNECTION */;
/*!40101 SET NAMES utf8 */;
/*!40103 SET @OLD_TIME_ZONE=@@TIME_ZONE */;
/*!40103 SET TIME_ZONE='+00:00' */;
/*!40014 SET @OLD_UNIQUE_CHECKS=@@UNIQUE_CHECKS, UNIQUE_CHECKS=0 */;
/*!40014 SET @OLD_FOREIGN_KEY_CHECKS=@@FOREIGN_KEY_CHECKS, FOREIGN_KEY_CHECKS=0 */;
/*!40101 SET @OLD_SQL_MODE=@@SQL_MODE, SQL_MODE='NO_AUTO_VALUE_ON_ZERO' */;
/*!40111 SET @OLD_SQL_NOTES=@@SQL_NOTES, SQL_NOTES=0 */;

--
-- Table structure for table `IPX_COMMONCODE`
--

DROP TABLE IF EXISTS `IPX_COMMONCODE`;
/*!40101 SET @saved_cs_client     = @@character_set_client */;
/*!40101 SET character_set_client = utf8 */;
CREATE TABLE `IPX_COMMONCODE` (
  `CODEID` char(7) NOT NULL COMMENT '코드ID',
  `CODENM` varchar(50) NOT NULL DEFAULT '' COMMENT '코드명',
  `GROUPID` char(7) NOT NULL COMMENT '그룹ID',
  `GROUPNM` varchar(100) NOT NULL COMMENT '그룹명',
  `DESCRIPTION` varchar(4000) DEFAULT NULL COMMENT '설명',
  `REMARK` varchar(4000) DEFAULT '' COMMENT '비고',
  `ORDERBY` int(11) DEFAULT NULL COMMENT '순번',
  `FLAG` char(1) NOT NULL COMMENT '사용여부',
  `WUSERSEQ` bigint(11) unsigned NOT NULL COMMENT '등록자',
  `WDATE` timestamp NOT NULL DEFAULT '0000-00-00 00:00:00' ON UPDATE current_timestamp() COMMENT '등록일',
  `MUSERSEQ` bigint(11) unsigned DEFAULT NULL COMMENT '수정자',
  `MDATE` timestamp NULL DEFAULT NULL COMMENT '수정일',
  `LOGSEQ` varchar(1000) DEFAULT NULL COMMENT '로그Seq',
  PRIMARY KEY (`CODEID`) USING BTREE
) ENGINE=InnoDB DEFAULT CHARSET=utf8 COMMENT='공통코드';
/*!40101 SET character_set_client = @saved_cs_client */;

--
-- Dumping data for table `IPX_COMMONCODE`
--

LOCK TABLES `IPX_COMMONCODE` WRITE;
/*!40000 ALTER TABLE `IPX_COMMONCODE` DISABLE KEYS */;
INSERT INTO `IPX_COMMONCODE` VALUES ('A001001','대표이사','A001000','부서코드','','',1,'Y',1,'2021-04-05 22:50:14',NULL,'2019-11-20 01:44:22',NULL),('A001002','이사회','A001000','부서코드','','',2,'Y',1,'2021-04-05 22:50:14',NULL,NULL,NULL),('A001003','감사','A001000','부서코드','','',3,'Y',1,'2021-04-05 22:50:14',NULL,NULL,NULL),('A001004','감사팀','A001000','부서코드','','',4,'Y',1,'2021-04-05 22:50:14',NULL,NULL,NULL),('A001005','기획1팀','A001000','부서코드','','',5,'Y',1,'2021-04-05 22:50:14',NULL,NULL,NULL),('A001006','기획2팀','A001000','부서코드','','',6,'Y',1,'2021-04-05 22:50:14',NULL,NULL,NULL),('A001007','KMB','A001000','부서코드','','',7,'Y',1,'2021-04-05 22:50:14',NULL,NULL,NULL),('A001008','KMW','A001000','부서코드','','',8,'Y',1,'2021-04-05 22:50:14',NULL,NULL,NULL),('A001009','북미법인','A001000','부서코드','','',9,'Y',1,'2021-04-05 22:50:14',NULL,NULL,NULL),('A001010','test dept edit','A001000','부서코드',NULL,'',10,'N',1,'2021-05-08 04:12:31',NULL,'2021-05-08 04:12:31',NULL),('C100000','Dashboard','C000000','화면영역','desktop_mac','',NULL,'Y',1,'2021-04-01 19:00:58',NULL,NULL,NULL),('C100100','Module 전체 현황','C100000','Dashboard','','',NULL,'Y',1,'2021-04-01 19:00:58',NULL,NULL,NULL),('C100200','Module 라인 현황','C100000','Dashboard','','',NULL,'Y',1,'2021-04-01 19:00:58',NULL,NULL,NULL),('C100300','Loader 현황','C100000','Dashboard','','',NULL,'Y',1,'2021-04-01 19:00:58',NULL,NULL,NULL),('C100400','Print 현황','C100000','Dashboard','','',NULL,'Y',1,'2021-04-01 19:00:58',NULL,NULL,NULL),('C100500','SPI 현황','C100000','Dashboard','','',NULL,'Y',1,'2021-04-01 19:00:58',NULL,NULL,NULL),('C100600','Non SECS 현황','C100000','Dashboard','','',NULL,'Y',1,'2021-04-01 19:00:58',NULL,NULL,NULL),('C100700','고속기 현황','C100000','Dashboard','','',NULL,'Y',1,'2021-04-01 19:00:58',NULL,NULL,NULL),('C100800','이형기 현황','C100000','Dashboard','','',NULL,'Y',1,'2021-04-01 19:00:58',NULL,NULL,NULL),('C100900','2D AOI 현황','C100000','Dashboard','','',NULL,'Y',1,'2021-04-01 19:00:58',NULL,NULL,NULL),('C101000','Reflow 현황','C100000','Dashboard','','',NULL,'Y',1,'2021-04-01 19:00:58',NULL,NULL,NULL),('C101100','3D AOI 현황','C100000','Dashboard','','',NULL,'Y',1,'2021-04-01 19:00:58',NULL,NULL,NULL),('C101200','Unloader 현황','C100000','Dashboard','','',NULL,'Y',1,'2021-04-01 19:00:58',NULL,NULL,NULL),('C101300','RL Loader 현황','C100000','Dashboard','','',NULL,'Y',1,'2021-04-01 19:00:58',NULL,NULL,NULL),('C101400','RL Label 현황','C100000','Dashboard','','',NULL,'Y',1,'2021-04-01 19:00:58',NULL,NULL,NULL),('C101500','RL Router 현황','C100000','Dashboard','','',NULL,'Y',1,'2021-04-01 19:00:58',NULL,NULL,NULL),('C101600','RL Unloader 현황','C100000','Dashboard','','',NULL,'Y',1,'2021-04-01 19:00:58',NULL,NULL,NULL),('C200000','가동률','C000000','화면영역','','',NULL,'Y',1,'2021-04-01 19:00:58',NULL,NULL,NULL),('C201000','날짜/장비별 가동통계','C200000','가동률','','',NULL,'Y',1,'2021-04-01 19:00:58',NULL,NULL,NULL),('C300000','생산','C000000','화면영역','','',NULL,'Y',1,'2021-04-01 19:00:58',NULL,NULL,NULL),('C301000','날짜/장비별 가동통계','C300000','생산','','',NULL,'Y',1,'2021-04-01 19:00:58',NULL,NULL,NULL),('C302000','날짜/장비별 생산현황','C300000','생산','','',NULL,'Y',1,'2021-04-01 19:00:58',NULL,NULL,NULL),('C400000','ALARM','C000000','화면영역','','',NULL,'Y',1,'2021-04-01 19:00:58',NULL,NULL,NULL),('C401000','날짜/장비별 Alarm현황','C400000','ALARM','','',NULL,'Y',1,'2021-04-01 19:00:58',NULL,NULL,NULL),('C990000','시스템 관리','C000000','화면영역','','',NULL,'Y',1,'2021-04-01 19:00:58',NULL,NULL,NULL),('C991000','사용자관리','C990000','시스템 관리','','',NULL,'Y',1,'2021-04-01 19:00:58',NULL,NULL,NULL),('C992000','권한 관리','C990000','시스템 관리','','',NULL,'Y',1,'2021-04-01 19:00:58',NULL,NULL,NULL),('C993000','코드 관리','C990000','시스템 관리','','',NULL,'Y',1,'2021-04-01 19:00:58',NULL,NULL,NULL),('C994000','설비관리','C990000','시스템 관리','','',NULL,'Y',1,'2021-04-01 19:00:58',NULL,NULL,NULL),('C995000','Non-Secs Width관리','C990000','시스템 관리','','',NULL,'Y',1,'2021-04-01 19:00:58',NULL,NULL,NULL),('D001000','직책','D000000','공통코드',NULL,' ',1,'Y',1,'2021-05-04 14:45:46',NULL,NULL,NULL),('D001001','사원','D001000','직책','01',' ',1,'Y',1,'2021-05-04 14:45:46',NULL,NULL,NULL),('D001002','대리','D001000','직책','02',' ',2,'Y',1,'2021-05-04 14:45:46',NULL,NULL,NULL),('D001003','과장','D001000','직책','03',' ',3,'Y',1,'2021-05-04 14:45:46',NULL,NULL,NULL),('D001004','차장','D001000','직책','04',' ',4,'Y',1,'2021-05-04 14:45:46',NULL,NULL,NULL),('D001005','매니저','D001000','직책','05',' ',5,'Y',1,'2021-05-04 14:45:46',NULL,NULL,NULL),('D001006','주임','D001000','직책','06',' ',6,'Y',1,'2021-05-04 14:45:46',NULL,NULL,NULL),('D001007','선임','D001000','직책','10',' ',7,'Y',1,'2021-05-04 14:45:46',NULL,NULL,NULL),('D001008','연구원','D001000','직책','11',' ',8,'Y',1,'2021-05-04 14:45:46',NULL,NULL,NULL),('D001009','선임매니저','D001000','직책','12',' ',9,'Y',1,'2021-05-04 14:45:46',NULL,NULL,NULL),('D001010','선임연구원','D001000','직책','13',' ',10,'Y',1,'2021-05-04 14:45:46',NULL,NULL,NULL),('D001011','책임매니저','D001000','직책','14',' ',11,'Y',1,'2021-05-04 14:45:46',NULL,NULL,NULL),('D001012','책임연구원','D001000','직책','15',' ',12,'Y',1,'2021-05-04 14:45:46',NULL,NULL,NULL),('D001013','수석매니저','D001000','직책','16',' ',13,'Y',1,'2021-05-04 14:45:46',NULL,NULL,NULL),('D001014','수석연구원','D001000','직책','17',' ',14,'Y',1,'2021-05-04 14:45:46',NULL,NULL,NULL),('D001015','대표이사','D001000','직책','A1',' ',15,'Y',1,'2021-05-04 14:45:46',NULL,NULL,NULL),('D001016','임원','D001000','직책','A2',' ',16,'Y',1,'2021-05-04 14:45:46',NULL,NULL,NULL),('D001017','임원','D001000','직책','ZZ01',' ',17,'Y',1,'2021-05-04 14:45:46',NULL,NULL,NULL),('D001018','Director','D001000','직책','ZZ05',' ',18,'Y',1,'2021-05-04 14:45:46',NULL,NULL,NULL),('D001019','Associate Director','D001000','직책','ZZ10',' ',19,'Y',1,'2021-05-04 14:45:46',NULL,NULL,NULL),('D001020','Manager','D001000','직책','ZZ15',' ',20,'Y',1,'2021-05-04 14:45:46',NULL,NULL,NULL),('D001021','Manager','D001000','직책','ZZ20',' ',21,'Y',1,'2021-05-04 14:45:46',NULL,NULL,NULL),('D002000','공통_[권한관리]','D000000','공통코드','','',0,'Y',1,'0000-00-00 00:00:00',NULL,NULL,NULL),('D002001','시스템관리자 ','D002000','공통_[권한관리]','','',1,'Y',1,'0000-00-00 00:00:00',NULL,NULL,NULL),('D002002','일반사용자','D002000','공통_[권한관리]','','',2,'Y',1,'0000-00-00 00:00:00',NULL,NULL,NULL),('D002003','테스트그룹','D002000','공통_[권한관리]','','',3,'Y',1,'2021-04-01 18:58:54',NULL,NULL,NULL),('D002004','test permission','D002000','공통_[권한관리]',NULL,'',4,'N',1,'2021-04-06 05:29:22',NULL,'2021-04-06 05:29:22',NULL),('D003000','공통_[직급]','D000000','공통코드','','',0,'Y',1,'0000-00-00 00:00:00',NULL,NULL,NULL),('D003001','팀원','D003000','공통_[직급]','','',1,'Y',1,'0000-00-00 00:00:00',NULL,NULL,NULL),('D003002','팀장','D003000','공통_[직급]','','',2,'Y',1,'0000-00-00 00:00:00',NULL,NULL,NULL),('D004000','EQP ID','D000000','공통코드','','',NULL,'Y',1,'2021-04-01 19:00:58',NULL,NULL,NULL),('D004001','CM01','D004000','EQP ID','','',1,'Y',1,'2021-04-01 18:58:54',NULL,NULL,NULL),('D004002','CM02','D004000','EQP ID','','',2,'Y',1,'2021-04-01 18:58:54',NULL,NULL,NULL),('D004003','CM03','D004000','EQP ID','','',3,'Y',1,'2021-04-01 18:58:54',NULL,NULL,NULL),('D004004','CM04','D004000','EQP ID','','',4,'Y',1,'2021-04-01 18:58:54',NULL,NULL,NULL),('D004005','CM05','D004000','EQP ID','','',5,'Y',1,'2021-04-01 18:58:54',NULL,NULL,NULL),('D004006','CM06','D004000','EQP ID','','',6,'Y',1,'2021-04-01 18:58:54',NULL,NULL,NULL),('D005000','설비종류','D000000','공통코드','','',NULL,'Y',1,'2021-04-01 19:00:58',NULL,NULL,NULL),('D005001','Loader','D005000','설비종류','CLO','',1,'Y',1,'2021-05-13 01:51:56',NULL,NULL,NULL),('D005002','Print','D005000','설비종류','CSP','',2,'Y',1,'2021-05-13 01:52:00',NULL,NULL,NULL),('D005004','SPI','D005000','설비종류','SPI','',4,'Y',1,'2021-05-13 01:52:04',NULL,NULL,NULL),('D005005','고속기  ','D005000','설비종류','NPM','',5,'Y',1,'2021-05-13 01:52:16',NULL,NULL,NULL),('D005006','이형기   ','D005000','설비종류','NXT','',6,'Y',1,'2021-05-13 01:52:19',NULL,NULL,NULL),('D005007','2D AOI  ','D005000','설비종류','2AI','',7,'Y',1,'2021-05-13 01:52:25',NULL,NULL,NULL),('D005009','Reflow  ','D005000','설비종류','SRW','',9,'Y',1,'2021-05-13 01:52:48',NULL,NULL,NULL),('D005012','3D AOI','D005000','설비종류','3AI','',12,'Y',1,'2021-05-13 01:52:54',NULL,NULL,NULL),('D005013','Unloader','D005000','설비종류','CUL','',13,'Y',1,'2021-05-13 01:53:02',NULL,NULL,NULL),('D006000','Maker','D000000','공통코드','','',NULL,'Y',1,'2021-04-01 19:00:58',NULL,NULL,NULL),('D006001','SPEEDLINE','D006000','Maker','','',1,'Y',1,'2021-04-01 18:58:54',NULL,NULL,NULL),('D006002','HELLER','D006000','Maker','','',2,'Y',1,'2021-04-01 18:58:54',NULL,NULL,NULL),('D006003','FUJI','D006000','Maker','','',3,'Y',1,'2021-04-01 18:58:54',NULL,NULL,NULL),('D006004','CYBER OPTICS','D006000','Maker','','',4,'Y',1,'2021-04-01 18:58:54',NULL,NULL,NULL),('D006005','FAMECS','D006000','Maker','','',5,'Y',1,'2021-04-01 18:58:54',NULL,NULL,NULL),('D006006','PANASONIC','D006000','Maker','','',6,'Y',1,'2021-04-01 18:58:54',NULL,NULL,NULL),('D006007','KOHYOUNG','D006000','Maker','','',7,'Y',1,'2021-04-01 18:58:54',NULL,NULL,NULL),('D007000','Model Type','D000000','공통코드','','',NULL,'Y',1,'2021-04-01 19:00:58',NULL,NULL,NULL),('D007001','MOMENTUM ELITE','D007000','Model Type','','',1,'Y',1,'2021-04-01 18:58:54',NULL,NULL,NULL),('D007002','1810MKⅢ_REFLOW','D007000','Model Type','','',2,'Y',1,'2021-04-01 18:58:54',NULL,NULL,NULL),('D007003','NXT3 M6','D007000','Model Type','','',3,'Y',1,'2021-04-01 18:58:54',NULL,NULL,NULL),('D007004','QX500_AOI','D007000','Model Type','','',4,'Y',1,'2021-04-01 18:58:54',NULL,NULL,NULL),('D007005','SQ3000','D007000','Model Type','','',5,'Y',1,'2021-04-01 18:58:54',NULL,NULL,NULL),('D007006','FFB1100E_CB','D007000','Model Type','','',6,'Y',1,'2021-04-01 18:58:54',NULL,NULL,NULL),('D007007','NPM-D3','D007000','Model Type','','',7,'Y',1,'2021-04-01 18:58:54',NULL,NULL,NULL),('D007008','KY8030-3','D007000','Model Type','','',8,'Y',1,'2021-04-01 18:58:54',NULL,NULL,NULL),('D007009','FTCU1000AS_PER_TCU','D007000','Model Type','','',9,'Y',1,'2021-04-01 18:58:54',NULL,NULL,NULL),('D008000','PCB종류','D000000','공통코드','','',NULL,'Y',1,'2021-04-01 19:00:58',NULL,NULL,NULL),('D008001','DRAM (R-DIMM)','D008000','PCB종류','','',1,'Y',1,'2021-04-01 18:58:54',NULL,NULL,NULL),('D008002','DRAM (UB-DIMM)','D008000','PCB종류','','',2,'Y',1,'2021-04-01 18:58:54',NULL,NULL,NULL),('D008003','DRAM (SO-DIMM)','D008000','PCB종류','','',3,'Y',1,'2021-04-01 18:58:54',NULL,NULL,NULL),('D008004','SSD (R-DIMM)','D008000','PCB종류','','',4,'Y',1,'2021-04-01 18:58:54',NULL,NULL,NULL),('D008005','SSD (UB-DIMM)','D008000','PCB종류','','',5,'Y',1,'2021-04-01 18:58:54',NULL,NULL,NULL),('D008006','SSD (SO-DIMM)','D008000','PCB종류','','',6,'Y',1,'2021-04-01 18:58:54',NULL,NULL,NULL),('D009000','Non Secs 설비종류','D000000','공통코드','','',NULL,'Y',1,'2021-04-01 19:00:58',NULL,NULL,NULL),('D009001','SPI Buffer','D009000','Non-Secs 설비종류','','',1,'Y',1,'2021-04-01 18:58:54',NULL,NULL,NULL),('D009002','TCL','D009000','Non-Secs 설비종류','','',2,'Y',1,'2021-04-01 18:58:54',NULL,NULL,NULL),('D009003','TCL Buffer','D009000','Non-Secs 설비종류','','',3,'Y',1,'2021-04-01 18:58:54',NULL,NULL,NULL),('D009004','고속기 Buffer','D009000','Non-Secs 설비종류','','',4,'Y',1,'2021-04-01 18:58:54',NULL,NULL,NULL),('D009005','이형기 Buffer','D009000','Non-Secs 설비종류','','',5,'Y',1,'2021-04-01 18:58:54',NULL,NULL,NULL),('D009006','2D AOI Buffer','D009000','Non-Secs 설비종류','','',6,'Y',1,'2021-04-01 18:58:54',NULL,NULL,NULL),('D009007','Cooling Buffer','D009000','Non-Secs 설비종류','','',7,'Y',1,'2021-04-01 18:58:54',NULL,NULL,NULL),('D009008','TCU','D009000','Non-Secs 설비종류','','',8,'Y',1,'2021-04-01 18:58:54',NULL,NULL,NULL),('D009009','Turn Buffer(NG Buffer)','D009000','Non-Secs 설비종류','','',9,'Y',1,'2021-04-01 18:58:54',NULL,NULL,NULL),('D009010','인버터','D009000','Non-Secs 설비종류','','',10,'Y',1,'2021-04-01 18:58:54',NULL,NULL,NULL),('D010000','화면 로딩 시간 설정','D000000','공통코드','','',0,'Y',1,'0000-00-00 00:00:00',NULL,NULL,NULL),('D010001','60','D010000','화면 로딩 시간 설정','C100100(화면ID)','시간은 초 기준으로 설정',NULL,'Y',1,'2021-04-21 01:22:43',NULL,NULL,NULL),('D010002','ICMOD','D010000','FACTORY',NULL,'',NULL,'Y',1,'0000-00-00 00:00:00',NULL,NULL,NULL),('D011000','가동율 시작 시간 기준 설정','D000000','공통코드','','',NULL,'Y',1,'0000-00-00 00:00:00',NULL,NULL,NULL),('D011001','7:30','D011000','가동율 시작 시간 기준 설정','','시작 시간은 24시간 기준으로 \'시-분\'으로 설정',NULL,'Y',1,'0000-00-00 00:00:00',NULL,NULL,NULL),('D011002','IDLE','D011000','EQP_STATUS','','',1,'Y',1,'2021-04-01 18:58:54',NULL,NULL,NULL),('D011003','STAND BY','D011000','EQP_STATUS','','',1,'Y',1,'2021-04-01 18:58:54',NULL,NULL,NULL),('D011004','RUN','D011000','EQP_STATUS','','',1,'Y',1,'2021-04-01 18:58:54',NULL,NULL,NULL),('D011005','PAUSE','D011000','EQP_STATUS','','',1,'Y',1,'2021-04-01 18:58:54',NULL,NULL,NULL),('D011006','DOWN','D011000','EQP_STATUS',NULL,NULL,2,'Y',1,'2021-04-24 23:20:33',NULL,NULL,NULL),('D012000','설비관리 Factory명','D000000','공통코드','','',NULL,'Y',1,'0000-00-00 00:00:00',NULL,NULL,NULL),('D012001','ICMOD','D012000','(재확인)설비관리 Factory명','','',NULL,'Y',1,'2021-05-20 15:47:40',NULL,NULL,NULL),('D012002','OFF-LINE','D012000','CONTROL_STATUS','1 - OFF-LINE','',1,'Y',1,'2021-05-21 05:34:12',NULL,'2021-04-24 23:40:24',NULL),('D012003','ON-LINE REMOTE','D012000','CONTROL_STATUS','5 - ON-LINE REMOTE','',3,'Y',1,'2021-05-21 05:34:15',NULL,'2021-04-24 23:39:47',NULL),('D012004','ON-LINE','D012000','CONTROL_STATUS','4 - ON-LINE','',2,'Y',1,'2021-05-21 05:34:16',NULL,'2021-04-24 23:40:12',NULL),('D013000','[test] 설비관리 라인명','D000000','공통코드','','',NULL,'Y',1,'2021-05-18 16:16:53',NULL,NULL,NULL),('D014000','[test] 설비관리 설비종류','D000000','공통코드','','',NULL,'Y',1,'2021-05-18 16:16:54',NULL,NULL,NULL),('D015000','설비관리 메이커','D000000','공통코드','','',NULL,'Y',1,'0000-00-00 00:00:00',NULL,NULL,NULL),('D015001','SPEEDLINE','D015000','설비관리 메이커','','',NULL,'Y',1,'0000-00-00 00:00:00',NULL,NULL,NULL),('D016000','설비관리 모델 타입','D000000','공통코드','','',NULL,'Y',1,'0000-00-00 00:00:00',NULL,NULL,NULL),('D016001','MOMENTUM ELITE','D016000','설비관리 모델 타입','','',NULL,'Y',1,'0000-00-00 00:00:00',NULL,NULL,NULL),('D017000','화면 로딩 시간 설정','D000000','공통코드',NULL,'',NULL,'Y',1,'0000-00-00 00:00:00',NULL,NULL,NULL),('D017001','60','D017000','화면 로딩 시간 설정','C100100(화면ID)','시간은 초 기준으로 설정',NULL,'Y',1,'0000-00-00 00:00:00',NULL,NULL,NULL),('D018000','가동율 시작 시간 기준 설정','D000000','공통코드',NULL,'',NULL,'Y',1,'0000-00-00 00:00:00',NULL,NULL,NULL),('D018001','7:30','D018000','가동율 시작 시간 기준 설정',NULL,'시작 시간은 24시간 기준으로 \'시:분\'으로 설정',NULL,'Y',1,'0000-00-00 00:00:00',NULL,NULL,NULL);
/*!40000 ALTER TABLE `IPX_COMMONCODE` ENABLE KEYS */;
UNLOCK TABLES;

--
-- Table structure for table `IPX_COMMONCODE_20210518`
--

DROP TABLE IF EXISTS `IPX_COMMONCODE_20210518`;
/*!40101 SET @saved_cs_client     = @@character_set_client */;
/*!40101 SET character_set_client = utf8 */;
CREATE TABLE `IPX_COMMONCODE_20210518` (
  `CODEID` char(7) NOT NULL COMMENT '코드ID',
  `CODENM` varchar(50) NOT NULL DEFAULT '' COMMENT '코드명',
  `GROUPID` char(7) NOT NULL COMMENT '그룹ID',
  `GROUPNM` varchar(100) NOT NULL COMMENT '그룹명',
  `DESCRIPTION` varchar(4000) DEFAULT NULL COMMENT '설명',
  `REMARK` varchar(4000) DEFAULT '' COMMENT '비고',
  `ORDERBY` int(11) DEFAULT NULL COMMENT '순번',
  `FLAG` char(1) NOT NULL COMMENT '사용여부',
  `WUSERSEQ` bigint(11) unsigned NOT NULL COMMENT '등록자',
  `WDATE` timestamp NOT NULL DEFAULT '0000-00-00 00:00:00' ON UPDATE current_timestamp() COMMENT '등록일',
  `MUSERSEQ` bigint(11) unsigned DEFAULT NULL COMMENT '수정자',
  `MDATE` timestamp NULL DEFAULT NULL COMMENT '수정일',
  `LOGSEQ` varchar(1000) DEFAULT NULL COMMENT '로그Seq'
) ENGINE=InnoDB DEFAULT CHARSET=utf8;
/*!40101 SET character_set_client = @saved_cs_client */;

--
-- Dumping data for table `IPX_COMMONCODE_20210518`
--

LOCK TABLES `IPX_COMMONCODE_20210518` WRITE;
/*!40000 ALTER TABLE `IPX_COMMONCODE_20210518` DISABLE KEYS */;
INSERT INTO `IPX_COMMONCODE_20210518` VALUES ('A001001','대표이사','A001000','부서코드','','',1,'Y',1,'2021-04-05 22:50:14',NULL,'2019-11-20 01:44:22',NULL),('A001002','이사회','A001000','부서코드','','',2,'Y',1,'2021-04-05 22:50:14',NULL,NULL,NULL),('A001003','감사','A001000','부서코드','','',3,'Y',1,'2021-04-05 22:50:14',NULL,NULL,NULL),('A001004','감사팀','A001000','부서코드','','',4,'Y',1,'2021-04-05 22:50:14',NULL,NULL,NULL),('A001005','기획1팀','A001000','부서코드','','',5,'Y',1,'2021-04-05 22:50:14',NULL,NULL,NULL),('A001006','기획2팀','A001000','부서코드','','',6,'Y',1,'2021-04-05 22:50:14',NULL,NULL,NULL),('A001007','KMB','A001000','부서코드','','',7,'Y',1,'2021-04-05 22:50:14',NULL,NULL,NULL),('A001008','KMW','A001000','부서코드','','',8,'Y',1,'2021-04-05 22:50:14',NULL,NULL,NULL),('A001009','북미법인','A001000','부서코드','','',9,'Y',1,'2021-04-05 22:50:14',NULL,NULL,NULL),('A001010','test dept edit','A001000','부서코드',NULL,'',10,'N',1,'2021-05-08 04:12:31',NULL,'2021-05-08 04:12:31',NULL),('C100000','Dashboard','C000000','화면영역','desktop_mac','',NULL,'Y',1,'2021-04-01 19:00:58',NULL,NULL,NULL),('C100100','Module 전체 현황','C100000','Dashboard','','',NULL,'Y',1,'2021-04-01 19:00:58',NULL,NULL,NULL),('C100200','Module 라인 현황','C100000','Dashboard','','',NULL,'Y',1,'2021-04-01 19:00:58',NULL,NULL,NULL),('C100300','Loader 현황','C100000','Dashboard','','',NULL,'Y',1,'2021-04-01 19:00:58',NULL,NULL,NULL),('C100400','Print 현황','C100000','Dashboard','','',NULL,'Y',1,'2021-04-01 19:00:58',NULL,NULL,NULL),('C100500','SPI 현황','C100000','Dashboard','','',NULL,'Y',1,'2021-04-01 19:00:58',NULL,NULL,NULL),('C100600','Non SECS 현황','C100000','Dashboard','','',NULL,'Y',1,'2021-04-01 19:00:58',NULL,NULL,NULL),('C100700','고속기 현황','C100000','Dashboard','','',NULL,'Y',1,'2021-04-01 19:00:58',NULL,NULL,NULL),('C100800','이형기 현황','C100000','Dashboard','','',NULL,'Y',1,'2021-04-01 19:00:58',NULL,NULL,NULL),('C100900','2D AOI 현황','C100000','Dashboard','','',NULL,'Y',1,'2021-04-01 19:00:58',NULL,NULL,NULL),('C101000','Reflow 현황','C100000','Dashboard','','',NULL,'Y',1,'2021-04-01 19:00:58',NULL,NULL,NULL),('C101100','3D AOI 현황','C100000','Dashboard','','',NULL,'Y',1,'2021-04-01 19:00:58',NULL,NULL,NULL),('C101200','Unloader 현황','C100000','Dashboard','','',NULL,'Y',1,'2021-04-01 19:00:58',NULL,NULL,NULL),('C101300','RL Loader 현황','C100000','Dashboard','','',NULL,'Y',1,'2021-04-01 19:00:58',NULL,NULL,NULL),('C101400','RL Label 현황','C100000','Dashboard','','',NULL,'Y',1,'2021-04-01 19:00:58',NULL,NULL,NULL),('C101500','RL Router 현황','C100000','Dashboard','','',NULL,'Y',1,'2021-04-01 19:00:58',NULL,NULL,NULL),('C101600','RL Unloader 현황','C100000','Dashboard','','',NULL,'Y',1,'2021-04-01 19:00:58',NULL,NULL,NULL),('C200000','가동률','C000000','화면영역','','',NULL,'Y',1,'2021-04-01 19:00:58',NULL,NULL,NULL),('C201000','날짜/장비별 가동통계','C200000','가동률','','',NULL,'Y',1,'2021-04-01 19:00:58',NULL,NULL,NULL),('C300000','생산','C000000','화면영역','','',NULL,'Y',1,'2021-04-01 19:00:58',NULL,NULL,NULL),('C301000','날짜/장비별 가동통계','C300000','생산','','',NULL,'Y',1,'2021-04-01 19:00:58',NULL,NULL,NULL),('C302000','날짜/장비별 생산현황','C300000','생산','','',NULL,'Y',1,'2021-04-01 19:00:58',NULL,NULL,NULL),('C400000','ALARM','C000000','화면영역','','',NULL,'Y',1,'2021-04-01 19:00:58',NULL,NULL,NULL),('C401000','날짜/장비별 Alarm현황','C400000','ALARM','','',NULL,'Y',1,'2021-04-01 19:00:58',NULL,NULL,NULL),('C990000','시스템 관리','C000000','화면영역','','',NULL,'Y',1,'2021-04-01 19:00:58',NULL,NULL,NULL),('C991000','사용자관리','C990000','시스템 관리','','',NULL,'Y',1,'2021-04-01 19:00:58',NULL,NULL,NULL),('C992000','권한 관리','C990000','시스템 관리','','',NULL,'Y',1,'2021-04-01 19:00:58',NULL,NULL,NULL),('C993000','코드 관리','C990000','시스템 관리','','',NULL,'Y',1,'2021-04-01 19:00:58',NULL,NULL,NULL),('C994000','설비관리','C990000','시스템 관리','','',NULL,'Y',1,'2021-04-01 19:00:58',NULL,NULL,NULL),('C995000','Non-Secs Width관리','C990000','시스템 관리','','',NULL,'Y',1,'2021-04-01 19:00:58',NULL,NULL,NULL),('D001000','직책','D000000','공통코드',NULL,' ',1,'Y',1,'2021-05-04 14:45:46',NULL,NULL,NULL),('D001001','사원','D001000','직책','01',' ',1,'Y',1,'2021-05-04 14:45:46',NULL,NULL,NULL),('D001002','대리','D001000','직책','02',' ',2,'Y',1,'2021-05-04 14:45:46',NULL,NULL,NULL),('D001003','과장','D001000','직책','03',' ',3,'Y',1,'2021-05-04 14:45:46',NULL,NULL,NULL),('D001004','차장','D001000','직책','04',' ',4,'Y',1,'2021-05-04 14:45:46',NULL,NULL,NULL),('D001005','매니저','D001000','직책','05',' ',5,'Y',1,'2021-05-04 14:45:46',NULL,NULL,NULL),('D001006','주임','D001000','직책','06',' ',6,'Y',1,'2021-05-04 14:45:46',NULL,NULL,NULL),('D001007','선임','D001000','직책','10',' ',7,'Y',1,'2021-05-04 14:45:46',NULL,NULL,NULL),('D001008','연구원','D001000','직책','11',' ',8,'Y',1,'2021-05-04 14:45:46',NULL,NULL,NULL),('D001009','선임매니저','D001000','직책','12',' ',9,'Y',1,'2021-05-04 14:45:46',NULL,NULL,NULL),('D001010','선임연구원','D001000','직책','13',' ',10,'Y',1,'2021-05-04 14:45:46',NULL,NULL,NULL),('D001011','책임매니저','D001000','직책','14',' ',11,'Y',1,'2021-05-04 14:45:46',NULL,NULL,NULL),('D001012','책임연구원','D001000','직책','15',' ',12,'Y',1,'2021-05-04 14:45:46',NULL,NULL,NULL),('D001013','수석매니저','D001000','직책','16',' ',13,'Y',1,'2021-05-04 14:45:46',NULL,NULL,NULL),('D001014','수석연구원','D001000','직책','17',' ',14,'Y',1,'2021-05-04 14:45:46',NULL,NULL,NULL),('D001015','대표이사','D001000','직책','A1',' ',15,'Y',1,'2021-05-04 14:45:46',NULL,NULL,NULL),('D001016','임원','D001000','직책','A2',' ',16,'Y',1,'2021-05-04 14:45:46',NULL,NULL,NULL),('D001017','임원','D001000','직책','ZZ01',' ',17,'Y',1,'2021-05-04 14:45:46',NULL,NULL,NULL),('D001018','Director','D001000','직책','ZZ05',' ',18,'Y',1,'2021-05-04 14:45:46',NULL,NULL,NULL),('D001019','Associate Director','D001000','직책','ZZ10',' ',19,'Y',1,'2021-05-04 14:45:46',NULL,NULL,NULL),('D001020','Manager','D001000','직책','ZZ15',' ',20,'Y',1,'2021-05-04 14:45:46',NULL,NULL,NULL),('D001021','Manager','D001000','직책','ZZ20',' ',21,'Y',1,'2021-05-04 14:45:46',NULL,NULL,NULL),('D002000','공통_[권한관리]','D000000','공통코드','','',0,'Y',1,'0000-00-00 00:00:00',NULL,NULL,NULL),('D002001','시스템관리자 ','D002000','공통_[권한관리]','','',1,'Y',1,'0000-00-00 00:00:00',NULL,NULL,NULL),('D002002','일반사용자','D002000','공통_[권한관리]','','',2,'Y',1,'0000-00-00 00:00:00',NULL,NULL,NULL),('D002003','테스트그룹','D002000','공통_[권한관리]','','',3,'Y',1,'2021-04-01 18:58:54',NULL,NULL,NULL),('D002004','test permission','D002000','공통_[권한관리]',NULL,'',4,'N',1,'2021-04-06 05:29:22',NULL,'2021-04-06 05:29:22',NULL),('D003000','공통_[직급]','D000000','공통코드','','',0,'Y',1,'0000-00-00 00:00:00',NULL,NULL,NULL),('D003001','팀원','D003000','공통_[직급]','','',1,'Y',1,'0000-00-00 00:00:00',NULL,NULL,NULL),('D003002','팀장','D003000','공통_[직급]','','',2,'Y',1,'0000-00-00 00:00:00',NULL,NULL,NULL),('D004000','EQP ID','D000000','공통코드','','',NULL,'Y',1,'2021-04-01 19:00:58',NULL,NULL,NULL),('D004001','CM01','D004000','EQP ID','','',1,'Y',1,'2021-04-01 18:58:54',NULL,NULL,NULL),('D004002','CM02','D004000','EQP ID','','',2,'Y',1,'2021-04-01 18:58:54',NULL,NULL,NULL),('D004003','CM03','D004000','EQP ID','','',3,'Y',1,'2021-04-01 18:58:54',NULL,NULL,NULL),('D004004','CM04','D004000','EQP ID','','',4,'Y',1,'2021-04-01 18:58:54',NULL,NULL,NULL),('D004005','CM05','D004000','EQP ID','','',5,'Y',1,'2021-04-01 18:58:54',NULL,NULL,NULL),('D004006','CM06','D004000','EQP ID','','',6,'Y',1,'2021-04-01 18:58:54',NULL,NULL,NULL),('D005000','설비종류','D000000','공통코드','','',NULL,'Y',1,'2021-04-01 19:00:58',NULL,NULL,NULL),('D005001','Loader','D005000','설비종류','CLO','',1,'Y',1,'2021-05-13 01:51:56',NULL,NULL,NULL),('D005002','Print','D005000','설비종류','CSP','',2,'Y',1,'2021-05-13 01:52:00',NULL,NULL,NULL),('D005004','SPI','D005000','설비종류','SPI','',4,'Y',1,'2021-05-13 01:52:04',NULL,NULL,NULL),('D005005','고속기  ','D005000','설비종류','NPM','',5,'Y',1,'2021-05-13 01:52:16',NULL,NULL,NULL),('D005006','이형기   ','D005000','설비종류','NXT','',6,'Y',1,'2021-05-13 01:52:19',NULL,NULL,NULL),('D005007','2D AOI  ','D005000','설비종류','2AI','',7,'Y',1,'2021-05-13 01:52:25',NULL,NULL,NULL),('D005009','Reflow  ','D005000','설비종류','SRW','',9,'Y',1,'2021-05-13 01:52:48',NULL,NULL,NULL),('D005012','3D AOI','D005000','설비종류','3AI','',12,'Y',1,'2021-05-13 01:52:54',NULL,NULL,NULL),('D005013','Unloader','D005000','설비종류','CUL','',13,'Y',1,'2021-05-13 01:53:02',NULL,NULL,NULL),('D006000','Maker','D000000','공통코드','','',NULL,'Y',1,'2021-04-01 19:00:58',NULL,NULL,NULL),('D006001','SPEEDLINE','D006000','Maker','','',1,'Y',1,'2021-04-01 18:58:54',NULL,NULL,NULL),('D006002','HELLER','D006000','Maker','','',2,'Y',1,'2021-04-01 18:58:54',NULL,NULL,NULL),('D006003','FUJI','D006000','Maker','','',3,'Y',1,'2021-04-01 18:58:54',NULL,NULL,NULL),('D006004','CYBER OPTICS','D006000','Maker','','',4,'Y',1,'2021-04-01 18:58:54',NULL,NULL,NULL),('D006005','FAMECS','D006000','Maker','','',5,'Y',1,'2021-04-01 18:58:54',NULL,NULL,NULL),('D006006','PANASONIC','D006000','Maker','','',6,'Y',1,'2021-04-01 18:58:54',NULL,NULL,NULL),('D006007','KOHYOUNG','D006000','Maker','','',7,'Y',1,'2021-04-01 18:58:54',NULL,NULL,NULL),('D007000','Model Type','D000000','공통코드','','',NULL,'Y',1,'2021-04-01 19:00:58',NULL,NULL,NULL),('D007001','MOMENTUM ELITE','D007000','Model Type','','',1,'Y',1,'2021-04-01 18:58:54',NULL,NULL,NULL),('D007002','1810MKⅢ_REFLOW','D007000','Model Type','','',2,'Y',1,'2021-04-01 18:58:54',NULL,NULL,NULL),('D007003','NXT3 M6','D007000','Model Type','','',3,'Y',1,'2021-04-01 18:58:54',NULL,NULL,NULL),('D007004','QX500_AOI','D007000','Model Type','','',4,'Y',1,'2021-04-01 18:58:54',NULL,NULL,NULL),('D007005','SQ3000','D007000','Model Type','','',5,'Y',1,'2021-04-01 18:58:54',NULL,NULL,NULL),('D007006','FFB1100E_CB','D007000','Model Type','','',6,'Y',1,'2021-04-01 18:58:54',NULL,NULL,NULL),('D007007','NPM-D3','D007000','Model Type','','',7,'Y',1,'2021-04-01 18:58:54',NULL,NULL,NULL),('D007008','KY8030-3','D007000','Model Type','','',8,'Y',1,'2021-04-01 18:58:54',NULL,NULL,NULL),('D007009','FTCU1000AS_PER_TCU','D007000','Model Type','','',9,'Y',1,'2021-04-01 18:58:54',NULL,NULL,NULL),('D008000','PCB종류','D000000','공통코드','','',NULL,'Y',1,'2021-04-01 19:00:58',NULL,NULL,NULL),('D008001','DRAM (R-DIMM)','D008000','PCB종류','','',1,'Y',1,'2021-04-01 18:58:54',NULL,NULL,NULL),('D008002','DRAM (UB-DIMM)','D008000','PCB종류','','',2,'Y',1,'2021-04-01 18:58:54',NULL,NULL,NULL),('D008003','DRAM (SO-DIMM)','D008000','PCB종류','','',3,'Y',1,'2021-04-01 18:58:54',NULL,NULL,NULL),('D008004','SSD (R-DIMM)','D008000','PCB종류','','',4,'Y',1,'2021-04-01 18:58:54',NULL,NULL,NULL),('D008005','SSD (UB-DIMM)','D008000','PCB종류','','',5,'Y',1,'2021-04-01 18:58:54',NULL,NULL,NULL),('D008006','SSD (SO-DIMM)','D008000','PCB종류','','',6,'Y',1,'2021-04-01 18:58:54',NULL,NULL,NULL),('D009000','Non Secs 설비종류','D000000','공통코드','','',NULL,'Y',1,'2021-04-01 19:00:58',NULL,NULL,NULL),('D009001','SPI Buffer','D009000','Non-Secs 설비종류','','',1,'Y',1,'2021-04-01 18:58:54',NULL,NULL,NULL),('D009002','TCL','D009000','Non-Secs 설비종류','','',2,'Y',1,'2021-04-01 18:58:54',NULL,NULL,NULL),('D009003','TCL Buffer','D009000','Non-Secs 설비종류','','',3,'Y',1,'2021-04-01 18:58:54',NULL,NULL,NULL),('D009004','고속기 Buffer','D009000','Non-Secs 설비종류','','',4,'Y',1,'2021-04-01 18:58:54',NULL,NULL,NULL),('D009005','이형기 Buffer','D009000','Non-Secs 설비종류','','',5,'Y',1,'2021-04-01 18:58:54',NULL,NULL,NULL),('D009006','2D AOI Buffer','D009000','Non-Secs 설비종류','','',6,'Y',1,'2021-04-01 18:58:54',NULL,NULL,NULL),('D009007','Cooling Buffer','D009000','Non-Secs 설비종류','','',7,'Y',1,'2021-04-01 18:58:54',NULL,NULL,NULL),('D009008','TCU','D009000','Non-Secs 설비종류','','',8,'Y',1,'2021-04-01 18:58:54',NULL,NULL,NULL),('D009009','Turn Buffer(NG Buffer)','D009000','Non-Secs 설비종류','','',9,'Y',1,'2021-04-01 18:58:54',NULL,NULL,NULL),('D009010','인버터','D009000','Non-Secs 설비종류','','',10,'Y',1,'2021-04-01 18:58:54',NULL,NULL,NULL),('D010000','화면 로딩 시간 설정','D000000','공통코드','','',0,'Y',1,'0000-00-00 00:00:00',NULL,NULL,NULL),('D010001','60','D010000','화면 로딩 시간 설정','C100100(화면ID)','시간은 초 기준으로 설정',NULL,'Y',1,'2021-04-21 01:22:43',NULL,NULL,NULL),('D010002','ICMOD','D010000','FACTORY',NULL,'',NULL,'Y',1,'0000-00-00 00:00:00',NULL,NULL,NULL),('D011000','가동율 시작 시간 기준 설정','D000000','공통코드','','',NULL,'Y',1,'0000-00-00 00:00:00',NULL,NULL,NULL),('D011001','7:30','D011000','가동율 시작 시간 기준 설정','','시작 시간은 24시간 기준으로 \'시-분\'으로 설정',NULL,'Y',1,'0000-00-00 00:00:00',NULL,NULL,NULL),('D011002','IDLE','D011000','EQP_STATUS','','',1,'Y',1,'2021-04-01 18:58:54',NULL,NULL,NULL),('D011003','STAND BY','D011000','EQP_STATUS','','',1,'Y',1,'2021-04-01 18:58:54',NULL,NULL,NULL),('D011004','RUN','D011000','EQP_STATUS','','',1,'Y',1,'2021-04-01 18:58:54',NULL,NULL,NULL),('D011005','PAUSE','D011000','EQP_STATUS','','',1,'Y',1,'2021-04-01 18:58:54',NULL,NULL,NULL),('D011006','DOWN','D011000','EQP_STATUS',NULL,NULL,2,'Y',1,'2021-04-24 23:20:33',NULL,NULL,NULL),('D012000','설비관리 Factory명','D000000','공통코드','','',NULL,'Y',1,'0000-00-00 00:00:00',NULL,NULL,NULL),('D012001','ICMOD','D012000','설비관리 Factory명','','',NULL,'Y',1,'0000-00-00 00:00:00',NULL,NULL,NULL),('D012002','OFF-LINE','D012000','CONTROL_STATUS','','',1,'Y',1,'2021-04-24 23:40:24',NULL,'2021-04-24 23:40:24',NULL),('D012003','ON-LINE REMOTE','D012000','CONTROL_STATUS','','',1,'Y',1,'2021-04-24 23:39:47',NULL,'2021-04-24 23:39:47',NULL),('D012004','ON-LINE','D012000','CONTROL_STATUS',NULL,'',2,'Y',1,'2021-04-24 23:40:12',NULL,'2021-04-24 23:40:12',NULL),('D013000','설비관리 라인명','D000000','공통코드','','',NULL,'Y',1,'0000-00-00 00:00:00',NULL,NULL,NULL),('D013001','CM01','D013000','설비관리 라인명','','',NULL,'Y',1,'0000-00-00 00:00:00',NULL,NULL,NULL),('D013002','CM02','D013000','설비관리 라인명','','',NULL,'Y',1,'0000-00-00 00:00:00',NULL,NULL,NULL),('D014000','설비관리 설비종류','D000000','공통코드','','',NULL,'Y',1,'0000-00-00 00:00:00',NULL,NULL,NULL),('D014001','Print','D014000','설비관리 설비종류','','',NULL,'Y',1,'0000-00-00 00:00:00',NULL,NULL,NULL),('D014002','SPI','D014000','설비관리 설비종류','','',NULL,'Y',1,'0000-00-00 00:00:00',NULL,NULL,NULL),('D014003','Non SECS ','D014000','설비관리 설비종류','','',NULL,'Y',1,'0000-00-00 00:00:00',NULL,NULL,NULL),('D014004','고속기','D014000','설비관리 설비종류','','',NULL,'Y',1,'0000-00-00 00:00:00',NULL,NULL,NULL),('D014005','이형기','D014000','설비관리 설비종류','','',NULL,'Y',1,'0000-00-00 00:00:00',NULL,NULL,NULL),('D014006','2D AOI','D014000','설비관리 설비종류','','',NULL,'Y',1,'0000-00-00 00:00:00',NULL,NULL,NULL),('D014007','Reflow','D014000','설비관리 설비종류','','',NULL,'Y',1,'0000-00-00 00:00:00',NULL,NULL,NULL),('D014008','3D AOI','D014000','설비관리 설비종류','','',NULL,'Y',1,'0000-00-00 00:00:00',NULL,NULL,NULL),('D014009','Unloader','D014000','설비관리 설비종류','','',NULL,'Y',1,'0000-00-00 00:00:00',NULL,NULL,NULL),('D015000','설비관리 메이커','D000000','공통코드','','',NULL,'Y',1,'0000-00-00 00:00:00',NULL,NULL,NULL),('D015001','SPEEDLINE','D015000','설비관리 메이커','','',NULL,'Y',1,'0000-00-00 00:00:00',NULL,NULL,NULL),('D016000','설비관리 모델 타입','D000000','공통코드','','',NULL,'Y',1,'0000-00-00 00:00:00',NULL,NULL,NULL),('D016001','MOMENTUM ELITE','D016000','설비관리 모델 타입','','',NULL,'Y',1,'0000-00-00 00:00:00',NULL,NULL,NULL);
/*!40000 ALTER TABLE `IPX_COMMONCODE_20210518` ENABLE KEYS */;
UNLOCK TABLES;

--
-- Table structure for table `IPX_LOG`
--

DROP TABLE IF EXISTS `IPX_LOG`;
/*!40101 SET @saved_cs_client     = @@character_set_client */;
/*!40101 SET character_set_client = utf8 */;
CREATE TABLE `IPX_LOG` (
  `LOGSEQ` bigint(11) unsigned NOT NULL AUTO_INCREMENT COMMENT '로그SEQ',
  `PAGEID` char(7) NOT NULL COMMENT '페이지ID',
  `MODULEID` char(50) NOT NULL COMMENT '모듈ID',
  `CRUDTYPE` varchar(20) NOT NULL COMMENT '기능구분',
  `PROJECTSEQ` bigint(11) unsigned NOT NULL COMMENT '프로젝트SEQ',
  `URL` varchar(8000) NOT NULL COMMENT 'URL',
  `FORMDATA` longtext NOT NULL COMMENT '폼데이터',
  `REGISTIP` varchar(20) NOT NULL COMMENT '접속IP',
  `WUSERSEQ` bigint(11) unsigned NOT NULL COMMENT '등록자',
  `WDATE` timestamp NOT NULL DEFAULT '0000-00-00 00:00:00' ON UPDATE current_timestamp() COMMENT '등록일',
  PRIMARY KEY (`LOGSEQ`),
  KEY `FK_LOG_PAGEID` (`PAGEID`),
  KEY `FK_LOG_WUSERSEQ` (`WUSERSEQ`),
  KEY `FK_LOG_PROJECTSEQ` (`PROJECTSEQ`),
  CONSTRAINT `FK_LOG_PAGEID` FOREIGN KEY (`PAGEID`) REFERENCES `IPX_COMMONCODE` (`CODEID`),
  CONSTRAINT `FK_LOG_PROJECTSEQ` FOREIGN KEY (`PROJECTSEQ`) REFERENCES `OWP_PROJECTINFO` (`PROJECTSEQ`),
  CONSTRAINT `FK_LOG_WUSERSEQ` FOREIGN KEY (`WUSERSEQ`) REFERENCES `IPX_USER` (`USERSEQ`)
) ENGINE=InnoDB AUTO_INCREMENT=7 DEFAULT CHARSET=utf8 ROW_FORMAT=COMPACT COMMENT='Log 관리';
/*!40101 SET character_set_client = @saved_cs_client */;

--
-- Dumping data for table `IPX_LOG`
--

LOCK TABLES `IPX_LOG` WRITE;
/*!40000 ALTER TABLE `IPX_LOG` DISABLE KEYS */;
/*!40000 ALTER TABLE `IPX_LOG` ENABLE KEYS */;
UNLOCK TABLES;

--
-- Table structure for table `IPX_PAGEPERMISSION`
--

DROP TABLE IF EXISTS `IPX_PAGEPERMISSION`;
/*!40101 SET @saved_cs_client     = @@character_set_client */;
/*!40101 SET character_set_client = utf8 */;
CREATE TABLE `IPX_PAGEPERMISSION` (
  `PERMISSIONSEQ` bigint(11) unsigned NOT NULL AUTO_INCREMENT COMMENT '권한관리SEQ',
  `PERMISSIONID` char(7) NOT NULL COMMENT '권한그룹ID',
  `PAGEID` char(7) NOT NULL COMMENT '페이지ID',
  `FUNC` char(1) NOT NULL COMMENT '등록권한',
  `FUNR` char(1) NOT NULL COMMENT '읽기권한',
  `FUNU` char(1) NOT NULL COMMENT '수정권한',
  `FUND` char(1) NOT NULL COMMENT '삭제권한',
  `RANGE` char(1) NOT NULL COMMENT '범위',
  `FLAG` char(1) NOT NULL COMMENT '사용여부',
  `WUSERSEQ` bigint(11) unsigned NOT NULL COMMENT '등록자',
  `WDATE` timestamp NOT NULL DEFAULT '0000-00-00 00:00:00' ON UPDATE current_timestamp() COMMENT '등록일',
  `MUSERSEQ` bigint(11) unsigned DEFAULT NULL COMMENT '수정자',
  `MDATE` timestamp NULL DEFAULT NULL COMMENT '수정일',
  `LOGSEQ` varchar(5000) DEFAULT NULL COMMENT '로그SEQ',
  PRIMARY KEY (`PERMISSIONSEQ`),
  KEY `FK_PERMISSIONID` (`PERMISSIONID`),
  KEY `FK_PAGEID` (`PAGEID`),
  KEY `IPX_PAGEPERMISSION_FK` (`WUSERSEQ`),
  CONSTRAINT `FK_PAGEID` FOREIGN KEY (`PAGEID`) REFERENCES `IPX_COMMONCODE` (`CODEID`),
  CONSTRAINT `FK_PERMISSIONID` FOREIGN KEY (`PERMISSIONID`) REFERENCES `IPX_COMMONCODE` (`CODEID`),
  CONSTRAINT `IPX_PAGEPERMISSION_FK` FOREIGN KEY (`WUSERSEQ`) REFERENCES `IPX_USER` (`USERSEQ`)
) ENGINE=InnoDB AUTO_INCREMENT=46 DEFAULT CHARSET=utf8 ROW_FORMAT=COMPACT COMMENT='사용자별 페이지 권한';
/*!40101 SET character_set_client = @saved_cs_client */;

--
-- Dumping data for table `IPX_PAGEPERMISSION`
--

LOCK TABLES `IPX_PAGEPERMISSION` WRITE;
/*!40000 ALTER TABLE `IPX_PAGEPERMISSION` DISABLE KEYS */;
/*!40000 ALTER TABLE `IPX_PAGEPERMISSION` ENABLE KEYS */;
UNLOCK TABLES;

--
-- Table structure for table `IPX_SYSTEMMANAGE`
--

DROP TABLE IF EXISTS `IPX_SYSTEMMANAGE`;
/*!40101 SET @saved_cs_client     = @@character_set_client */;
/*!40101 SET character_set_client = utf8 */;
CREATE TABLE `IPX_SYSTEMMANAGE` (
  `SESSIONEXPIREMINUTE` int(3) unsigned NOT NULL COMMENT '자동 로그아웃 시간 설정(분)',
  `MAXLOAGINFAILCOUNT` int(2) unsigned NOT NULL COMMENT '비밀번호 연속 실패 횟수',
  `PASSWORDEXPIREPERIOD` int(3) unsigned NOT NULL COMMENT '로그인 비밀번호 유효기간(일)',
  `NOTICEBEFOREPASSWORDEXPIRE` int(2) unsigned NOT NULL COMMENT '로그인 비밀번호 만료일 전 알림(일)'
) ENGINE=InnoDB DEFAULT CHARSET=utf8 ROW_FORMAT=COMPACT COMMENT='시스템 설정 관리';
/*!40101 SET character_set_client = @saved_cs_client */;

--
-- Dumping data for table `IPX_SYSTEMMANAGE`
--

LOCK TABLES `IPX_SYSTEMMANAGE` WRITE;
/*!40000 ALTER TABLE `IPX_SYSTEMMANAGE` DISABLE KEYS */;
INSERT INTO `IPX_SYSTEMMANAGE` VALUES (7200,0,120,120);
/*!40000 ALTER TABLE `IPX_SYSTEMMANAGE` ENABLE KEYS */;
UNLOCK TABLES;

--
-- Table structure for table `IPX_USER`
--

DROP TABLE IF EXISTS `IPX_USER`;
/*!40101 SET @saved_cs_client     = @@character_set_client */;
/*!40101 SET character_set_client = utf8 */;
CREATE TABLE `IPX_USER` (
  `USERSEQ` bigint(11) unsigned NOT NULL AUTO_INCREMENT COMMENT '사용자Seq',
  `USERID` varchar(30) NOT NULL COMMENT '사용자ID',
  `USERPASSWORD` varchar(50) NOT NULL COMMENT '비밀번호',
  `USERNAME` varchar(50) NOT NULL COMMENT '사용자명',
  `PERMISSIONID` char(7) NOT NULL COMMENT '권한ID',
  `DEPTID` char(7) NOT NULL COMMENT '부서ID',
  `RANKID` char(7) NOT NULL COMMENT '직급',
  `TEL` varchar(20) DEFAULT NULL COMMENT '연락처',
  `EMAIL` varchar(200) DEFAULT NULL COMMENT '이메일',
  `REMARK` varchar(500) DEFAULT NULL COMMENT '비고',
  `COMPANYID` char(7) DEFAULT NULL COMMENT '기업ID(공통코드)',
  `DIVISIONID` char(7) DEFAULT NULL COMMENT '사업장ID',
  `ACCOUNTUNITID` char(7) DEFAULT NULL COMMENT '회계구분',
  `USERNO` varchar(50) DEFAULT NULL COMMENT '사원번호',
  `RESETPASSWORDYN` char(1) DEFAULT '' COMMENT '비밀번호초기화여부(초기값 : 0, 비밀번호 초기화시 1로 업데이트)',
  `INITIALPASSWORDCHANGEFLAG` char(1) DEFAULT NULL COMMENT '초기비밀번호 변경여부',
  `LASTPASSWORDCHANGEDATE` timestamp NULL DEFAULT NULL COMMENT '비밀번호 최종변경일',
  `LOCKFLAG` char(1) NOT NULL COMMENT '계정잠김여부',
  `FLAG` char(1) NOT NULL COMMENT '사용여부',
  `WUSERSEQ` bigint(11) unsigned NOT NULL COMMENT '등록자',
  `WDATE` timestamp NOT NULL DEFAULT '0000-00-00 00:00:00' ON UPDATE current_timestamp() COMMENT '등록일',
  `MDATE` timestamp NULL DEFAULT NULL COMMENT '수정일',
  `LOGSEQ` varchar(1000) DEFAULT NULL COMMENT '로그Seq',
  PRIMARY KEY (`USERSEQ`)
) ENGINE=InnoDB AUTO_INCREMENT=3 DEFAULT CHARSET=utf8 ROW_FORMAT=COMPACT COMMENT='사용자';
/*!40101 SET character_set_client = @saved_cs_client */;

--
-- Dumping data for table `IPX_USER`
--

LOCK TABLES `IPX_USER` WRITE;
/*!40000 ALTER TABLE `IPX_USER` DISABLE KEYS */;
INSERT INTO `IPX_USER` VALUES (1,'admin','a29a16f302105451251559d5175c7bf2','Admin','D002001','A001002','D003001','010-0000-0000',NULL,NULL,NULL,NULL,NULL,NULL,'',NULL,'2020-12-30 00:39:52','N','Y',0,'2021-04-22 07:02:28','2019-12-30 00:40:23',NULL),(2,'testkim','1','김테스트','D002002','A001009','D001002',NULL,NULL,'test1',NULL,NULL,NULL,NULL,'',NULL,NULL,'N','Y',0,'2021-05-04 15:18:02','2021-05-04 15:18:02',NULL);
/*!40000 ALTER TABLE `IPX_USER` ENABLE KEYS */;
UNLOCK TABLES;

--
-- Table structure for table `IPX_USER_COPY`
--

DROP TABLE IF EXISTS `IPX_USER_COPY`;
/*!40101 SET @saved_cs_client     = @@character_set_client */;
/*!40101 SET character_set_client = utf8 */;
CREATE TABLE `IPX_USER_COPY` (
  `USERSEQ` bigint(11) unsigned NOT NULL DEFAULT 0 COMMENT '사용자Seq',
  `USERID` varchar(30) NOT NULL COMMENT '사용자ID',
  `USERPASSWORD` varchar(50) NOT NULL COMMENT '비밀번호',
  `USERNAME` varchar(50) NOT NULL COMMENT '사용자명',
  `PERMISSIONID` char(7) NOT NULL COMMENT '권한ID',
  `DEPTID` char(7) NOT NULL COMMENT '부서ID',
  `RANKID` char(7) NOT NULL COMMENT '직급',
  `TEL` varchar(20) DEFAULT NULL COMMENT '연락처',
  `EMAIL` varchar(200) DEFAULT NULL COMMENT '이메일',
  `REMARK` varchar(500) DEFAULT NULL COMMENT '비고',
  `COMPANYID` char(7) DEFAULT NULL COMMENT '기업ID(공통코드)',
  `DIVISIONID` char(7) DEFAULT NULL COMMENT '사업장ID',
  `ACCOUNTUNITID` char(7) DEFAULT NULL COMMENT '회계구분',
  `USERNO` varchar(50) DEFAULT NULL COMMENT '사원번호',
  `RESETPASSWORDYN` char(1) DEFAULT '' COMMENT '비밀번호초기화여부(초기값 : 0, 비밀번호 초기화시 1로 업데이트)',
  `INITIALPASSWORDCHANGEFLAG` char(1) DEFAULT NULL COMMENT '초기비밀번호 변경여부',
  `LASTPASSWORDCHANGEDATE` timestamp NULL DEFAULT NULL COMMENT '비밀번호 최종변경일',
  `LOCKFLAG` char(1) NOT NULL COMMENT '계정잠김여부',
  `FLAG` char(1) NOT NULL COMMENT '사용여부',
  `WUSERSEQ` bigint(11) unsigned NOT NULL COMMENT '등록자',
  `WDATE` timestamp NOT NULL DEFAULT '0000-00-00 00:00:00' ON UPDATE current_timestamp() COMMENT '등록일',
  `MDATE` timestamp NULL DEFAULT NULL COMMENT '수정일',
  `LOGSEQ` varchar(1000) DEFAULT NULL COMMENT '로그Seq'
) ENGINE=InnoDB DEFAULT CHARSET=utf8;
/*!40101 SET character_set_client = @saved_cs_client */;

--
-- Dumping data for table `IPX_USER_COPY`
--

LOCK TABLES `IPX_USER_COPY` WRITE;
/*!40000 ALTER TABLE `IPX_USER_COPY` DISABLE KEYS */;
INSERT INTO `IPX_USER_COPY` VALUES (1,'admin','a29a16f302105451251559d5175c7bf2','Admin','D002001','A001002','D003001','010-0000-0000',NULL,NULL,NULL,NULL,NULL,NULL,'',NULL,'2020-12-30 00:39:52','N','Y',0,'2021-04-22 07:02:28','2019-12-30 00:40:23',NULL),(2,'testkim','1','김테스트','D002002','A001009','D001002',NULL,NULL,'test1',NULL,NULL,NULL,NULL,'',NULL,NULL,'N','Y',0,'2021-05-04 15:18:02','2021-05-04 15:18:02',NULL);
/*!40000 ALTER TABLE `IPX_USER_COPY` ENABLE KEYS */;
UNLOCK TABLES;

--
-- Table structure for table `OWP_2DAOI_OUTPUT`
--

DROP TABLE IF EXISTS `OWP_2DAOI_OUTPUT`;
/*!40101 SET @saved_cs_client     = @@character_set_client */;
/*!40101 SET character_set_client = utf8 */;
CREATE TABLE `OWP_2DAOI_OUTPUT` (
  `OUTPUT_DATE` char(8) NOT NULL,
  `OUTPUT_DATESEQ` bigint(11) unsigned NOT NULL AUTO_INCREMENT,
  `EQUIPSEQ` bigint(11) NOT NULL COMMENT 'MOI EdgePC에서 프로그램실행시 \r\n설비SEQ값을 구해온다.\r\n각각의 설비마다 고정값으로 조회한다.',
  `EQP_ID` char(7) NOT NULL COMMENT 'CM01, CM02\r\n---\r\nGroupID=D004000',
  `EQP_TYPE` char(7) NOT NULL COMMENT 'PRINT, SPI,~\r\n---\r\nGroupID=D005000',
  `PCB_ID` varchar(100) NOT NULL,
  `PPExecName` varchar(100) NOT NULL,
  `Panel_width` varchar(20) NOT NULL,
  `CONTROL_STATUS` char(7) NOT NULL COMMENT 'GroupID=D012000',
  `PCB_ID2` varchar(100) NOT NULL,
  `CONFIRM_FLAG2` char(1) NOT NULL,
  `LOT_ID2` varchar(100) NOT NULL,
  `RECIPE_NAME2` varchar(500) DEFAULT NULL,
  `PROD_ID2` varchar(100) DEFAULT NULL,
  `OPER_ID2` varchar(100) DEFAULT NULL,
  `CONFIRM_MSG2` varchar(500) DEFAULT NULL,
  `PCB_ID3` varchar(100) DEFAULT NULL,
  `ORIGINLOCATION3` int(4) DEFAULT NULL,
  `ROWS3` int(4) DEFAULT NULL,
  `COLUMNS3` int(4) DEFAULT NULL,
  `CELL_STATUS3` varchar(100) DEFAULT NULL,
  `LOT_ID3` varchar(100) DEFAULT NULL,
  `CELL_GRADE3` varchar(500) DEFAULT NULL COMMENT 'The GRADE for PCB_UNIT_ID3 is separated by "," and registered.',
  `PCB_UNIT_ID3` varchar(500) DEFAULT NULL COMMENT 'UNIT_ID is separated by "," and registered',
  `TACT_TIME3` varchar(100) DEFAULT NULL,
  `CYCLE_TIME3` varchar(100) DEFAULT NULL,
  `NG_PCB_ID3` varchar(100) DEFAULT NULL,
  `NG_PCB_UNIT_ID3` varchar(500) DEFAULT NULL COMMENT 'NG_UNIT_ID is separated by "," and registered',
  `NG_PCB_Location3` varchar(500) DEFAULT NULL COMMENT 'The location for NG_UNIT_ID3 is separated by "," and registered.',
  `INSPECTION_RESULT3` char(2) DEFAULT NULL,
  `REVIEW_RESULT3` char(2) DEFAULT NULL,
  `WDATE` timestamp NULL DEFAULT NULL ON UPDATE current_timestamp(),
  PRIMARY KEY (`OUTPUT_DATESEQ`) USING BTREE,
  KEY `OUTPUT_DATE` (`OUTPUT_DATE`,`OUTPUT_DATESEQ`) USING BTREE
) ENGINE=InnoDB AUTO_INCREMENT=38 DEFAULT CHARSET=utf8 ROW_FORMAT=DYNAMIC;
/*!40101 SET character_set_client = @saved_cs_client */;

--
-- Dumping data for table `OWP_2DAOI_OUTPUT`
--

LOCK TABLES `OWP_2DAOI_OUTPUT` WRITE;
/*!40000 ALTER TABLE `OWP_2DAOI_OUTPUT` DISABLE KEYS */;
INSERT INTO `OWP_2DAOI_OUTPUT` VALUES ('20210512',17,1,'D004001','D005001','KR3066027A0000000000001000A00000','S3671-005-010001-AD-FJ','1400.45','D012002','KR3066027A0000000000001000A00000','T','WI06N0985I-01A','S3671-005-010001-AD-FJ','MAIPS20070ST4RFA1B-002','5200','CONFIRM_F_COMMENT','KR3066027A0000000000001000A00010',1,1,1,'1111111','WI06N0985I','3333331','KR3066027A0000000000001000A10000','0:05:04','0:05:04','UR3077801A08061DX400000096F00000','UR3077801A08061DX400000096F10000,UR3077801A08061DX400000096F20000,UR3077801A08061DX400000096F30000','Board1.BC10_NG,Board2.BC10_NG,Board3.BC10_NG','NG','NA','2021-05-11 15:19:25'),('20210512',18,1,'D004001','D005009','KR3066027A0000000000001000A00001','S3671-005-010001-AD-FJ','1400.45','D012003','KR3066027A0000000000001000A00001','T','WI06N0985I-01A','S3671-005-010001-AD-FJ','MAIPS20070ST4RFA1B-002','5200','CONFIRM_Frue','KR3066027A0000000000001000A00000',1,1,2,'2222221','WI06N0985I','3333331','KR3066027A0000000000001000A10000','0:05:08','0:05:15','UR3077801A08061DX400000096F00000','UR3077801A08061DX400000096F10000,UR3077801A08061DX400000096F20000,UR3077801A08061DX400000096F30000','Board1.BC10_NG,Board2.BC10_NG,Board3.BC10_NG','NG','NA','2021-05-11 15:19:25'),('20210512',19,1,'D004001','D005006','KR3066027A0000000000001000A00002','S3671-005-010001-AD-FJ','1450.45','D012004','KR3066027A0000000000001000A00002','T','WI06N0985I-01A','S3671-005-010001-AD-FJ','MAIPS20070ST4RFA1B-002','5300','CONFIRM_Frue','KR3066027A0000000000001000A00001',2,1,3,'1111111','WI06N0986I','3333331','KR3066027A0000000000001000A10000','0:05:15','0:05:15','UR3077801A08061DX400000096F00000','UR3077801A08061DX400000096F10000,UR3077801A08061DX400000096F20000,UR3077801A08061DX400000096F30000','Board1.BC10_NG,Board2.BC10_NG,Board3.BC10_NG','NG','NA','2021-05-11 15:19:25'),('20210512',20,1,'D004001','D005006','KR3066027A0000000000001000A00003','S3671-005-010001-AD-FJ','1500.3','D012002','KR3066027A0000000000001000A00003','R','WI06N0985I-01A','S3671-005-010001-AD-FJ','MAIPS20070ST4RFA1B-002','5400','CONFIRM_Frue','KR3066027A0000000000001000A00002',2,1,4,'2222221','WI06N0996I','3333331','KR3066027A0000000000001000A10000','0:06:04','0:06:04','UR3077801A08061DX400000096F00000','UR3077801A08061DX400000096F10000,UR3077801A08061DX400000096F20000,UR3077801A08061DX400000096F30000','Board1.BC10_NG,Board2.BC10_NG,Board3.BC10_NG','NG','NA','2021-05-11 15:19:25'),('20210512',21,5,'D004001','D005007','KR3066027A0000000000001000A00004','S3671-005-010001-AD-FJ','1500.3','D012002','KR3066027A0000000000001000A00004','R','WI06N0996I','S3671-005-010001-AD-FJ','MAIPS20070ST4RFA1B-002','5400','TEST BY ANH','KR3066027A0000000000001000A00003',3,2,5,'2222221','WI06N0996I','3333331','KR3066027A0000000000001000A10000','0:05:13','0:05:08','UR3077801A08061DX400000096F00000','UR3077801A08061DX400000096F10000,UR3077801A08061DX400000096F20000,UR3077801A08061DX400000096F30000','Board1.BC10_NG,Board2.BC10_NG,Board3.BC10_NG','NG','NA','2021-05-11 15:19:25'),('20210512',22,1,'D004001','D005012','KR3066027A0000000000001000A00005','S3671-005-010001-AD-FJ','1500.3','D012003','KR3066027A0000000000001000A00005','T','WI06N0985I-01A','S3671-005-010001-AD-FJ','MAIPS20070ST4RFA1B-002','5400','CONFIRM_False','KR3066027A0000000000001000A00004',3,2,7,'2222221','WI06N0996I','3333331','KR3066027A0000000000001000A10000','0:06:04','0:05:15','UR3077801A08061DX400000096F00000','UR3077801A08061DX400000096F10000,UR3077801A08061DX400000096F20000,UR3077801A08061DX400000096F30000','Board1.BC10_NG,Board2.BC10_NG,Board3.BC10_NG','NG','NA','2021-05-11 15:19:25'),('20210512',23,1,'D004001','D005002','KR3066027A0000000000001000A00006','S3671-005-010001-AD-FJ','1460.32','D012004','KR3066027A0000000000001000A00006','R','WI06N0985I-01A','S3671-005-010001-AD-FJ','MAIPS20070ST4RFA1B-002','5400','CONFIRM_False','KR3066027A0000000000001000A00005',4,2,2,'3333331','WI06N0992I','3333331','KR3066027A0000000000001000A10000','0:05:09','0:05:09','UR3077801A08061DX400000096F00000','UR3077801A08061DX400000096F10000,UR3077801A08061DX400000096F20000,UR3077801A08061DX400000096F30000','Board1.BC10_NG,Board2.BC10_NG,Board3.BC10_NG','NG','NA','2021-05-11 15:19:25'),('20210512',24,1,'D004001','D005005','KR3066027A0000000000001000A00007','S3671-005-010001-AD-FJ','1460.32','D012002','KR3066027A0000000000001000A00007','R','WI06N0985I-01A','S3671-005-010001-AD-FJ','MAIPS20070ST4RFA1B-002','5400','CONFIRM_False','KR3066027A0000000000001000A00006',4,2,4,'3333331','WI06N0992I','3333331','KR3066027A0000000000001000A10000','0:03:11','0:03:11','UR3077801A08061DX400000096F00000','UR3077801A08061DX400000096F10000,UR3077801A08061DX400000096F20000,UR3077801A08061DX400000096F30000','Board1.BC10_NG,Board2.BC10_NG,Board3.BC10_NG','NG','NA','2021-05-11 15:19:25'),('20210512',25,16,'D004001','D005005','KR3066027A0000000000001000A16001','S3671-005-010001-AD-FJ','1400.45','D012003','KR3066027A0000000000001000A16001','T','WI06N0985I-02A','S3671-005-010002-AD-FJ','MAIPS20070ST4RFA1B-002','5200','CONFIRM_F_COMMENT','KR3066027A0000000000001000A00007',2,1,4,'3333331','WI06N0985I','3333331','KR3066027A0000000000001000A10000','0:03:04','0:05:09','UR3077801A08061DX400000096F00000','UR3077801A08061DX400000096F10000,UR3077801A08061DX400000096F20000,UR3077801A08061DX400000096F30000','Board1.BC10_NG,Board2.BC10_NG,Board3.BC10_NG','NG','NA','2021-05-11 15:19:25'),('20210512',26,16,'D004001','D005005','KR3066027A0000000000001000A16002','S3671-005-010001-AD-FJ','1400.45','D012003','KR3066027A0000000000001000A16002','T','WI06N0985I-02A','S3671-005-010002-AD-FJ','MAIPS20070ST4RFA1B-002','5200','CONFIRM_Frue','KR3066027A0000000000001000A16001',2,1,7,'1111111','WI06N0985I','3333331','KR3066027A0000000000001000A10000','0:04:08','0:04:08','UR3077801A08061DX400000096F00000','UR3077801A08061DX400000096F10000,UR3077801A08061DX400000096F20000,UR3077801A08061DX400000096F30000','Board1.BC10_NG,Board2.BC10_NG,Board3.BC10_NG','NG','NA','2021-05-11 15:19:25'),('20210512',27,16,'D004001','D005005','KR3066027A0000000000001000A16003','S3671-005-010001-AD-FJ','1450.45','D012003','KR3066027A0000000000001000A16003','T','WI06N0985I-02A','S3671-005-010002-AD-FJ','MAIPS20070ST4RFA1B-002','5300','CONFIRM_Frue','KR3066027A0000000000001000A16002',3,1,4,'1111111','WI06N0986I','3333331','KR3066027A0000000000001000A10000','0:04:17','0:04:17','UR3077801A08061DX400000096F00000','UR3077801A08061DX400000096F10000,UR3077801A08061DX400000096F20000,UR3077801A08061DX400000096F30000','Board1.BC10_NG,Board2.BC10_NG,Board3.BC10_NG','NG','NA','2021-05-11 15:19:25'),('20210512',28,16,'D004001','D005005','KR3066027A0000000000001000A16004','S3671-005-010001-AD-FJ','1500.3','D012004','KR3066027A0000000000001000A16004','R','WI06N0985I-02A','S3671-005-010002-AD-FJ','MAIPS20070ST4RFA1B-002','5400','CONFIRM_Frue','KR3066027A0000000000001000A16003',3,2,5,'1111111','WI06N0996I','3333331','KR3066027A0000000000001000A10000','0:05:04','0:04:08','UR3077801A08061DX400000096F00000','UR3077801A08061DX400000096F10000,UR3077801A08061DX400000096F20000,UR3077801A08061DX400000096F30000','Board1.BC10_NG,Board2.BC10_NG,Board3.BC10_NG','NG','NA','2021-05-11 15:19:25'),('20210512',29,16,'D004001','D005005','KR3066027A0000000000001000A16005','S3671-005-010001-AD-FJ','1500.3','D012004','KR3066027A0000000000001000A16005','R','WI06N0985I-02A','S3671-005-010002-AD-FJ','MAIPS20070ST4RFA1B-002','5400','CONFIRM_Frue','KR3066027A0000000000001000A16004',4,2,6,'2222221','WI06N0996I','3333331','KR3066027A0000000000001000A10000','0:05:15','0:05:06','UR3077801A08061DX400000096F00000','UR3077801A08061DX400000096F10000,UR3077801A08061DX400000096F20000,UR3077801A08061DX400000096F30000','Board1.BC10_NG,Board2.BC10_NG,Board3.BC10_NG','NG','NA','2021-05-11 15:19:25'),('20210512',30,16,'D004001','D005004','KR3066027A0000000000001000A16006','S3671-005-010001-AD-FJ','1500.3','D012002','KR3066027A0000000000001000A16006','T','WI06N0985I-02A','S3671-005-010002-AD-FJ','MAIPS20070ST4RFA1B-002','5400','CONFIRM_False','KR3066027A0000000000001000A16005',5,2,7,'3333331','WI06N0996I','3333331','KR3066027A0000000000001000A10000','0:04:08','0:05:15','UR3077801A08061DX400000096F00000','UR3077801A08061DX400000096F10000,UR3077801A08061DX400000096F20000,UR3077801A08061DX400000096F30000','Board1.BC10_NG,Board2.BC10_NG,Board3.BC10_NG','NG','NA','2021-05-11 15:19:25'),('20210512',31,16,'D004001','D005013','KR3066027A0000000000001000A16007','S3671-005-010001-AD-FJ','1460.32','D012002','KR3066027A0000000000001000A16007','R','WI06N0985I-02A','S3671-005-010002-AD-FJ','MAIPS20070ST4RFA1B-002','5400','CONFIRM_False','KR3066027A0000000000001000A16006',1,1,8,'3333331','WI06N0992I','3333331','KR3066027A0000000000001000A10000','0:05:10','0:05:10','UR3077801A08061DX400000096F00000','UR3077801A08061DX400000096F10000,UR3077801A08061DX400000096F20000,UR3077801A08061DX400000096F30000','Board1.BC10_NG,Board2.BC10_NG,Board3.BC10_NG','NG','NA','2021-05-11 15:19:25'),('20210512',32,16,'D004002','D005001','KR3066027A0000000000001000A16008','S3671-005-010001-AD-FJ','1460.32','D012003','KR3066027A0000000000001000A16008','R','WI06N0985I-02A','S3671-005-010002-AD-FJ','MAIPS20070ST4RFA1B-002','5400','CONFIRM_False','KR3066027A0000000000001000A16007',1,1,9,'2222221','WI06N0992I','3333331','KR3066027A0000000000001000A10000','0:05:13','0:05:13','UR3077801A08061DX400000096F00000','UR3077801A08061DX400000096F10000,UR3077801A08061DX400000096F20000,UR3077801A08061DX400000096F30000','Board1.BC10_NG,Board2.BC10_NG,Board3.BC10_NG','NG','NA','2021-05-11 15:19:25'),('20210512',33,5,'D004001','D005007','KR3066027A0000000000001000A00004','S3671-005-010001-AD-FJ','1500.3','D012002','KR3066027A0000000000001000A00005','R','WI06N0997I','S3671-005-010001-AD-FJ','MAIPS20070ST4RFA1B-002','5400','TEST BY ANH','KR3066027A0000000000001000A00003',3,2,5,'2222221','WI06N0996I','3333331','KR3066027A0000000000001000A10000','0:05:13','0:05:08','UR3077801A08061DX400000096F00000','UR3077801A08061DX400000096F10000,UR3077801A08061DX400000096F20000,UR3077801A08061DX400000096F30000','Board1.BC10_NG,Board2.BC10_NG,Board3.BC10_NG','OK','','2021-05-11 15:19:25'),('20210512',34,5,'D004001','D005007','KR3066027A0000000000001000A00004','S3671-005-010001-AD-FJ','1500.3','D012002','KR3066027A0000000000001000A00006','R','WI06N0997I','S3671-005-010001-AD-FJ','MAIPS20070ST4RFA1B-002','5400','TEST BY ANH','KR3066027A0000000000001000A00003',3,2,5,'2222221','WI06N0996I','3333331','KR3066027A0000000000001000A10000','0:05:13','0:05:08','UR3077801A08061DX400000096F00000','UR3077801A08061DX400000096F10000,UR3077801A08061DX400000096F20000,UR3077801A08061DX400000096F30000','Board1.BC10_NG,Board2.BC10_NG,Board3.BC10_NG','OK','','2021-05-11 15:19:25'),('20210512',35,5,'D004001','D005007','KR3066027A0000000000001000A00004','S3671-005-010001-AD-FJ','1500.3','D012002','KR3066027A0000000000001000A00007','R','WI06N0997I','S3671-005-010001-AD-FJ','MAIPS20070ST4RFA1B-002','5400','TEST BY ANH','KR3066027A0000000000001000A00003',3,2,5,'2222221','WI06N0996I','3333331','KR3066027A0000000000001000A10000','0:05:13','0:05:08','UR3077801A08061DX400000096F00000','UR3077801A08061DX400000096F10000,UR3077801A08061DX400000096F20000,UR3077801A08061DX400000096F30000','Board1.BC10_NG,Board2.BC10_NG,Board3.BC10_NG','OK','','2021-05-11 15:19:25'),('20210512',36,5,'D004001','D005007','KR3066027A0000000000001000A00004','S3671-005-010001-AD-FJ','1500.3','D012002','KR3066027A0000000000001000A000081','R','WI06N0997I','S3671-005-010001-AD-FJ','MAIPS20070ST4RFA1B-002','5400','TEST BY ANH','KR3066027A0000000000001000A00003',3,2,5,'2222221','WI06N0996I','3333331','KR3066027A0000000000001000A10000','0:05:13','0:05:08','UR3077801A08061DX400000096F00000','UR3077801A08061DX400000096F10000,UR3077801A08061DX400000096F20000,UR3077801A08061DX400000096F30000','Board1.BC10_NG,Board2.BC10_NG,Board3.BC10_NG','OK','','2021-05-11 15:49:37'),('20210512',37,5,'D004001','D005007','KR3066027A0000000000001000A00004','S3671-005-010001-AD-FJ','1500.3','D012002','KR3066027A0000000000001000A00009','R','WI06N0997I','S3671-005-010001-AD-FJ','MAIPS20070ST4RFA1B-002','5400','TEST BY ANH','KR3066027A0000000000001000A00003',3,2,5,'2222221','WI06N0996I','1322331','KR3066027A0000000000001000A10000','0:05:13','0:05:08','UR3077801A08061DX400000096F00000','UR3077801A08061DX400000096F10000,UR3077801A08061DX400000096F20000,UR3077801A08061DX400000096F30000','Board1.BC10_NG,Board2.BC10_NG,Board3.BC10_NG','NG','OK','2021-05-11 15:49:37');
/*!40000 ALTER TABLE `OWP_2DAOI_OUTPUT` ENABLE KEYS */;
UNLOCK TABLES;

--
-- Table structure for table `OWP_2DAOI_OUTPUT_LOG`
--

DROP TABLE IF EXISTS `OWP_2DAOI_OUTPUT_LOG`;
/*!40101 SET @saved_cs_client     = @@character_set_client */;
/*!40101 SET character_set_client = utf8 */;
CREATE TABLE `OWP_2DAOI_OUTPUT_LOG` (
  `AOI_2D_SEQ` bigint(11) unsigned NOT NULL AUTO_INCREMENT,
  `EQUIPSEQ` bigint(11) NOT NULL COMMENT 'MOI EdgePC에서 프로그램실행시 \r\n설비SEQ값을 구해온다.\r\n각각의 설비마다 고정값으로 조회한다.',
  `PCB_ID` varchar(100) NOT NULL,
  `PPExecName` varchar(100) NOT NULL,
  `Panel_width` varchar(20) NOT NULL,
  `CONTROL_STATUS` char(7) NOT NULL COMMENT 'GroupID=D012000',
  `PCB_ID2` varchar(100) NOT NULL,
  `CONFIRM_FLAG2` char(1) NOT NULL,
  `LOT_ID2` varchar(100) NOT NULL,
  `RECIPE_NAME2` varchar(500) DEFAULT NULL,
  `PROD_ID2` varchar(100) DEFAULT NULL,
  `OPER_ID2` varchar(100) DEFAULT NULL,
  `CONFIRM_MSG2` varchar(500) DEFAULT NULL,
  `PCB_ID3` varchar(100) DEFAULT NULL,
  `ORIGINLOCATION3` int(4) DEFAULT NULL,
  `ROWS3` int(4) DEFAULT NULL,
  `COLUMNS3` int(4) DEFAULT NULL,
  `CELL_STATUS3` varchar(100) DEFAULT NULL,
  `LOT_ID3` varchar(100) DEFAULT NULL,
  `CELL_GRADE3` varchar(500) DEFAULT NULL COMMENT 'The GRADE for PCB_UNIT_ID3 is separated by "," and registered.',
  `PCB_UNIT_ID3` varchar(500) DEFAULT NULL COMMENT 'UNIT_ID is separated by "," and registered',
  `TACT_TIME3` varchar(100) DEFAULT NULL,
  `CYCLE_TIME3` varchar(100) DEFAULT NULL,
  `NG_PCB_ID3` varchar(100) DEFAULT NULL,
  `NG_PCB_UNIT_ID3` varchar(500) DEFAULT NULL COMMENT 'NG_UNIT_ID is separated by "," and registered',
  `NG_PCB_Location3` varchar(500) DEFAULT NULL COMMENT 'The location for NG_UNIT_ID3 is separated by "," and registered.',
  `INSPECTION_RESULT3` char(2) DEFAULT NULL,
  `REVIEW_RESULT3` char(2) DEFAULT NULL,
  `WDATE` timestamp NULL DEFAULT NULL ON UPDATE current_timestamp(),
  PRIMARY KEY (`AOI_2D_SEQ`) USING BTREE
) ENGINE=InnoDB AUTO_INCREMENT=18 DEFAULT CHARSET=utf8 ROW_FORMAT=DYNAMIC;
/*!40101 SET character_set_client = @saved_cs_client */;

--
-- Dumping data for table `OWP_2DAOI_OUTPUT_LOG`
--

LOCK TABLES `OWP_2DAOI_OUTPUT_LOG` WRITE;
/*!40000 ALTER TABLE `OWP_2DAOI_OUTPUT_LOG` DISABLE KEYS */;
INSERT INTO `OWP_2DAOI_OUTPUT_LOG` VALUES (1,1,'KR3066027A0000000000001000A00000','S3671-005-010001-AD-FJ','1400.45','D012002','KR3066027A0000000000001000A00000','T','WI06N0985I-01A','S3671-005-010001-AD-FJ','HMAG84CXNRX085N-1C101','5200','CONFIRM_F_COMMENT','KR3066027A0000000000001000A00010',1,1,1,'1111111','WI06N0985I','0000000','KR3066027A0000000000001000A10000','00:05:04','00:05:04','UR3077801A08061DX400000096F00000','UR3077801A08061DX400000096F10000,UR3077801A08061DX400000096F20000,UR3077801A08061DX400000096F30000','Board1.BC10_NG,Board2.BC10_NG,Board3.BC10_NG','NG','NA','2021-04-25 17:08:37'),(2,1,'KR3066027A0000000000001000A00001','S3671-005-010001-AD-FJ','1400.45','D012003','KR3066027A0000000000001000A00001','T','WI06N0985I-01A','S3671-005-010001-AD-FJ','HMAG84CXNRX085N-1C101','5200','CONFIRM_Frue','KR3066027A0000000000001000A00000',1,1,2,'2222221','WI06N0985I','2222221','KR3066027A0000000000001000A10000','00:05:08','00:05:15','UR3077801A08061DX400000096F00000','UR3077801A08061DX400000096F10000,UR3077801A08061DX400000096F20000,UR3077801A08061DX400000096F30000','Board1.BC10_NG,Board2.BC10_NG,Board3.BC10_NG','NG','NA','2021-04-25 17:08:37'),(3,1,'KR3066027A0000000000001000A00002','S3671-005-010001-AD-FJ','1450.45','D012004','KR3066027A0000000000001000A00002','T','WI06N0985I-01A','S3671-005-010001-AD-FJ','HMAG84CXNRX085N-1C101','5300','CONFIRM_Frue','KR3066027A0000000000001000A00001',2,1,3,'1111111','WI06N0986I','1111111','KR3066027A0000000000001000A10000','00:05:15','00:05:15','UR3077801A08061DX400000096F00000','UR3077801A08061DX400000096F10000,UR3077801A08061DX400000096F20000,UR3077801A08061DX400000096F30000','Board1.BC10_NG,Board2.BC10_NG,Board3.BC10_NG','NG','NA','2021-04-25 17:08:37'),(4,1,'KR3066027A0000000000001000A00003','S3671-005-010001-AD-FJ','1500.30','D012002','KR3066027A0000000000001000A00003','R','WI06N0985I-01A','S3671-005-010001-AD-FJ','HMAG84CXNRX085N-1C101','5400','CONFIRM_Frue','KR3066027A0000000000001000A00002',2,1,4,'2222221','WI06N0996I','2222221','KR3066027A0000000000001000A10000','00:06:04','00:06:04','UR3077801A08061DX400000096F00000','UR3077801A08061DX400000096F10000,UR3077801A08061DX400000096F20000,UR3077801A08061DX400000096F30000','Board1.BC10_NG,Board2.BC10_NG,Board3.BC10_NG','NG','NA','2021-04-25 17:08:37'),(5,1,'KR3066027A0000000000001000A00004','S3671-005-010001-AD-FJ','1500.30','D012002','KR3066027A0000000000001000A00004','R','WI06N0985I-01A','S3671-005-010001-AD-FJ','HMAG84CXNRX085N-1C101','5400','CONFIRM_Frue','KR3066027A0000000000001000A00003',3,2,5,'2222221','WI06N0996I','0000000','KR3066027A0000000000001000A10000','00:05:13','00:05:08','UR3077801A08061DX400000096F00000','UR3077801A08061DX400000096F10000,UR3077801A08061DX400000096F20000,UR3077801A08061DX400000096F30000','Board1.BC10_NG,Board2.BC10_NG,Board3.BC10_NG','NG','NA','2021-04-25 17:08:37'),(6,1,'KR3066027A0000000000001000A00005','S3671-005-010001-AD-FJ','1500.30','D012003','KR3066027A0000000000001000A00005','T','WI06N0985I-01A','S3671-005-010001-AD-FJ','HMAG84CXNRX085N-1C101','5400','CONFIRM_False','KR3066027A0000000000001000A00004',3,2,7,'2222221','WI06N0996I','0000000','KR3066027A0000000000001000A10000','00:06:04','00:05:15','UR3077801A08061DX400000096F00000','UR3077801A08061DX400000096F10000,UR3077801A08061DX400000096F20000,UR3077801A08061DX400000096F30000','Board1.BC10_NG,Board2.BC10_NG,Board3.BC10_NG','NG','NA','2021-04-25 17:08:37'),(7,1,'KR3066027A0000000000001000A00006','S3671-005-010001-AD-FJ','1460.32','D012004','KR3066027A0000000000001000A00006','R','WI06N0985I-01A','S3671-005-010001-AD-FJ','HMAG84CXNRX085N-1C101','5400','CONFIRM_False','KR3066027A0000000000001000A00005',4,2,2,'3333331','WI06N0992I','3333331','KR3066027A0000000000001000A10000','00:05:09','00:05:09','UR3077801A08061DX400000096F00000','UR3077801A08061DX400000096F10000,UR3077801A08061DX400000096F20000,UR3077801A08061DX400000096F30000','Board1.BC10_NG,Board2.BC10_NG,Board3.BC10_NG','NG','NA','2021-04-25 17:08:37'),(8,1,'KR3066027A0000000000001000A00007','S3671-005-010001-AD-FJ','1460.32','D012002','KR3066027A0000000000001000A00007','R','WI06N0985I-01A','S3671-005-010001-AD-FJ','HMAG84CXNRX085N-1C101','5400','CONFIRM_False','KR3066027A0000000000001000A00006',4,2,4,'3333331','WI06N0992I','3333331','KR3066027A0000000000001000A10000','00:03:11','00:03:11','UR3077801A08061DX400000096F00000','UR3077801A08061DX400000096F10000,UR3077801A08061DX400000096F20000,UR3077801A08061DX400000096F30000','Board1.BC10_NG,Board2.BC10_NG,Board3.BC10_NG','NG','NA','2021-04-25 17:08:37'),(9,16,'KR3066027A0000000000001000A16001','S3671-005-010001-AD-FJ','1400.45','D012003','KR3066027A0000000000001000A16001','T','WI06N0985I-02A','S3671-005-010002-AD-FJ','HMAG84CXNRX085N-1C101','5200','CONFIRM_F_COMMENT','KR3066027A0000000000001000A00007',2,1,4,'3333331','WI06N0985I','0000000','KR3066027A0000000000001000A10000','00:03:04','00:05:09','UR3077801A08061DX400000096F00000','UR3077801A08061DX400000096F10000,UR3077801A08061DX400000096F20000,UR3077801A08061DX400000096F30000','Board1.BC10_NG,Board2.BC10_NG,Board3.BC10_NG','NG','NA','2021-04-25 17:08:37'),(10,16,'KR3066027A0000000000001000A16002','S3671-005-010001-AD-FJ','1400.45','D012003','KR3066027A0000000000001000A16002','T','WI06N0985I-02A','S3671-005-010002-AD-FJ','HMAG84CXNRX085N-1C101','5200','CONFIRM_Frue','KR3066027A0000000000001000A16001',2,1,7,'1111111','WI06N0985I','1111111','KR3066027A0000000000001000A10000','00:04:08','00:04:08','UR3077801A08061DX400000096F00000','UR3077801A08061DX400000096F10000,UR3077801A08061DX400000096F20000,UR3077801A08061DX400000096F30000','Board1.BC10_NG,Board2.BC10_NG,Board3.BC10_NG','NG','NA','2021-04-25 17:08:37'),(11,16,'KR3066027A0000000000001000A16003','S3671-005-010001-AD-FJ','1450.45','D012003','KR3066027A0000000000001000A16003','T','WI06N0985I-02A','S3671-005-010002-AD-FJ','HMAG84CXNRX085N-1C101','5300','CONFIRM_Frue','KR3066027A0000000000001000A16002',3,1,4,'1111111','WI06N0986I','1111111','KR3066027A0000000000001000A10000','00:04:17','00:04:17','UR3077801A08061DX400000096F00000','UR3077801A08061DX400000096F10000,UR3077801A08061DX400000096F20000,UR3077801A08061DX400000096F30000','Board1.BC10_NG,Board2.BC10_NG,Board3.BC10_NG','NG','NA','2021-04-25 17:08:37'),(12,16,'KR3066027A0000000000001000A16004','S3671-005-010001-AD-FJ','1500.30','D012004','KR3066027A0000000000001000A16004','R','WI06N0985I-02A','S3671-005-010002-AD-FJ','HMAG84CXNRX085N-1C101','5400','CONFIRM_Frue','KR3066027A0000000000001000A16003',3,2,5,'1111111','WI06N0996I','1111111','KR3066027A0000000000001000A10000','00:05:04','00:04:08','UR3077801A08061DX400000096F00000','UR3077801A08061DX400000096F10000,UR3077801A08061DX400000096F20000,UR3077801A08061DX400000096F30000','Board1.BC10_NG,Board2.BC10_NG,Board3.BC10_NG','NG','NA','2021-04-25 17:08:37'),(13,16,'KR3066027A0000000000001000A16005','S3671-005-010001-AD-FJ','1500.30','D012004','KR3066027A0000000000001000A16005','R','WI06N0985I-02A','S3671-005-010002-AD-FJ','HMAG84CXNRX085N-1C101','5400','CONFIRM_Frue','KR3066027A0000000000001000A16004',4,2,6,'2222221','WI06N0996I','2222221','KR3066027A0000000000001000A10000','00:05:15','00:05:06','UR3077801A08061DX400000096F00000','UR3077801A08061DX400000096F10000,UR3077801A08061DX400000096F20000,UR3077801A08061DX400000096F30000','Board1.BC10_NG,Board2.BC10_NG,Board3.BC10_NG','NG','NA','2021-04-25 17:08:37'),(14,16,'KR3066027A0000000000001000A16006','S3671-005-010001-AD-FJ','1500.30','D012002','KR3066027A0000000000001000A16006','T','WI06N0985I-02A','S3671-005-010002-AD-FJ','HMAG84CXNRX085N-1C101','5400','CONFIRM_False','KR3066027A0000000000001000A16005',5,2,7,'3333331','WI06N0996I','3333331','KR3066027A0000000000001000A10000','00:04:08','00:05:15','UR3077801A08061DX400000096F00000','UR3077801A08061DX400000096F10000,UR3077801A08061DX400000096F20000,UR3077801A08061DX400000096F30000','Board1.BC10_NG,Board2.BC10_NG,Board3.BC10_NG','NG','NA','2021-04-25 17:08:37'),(15,16,'KR3066027A0000000000001000A16007','S3671-005-010001-AD-FJ','1460.32','D012002','KR3066027A0000000000001000A16007','R','WI06N0985I-02A','S3671-005-010002-AD-FJ','HMAG84CXNRX085N-1C101','5400','CONFIRM_False','KR3066027A0000000000001000A16006',1,1,8,'3333331','WI06N0992I','0000000','KR3066027A0000000000001000A10000','00:05:10','00:05:10','UR3077801A08061DX400000096F00000','UR3077801A08061DX400000096F10000,UR3077801A08061DX400000096F20000,UR3077801A08061DX400000096F30000','Board1.BC10_NG,Board2.BC10_NG,Board3.BC10_NG','NG','NA','2021-04-25 17:08:37'),(16,16,'KR3066027A0000000000001000A16008','S3671-005-010001-AD-FJ','1460.32','D012003','KR3066027A0000000000001000A16008','R','WI06N0985I-02A','S3671-005-010002-AD-FJ','HMAG84CXNRX085N-1C101','5400','CONFIRM_False','KR3066027A0000000000001000A16007',1,1,9,'2222221','WI06N0992I','0000000','KR3066027A0000000000001000A10000','00:05:13','00:05:13','UR3077801A08061DX400000096F00000','UR3077801A08061DX400000096F10000,UR3077801A08061DX400000096F20000,UR3077801A08061DX400000096F30000','Board1.BC10_NG,Board2.BC10_NG,Board3.BC10_NG','NG','NA','2021-04-25 17:08:37'),(17,1,'KR3066027A0000000000001000A00000','S3671-005-010001-AD-FJ','1400.45','1','KR3066027A0000000000001000A00000','T','WI06N0985I-01A','S3671-005-010001-AD-FJ','HMAG84CXNRX085N-1C101','5200','CONFIRM_F_COMMENT','KR3066027A0000000000001000A00010',1,1,1,'1111111','WI06N0985I','0000000','KR3066027A0000000000001000A10000','00:05:04','00:05:04','UR3077801A08061DX400000096F00000','UR3077801A08061DX400000096F10000,UR3077801A08061DX400000096F20000,UR3077801A08061DX400000096F30000','Board1.BC10_NG,Board2.BC10_NG,Board3.BC10_NG','NG','NA','2021-05-18 04:17:46');
/*!40000 ALTER TABLE `OWP_2DAOI_OUTPUT_LOG` ENABLE KEYS */;
UNLOCK TABLES;

--
-- Table structure for table `OWP_3DAOI_OUTPUT`
--

DROP TABLE IF EXISTS `OWP_3DAOI_OUTPUT`;
/*!40101 SET @saved_cs_client     = @@character_set_client */;
/*!40101 SET character_set_client = utf8 */;
CREATE TABLE `OWP_3DAOI_OUTPUT` (
  `OUTPUT_DATE` char(8) NOT NULL,
  `OUTPUT_DATESEQ` bigint(11) unsigned NOT NULL AUTO_INCREMENT,
  `EQUIPSEQ` bigint(11) NOT NULL COMMENT 'MOI EdgePC에서 프로그램실행시 \r\n설비SEQ값을 구해온다.\r\n각각의 설비마다 고정값으로 조회한다.',
  `EQP_ID` char(7) NOT NULL COMMENT 'CM01, CM02\r\n---\r\nGroupID=D004000',
  `EQP_TYPE` char(7) NOT NULL COMMENT 'PRINT, SPI,~\r\n---\r\nGroupID=D005000',
  `PCB_ID` varchar(100) NOT NULL,
  `PPExecName` varchar(100) DEFAULT NULL,
  `Panel_width` varchar(20) DEFAULT NULL,
  `CONTROL_STATUS` char(7) NOT NULL COMMENT 'GroupID=D012000',
  `PCB_ID2` varchar(100) NOT NULL,
  `CONFIRM_FLAG2` char(1) NOT NULL,
  `LOT_ID2` varchar(100) NOT NULL,
  `RECIPE_NAME2` varchar(500) DEFAULT NULL,
  `PROD_ID2` varchar(100) DEFAULT NULL,
  `OPER_ID2` varchar(100) DEFAULT NULL,
  `CONFIRM_MSG2` varchar(500) DEFAULT NULL,
  `PCB_ID3` varchar(100) DEFAULT NULL,
  `ORIGINLOCATION3` int(4) DEFAULT NULL,
  `ROWS3` int(4) DEFAULT NULL,
  `COLUMNS3` int(4) DEFAULT NULL,
  `CELL_STATUS3` varchar(100) DEFAULT NULL,
  `LOT_ID3` varchar(100) DEFAULT NULL,
  `CELL_GRADE3` varchar(500) DEFAULT NULL,
  `PCB_UNIT_ID3` varchar(500) DEFAULT NULL,
  `TACT_TIME3` varchar(100) DEFAULT NULL,
  `CYCLE_TIME3` varchar(100) DEFAULT NULL,
  `NG_PCB_ID3` varchar(100) DEFAULT NULL,
  `NG_PCB_UNIT_ID3` varchar(500) DEFAULT NULL,
  `NG_PCB_Location3` varchar(500) DEFAULT NULL,
  `INSPECTION_RESULT3` char(2) DEFAULT NULL,
  `REVIEW_RESULT3` char(2) DEFAULT NULL,
  `WDATE` timestamp NULL DEFAULT NULL ON UPDATE current_timestamp(),
  PRIMARY KEY (`OUTPUT_DATESEQ`) USING BTREE,
  KEY `OUTPUT_DATE` (`OUTPUT_DATE`,`OUTPUT_DATESEQ`) USING BTREE
) ENGINE=InnoDB AUTO_INCREMENT=21 DEFAULT CHARSET=utf8 ROW_FORMAT=DYNAMIC;
/*!40101 SET character_set_client = @saved_cs_client */;

--
-- Dumping data for table `OWP_3DAOI_OUTPUT`
--

LOCK TABLES `OWP_3DAOI_OUTPUT` WRITE;
/*!40000 ALTER TABLE `OWP_3DAOI_OUTPUT` DISABLE KEYS */;
INSERT INTO `OWP_3DAOI_OUTPUT` VALUES ('20210511',1,1,'D004001','D005001','KR3066027A0000000000001000A00000','S3671-005-010001-AD-FJ','1400.45','D012002','KR3066027A0000000000001000A00000','T','WI06N0985I-01A','S3671-005-010001-AD-FJ','MAIPS20070ST4RFA1B-002','5200','CONFIRM_F_COMMENT','KR3066027A0000000000001000A00010',1,1,1,'1111111','WI06N0985I','2222221','KR3066027A0000000000001000A10000','0:05:04','0:05:04','UR3077801A08061DX400000096F00000','UR3077801A08061DX400000096F10000,UR3077801A08061DX400000096F20000,UR3077801A08061DX400000096F30000','Board1.BC10_NG,Board2.BC10_NG,Board3.BC10_NG','NG','NA','2021-05-11 03:24:10'),('20210511',2,1,'D004001','D005009','KR3066027A0000000000001000A00001','S3671-005-010001-AD-FJ','1400.45','D012003','KR3066027A0000000000001000A00001','T','WI06N0985I-01A','S3671-005-010001-AD-FJ','MAIPS20070ST4RFA1B-002','5200','CONFIRM_Frue','KR3066027A0000000000001000A00000',1,1,2,'2222221','WI06N0985I','2222221','KR3066027A0000000000001000A10000','0:05:08','0:05:15','UR3077801A08061DX400000096F00000','UR3077801A08061DX400000096F10000,UR3077801A08061DX400000096F20000,UR3077801A08061DX400000096F30000','Board1.BC10_NG,Board2.BC10_NG,Board3.BC10_NG','NG','NA','2021-05-11 03:24:10'),('20210511',3,1,'D004001','D005006','KR3066027A0000000000001000A00002','S3671-005-010001-AD-FJ','1450.45','D012004','KR3066027A0000000000001000A00002','T','WI06N0985I-01A','S3671-005-010001-AD-FJ','MAIPS20070ST4RFA1B-002','5300','CONFIRM_Frue','KR3066027A0000000000001000A00001',2,1,3,'1111111','WI06N0986I','1111111','KR3066027A0000000000001000A10000','0:05:15','0:05:15','UR3077801A08061DX400000096F00000','UR3077801A08061DX400000096F10000,UR3077801A08061DX400000096F20000,UR3077801A08061DX400000096F30000','Board1.BC10_NG,Board2.BC10_NG,Board3.BC10_NG','NG','NA','2021-05-11 03:24:10'),('20210511',4,1,'D004001','D005006','KR3066027A0000000000001000A00003','S3671-005-010001-AD-FJ','1500.3','D012002','KR3066027A0000000000001000A00003','R','WI06N0985I-01A','S3671-005-010001-AD-FJ','MAIPS20070ST4RFA1B-002','5400','CONFIRM_Frue','KR3066027A0000000000001000A00002',2,1,4,'2222221','WI06N0996I','2222221','KR3066027A0000000000001000A10000','0:06:04','0:06:04','UR3077801A08061DX400000096F00000','UR3077801A08061DX400000096F10000,UR3077801A08061DX400000096F20000,UR3077801A08061DX400000096F30000','Board1.BC10_NG,Board2.BC10_NG,Board3.BC10_NG','NG','NA','2021-05-11 03:24:10'),('20210511',5,1,'D004001','D005007','KR3066027A0000000000001000A00004','S3671-005-010001-AD-FJ','1500.3','D012002','KR3066027A0000000000001000A00004','R','WI06N0985I-01A','S3671-005-010001-AD-FJ','MAIPS20070ST4RFA1B-002','5400','CONFIRM_Frue','KR3066027A0000000000001000A00003',3,2,5,'2222221','WI06N0996I','2222221','KR3066027A0000000000001000A10000','0:05:13','0:05:08','UR3077801A08061DX400000096F00000','UR3077801A08061DX400000096F10000,UR3077801A08061DX400000096F20000,UR3077801A08061DX400000096F30000','Board1.BC10_NG,Board2.BC10_NG,Board3.BC10_NG','NG','NA','2021-05-11 03:24:10'),('20210512',6,1,'D004001','D005012','KR3066027A0000000000001000A00005','S3671-005-010001-AD-FJ','1500.3','D012003','KR3066027A0000000000001000A00005','T','WI06N0985I-01A','S3671-005-010001-AD-FJ','MAIPS20070ST4RFA1B-002','5400','CONFIRM_False','KR3066027A0000000000001000A00005',3,2,7,'2222221','WI06N0996I','2222221','KR3066027A0000000000001000A10000','0:06:04','0:05:15','UR3077801A08061DX400000096F00000','UR3077801A08061DX400000096F10000,UR3077801A08061DX400000096F20000,UR3077801A08061DX400000096F30000','Board1.BC10_NG,Board2.BC10_NG,Board3.BC10_NG','NG','OK','2021-05-11 15:19:44'),('20210511',7,1,'D004001','D005002','KR3066027A0000000000001000A00006','S3671-005-010001-AD-FJ','1460.32','D012004','KR3066027A0000000000001000A00006','R','WI06N0985I-01A','S3671-005-010001-AD-FJ','MAIPS20070ST4RFA1B-002','5400','CONFIRM_False','KR3066027A0000000000001000A00005',4,2,2,'3333331','WI06N0992I','3333331','KR3066027A0000000000001000A10000','0:05:09','0:05:09','UR3077801A08061DX400000096F00000','UR3077801A08061DX400000096F10000,UR3077801A08061DX400000096F20000,UR3077801A08061DX400000096F30000','Board1.BC10_NG,Board2.BC10_NG,Board3.BC10_NG','NG','NA','2021-05-11 03:24:10'),('20210511',8,1,'D004001','D005005','KR3066027A0000000000001000A00007','S3671-005-010001-AD-FJ','1460.32','D012002','KR3066027A0000000000001000A00007','R','WI06N0985I-01A','S3671-005-010001-AD-FJ','MAIPS20070ST4RFA1B-002','5400','CONFIRM_False','KR3066027A0000000000001000A00006',4,2,4,'3333331','WI06N0992I','3333331','KR3066027A0000000000001000A10000','0:03:11','0:03:11','UR3077801A08061DX400000096F00000','UR3077801A08061DX400000096F10000,UR3077801A08061DX400000096F20000,UR3077801A08061DX400000096F30000','Board1.BC10_NG,Board2.BC10_NG,Board3.BC10_NG','NG','NA','2021-05-11 03:24:10'),('20210511',9,16,'D004001','D005005','KR3066027A0000000000001000A16001','S3671-005-010001-AD-FJ','1400.45','D012003','KR3066027A0000000000001000A16001','T','WI06N0985I-02A','S3671-005-010002-AD-FJ','MAIPS20070ST4RFA1B-002','5200','CONFIRM_F_COMMENT','KR3066027A0000000000001000A00007',2,1,4,'3333331','WI06N0985I','2222221','KR3066027A0000000000001000A10000','0:03:04','0:05:09','UR3077801A08061DX400000096F00000','UR3077801A08061DX400000096F10000,UR3077801A08061DX400000096F20000,UR3077801A08061DX400000096F30000','Board1.BC10_NG,Board2.BC10_NG,Board3.BC10_NG','NG','NA','2021-05-11 03:24:10'),('20210511',10,16,'D004001','D005005','KR3066027A0000000000001000A16002','S3671-005-010001-AD-FJ','1400.45','D012003','KR3066027A0000000000001000A16002','T','WI06N0985I-02A','S3671-005-010002-AD-FJ','MAIPS20070ST4RFA1B-002','5200','CONFIRM_Frue','KR3066027A0000000000001000A16001',2,1,7,'1111111','WI06N0985I','1111111','KR3066027A0000000000001000A10000','0:04:08','0:04:08','UR3077801A08061DX400000096F00000','UR3077801A08061DX400000096F10000,UR3077801A08061DX400000096F20000,UR3077801A08061DX400000096F30000','Board1.BC10_NG,Board2.BC10_NG,Board3.BC10_NG','NG','NA','2021-05-11 03:24:10'),('20210511',11,16,'D004001','D005005','KR3066027A0000000000001000A16003','S3671-005-010001-AD-FJ','1450.45','D012003','KR3066027A0000000000001000A16003','T','WI06N0985I-02A','S3671-005-010002-AD-FJ','MAIPS20070ST4RFA1B-002','5300','CONFIRM_Frue','KR3066027A0000000000001000A16002',3,1,4,'1111111','WI06N0986I','1111111','KR3066027A0000000000001000A10000','0:04:17','0:04:17','UR3077801A08061DX400000096F00000','UR3077801A08061DX400000096F10000,UR3077801A08061DX400000096F20000,UR3077801A08061DX400000096F30000','Board1.BC10_NG,Board2.BC10_NG,Board3.BC10_NG','NG','NA','2021-05-11 03:24:10'),('20210511',12,16,'D004001','D005005','KR3066027A0000000000001000A16004','S3671-005-010001-AD-FJ','1500.3','D012004','KR3066027A0000000000001000A16004','R','WI06N0985I-02A','S3671-005-010002-AD-FJ','MAIPS20070ST4RFA1B-002','5400','CONFIRM_Frue','KR3066027A0000000000001000A16003',3,2,5,'1111111','WI06N0996I','1111111','KR3066027A0000000000001000A10000','0:05:04','0:04:08','UR3077801A08061DX400000096F00000','UR3077801A08061DX400000096F10000,UR3077801A08061DX400000096F20000,UR3077801A08061DX400000096F30000','Board1.BC10_NG,Board2.BC10_NG,Board3.BC10_NG','NG','NA','2021-05-11 03:24:10'),('20210511',13,16,'D004001','D005005','KR3066027A0000000000001000A16005','S3671-005-010001-AD-FJ','1500.3','D012004','KR3066027A0000000000001000A16005','R','WI06N0985I-02A','S3671-005-010002-AD-FJ','MAIPS20070ST4RFA1B-002','5400','CONFIRM_Frue','KR3066027A0000000000001000A16004',4,2,6,'2222221','WI06N0996I','2222221','KR3066027A0000000000001000A10000','0:05:15','0:05:06','UR3077801A08061DX400000096F00000','UR3077801A08061DX400000096F10000,UR3077801A08061DX400000096F20000,UR3077801A08061DX400000096F30000','Board1.BC10_NG,Board2.BC10_NG,Board3.BC10_NG','NG','NA','2021-05-11 03:24:10'),('20210511',14,16,'D004001','D005004','KR3066027A0000000000001000A16006','S3671-005-010001-AD-FJ','1500.3','D012002','KR3066027A0000000000001000A16006','T','WI06N0985I-02A','S3671-005-010002-AD-FJ','MAIPS20070ST4RFA1B-002','5400','CONFIRM_False','KR3066027A0000000000001000A16005',5,2,7,'3333331','WI06N0996I','3333331','KR3066027A0000000000001000A10000','0:04:08','0:05:15','UR3077801A08061DX400000096F00000','UR3077801A08061DX400000096F10000,UR3077801A08061DX400000096F20000,UR3077801A08061DX400000096F30000','Board1.BC10_NG,Board2.BC10_NG,Board3.BC10_NG','NG','NA','2021-05-11 03:24:10'),('20210511',15,16,'D004001','D005013','KR3066027A0000000000001000A16007','S3671-005-010001-AD-FJ','1460.32','D012002','KR3066027A0000000000001000A16007','R','WI06N0985I-02A','S3671-005-010002-AD-FJ','MAIPS20070ST4RFA1B-002','5400','CONFIRM_False','KR3066027A0000000000001000A16006',1,1,8,'3333331','WI06N0992I','2222221','KR3066027A0000000000001000A10000','0:05:10','0:05:10','UR3077801A08061DX400000096F00000','UR3077801A08061DX400000096F10000,UR3077801A08061DX400000096F20000,UR3077801A08061DX400000096F30000','Board1.BC10_NG,Board2.BC10_NG,Board3.BC10_NG','NG','NA','2021-05-11 03:24:10'),('20210511',16,16,'D004002','D005001','KR3066027A0000000000001000A16008','S3671-005-010001-AD-FJ','1460.32','D012003','KR3066027A0000000000001000A16008','R','WI06N0985I-02A','S3671-005-010002-AD-FJ','MAIPS20070ST4RFA1B-002','5400','CONFIRM_False','KR3066027A0000000000001000A16007',1,1,9,'2222221','WI06N0992I','2222221','KR3066027A0000000000001000A10000','0:05:13','0:05:13','UR3077801A08061DX400000096F00000','UR3077801A08061DX400000096F10000,UR3077801A08061DX400000096F20000,UR3077801A08061DX400000096F30000','Board1.BC10_NG,Board2.BC10_NG,Board3.BC10_NG','NG','NA','2021-05-11 03:24:10'),('20210512',17,1,'D004001','D005012','KR3066027A0000000000001000A00005','S3671-005-010001-AD-FJ','1500.3','D012003','KR3066027A0000000000001000A00006','T','WI06N0985A','S3671-005-010001-AD-FJ','MAIPS20070ST4RFA1B-002','5400','TEST BY ANH','KR3066027A0000000000001000A00005',3,2,7,'2222221','WI06N0996I','2222221','KR3066027A0000000000001000A10000','0:06:04','0:05:15','UR3077801A08061DX400000096F00000','UR3077801A08061DX400000096F10000,UR3077801A08061DX400000096F20000,UR3077801A08061DX400000096F30000','Board1.BC10_NG,Board2.BC10_NG,Board3.BC10_NG','NG','NG','2021-05-11 15:19:44'),('20210512',18,1,'D004001','D005012','KR3066027A0000000000001000A00005','S3671-005-010001-AD-FJ','1500.3','D012003','KR3066027A0000000000001000A00007','T','WI06N0985A','S3671-005-010001-AD-FJ','MAIPS20070ST4RFA1B-002','5400','TEST BY ANH','KR3066027A0000000000001000A00005',3,2,7,'2222221','WI06N0996I','2222221','KR3066027A0000000000001000A10000','0:06:04','0:05:15','UR3077801A08061DX400000096F00000','UR3077801A08061DX400000096F10000,UR3077801A08061DX400000096F20000,UR3077801A08061DX400000096F30000','Board1.BC10_NG,Board2.BC10_NG,Board3.BC10_NG','NG','NG','2021-05-11 15:19:44'),('20210512',19,1,'D004001','D005012','KR3066027A0000000000001000A00005','S3671-005-010001-AD-FJ','1500.3','D012003','KR3066027A0000000000001000A000081','T','WI06N0985A','S3671-005-010001-AD-FJ','MAIPS20070ST4RFA1B-002','5400','TEST BY ANH','KR3066027A0000000000001000A00005',3,2,7,'2222221','WI06N0996I','2222221','KR3066027A0000000000001000A10000','0:06:04','0:05:15','UR3077801A08061DX400000096F00000','UR3077801A08061DX400000096F10000,UR3077801A08061DX400000096F20000,UR3077801A08061DX400000096F30000','Board1.BC10_NG,Board2.BC10_NG,Board3.BC10_NG','NG','OK','2021-05-11 15:19:44'),('20210512',20,1,'D004001','D005012','KR3066027A0000000000001000A00005','S3671-005-010001-AD-FJ','1500.3','D012003','KR3066027A0000000000001000A00009','T','WI06N0985A','S3671-005-010001-AD-FJ','MAIPS20070ST4RFA1B-002','5400','TEST BY ANH','KR3066027A0000000000001000A00005',3,2,7,'2222221','WI06N0996I','1231231','KR3066027A0000000000001000A10000','0:06:04','0:05:15','UR3077801A08061DX400000096F00000','UR3077801A08061DX400000096F10000,UR3077801A08061DX400000096F20000,UR3077801A08061DX400000096F30000','Board1.BC10_NG,Board2.BC10_NG,Board3.BC10_NG','OK','OK','2021-05-11 15:19:44');
/*!40000 ALTER TABLE `OWP_3DAOI_OUTPUT` ENABLE KEYS */;
UNLOCK TABLES;

--
-- Table structure for table `OWP_3DAOI_OUTPUT_LOG`
--

DROP TABLE IF EXISTS `OWP_3DAOI_OUTPUT_LOG`;
/*!40101 SET @saved_cs_client     = @@character_set_client */;
/*!40101 SET character_set_client = utf8 */;
CREATE TABLE `OWP_3DAOI_OUTPUT_LOG` (
  `AOI_3D_SEQ` bigint(11) unsigned NOT NULL AUTO_INCREMENT,
  `EQUIPSEQ` bigint(11) NOT NULL COMMENT 'MOI EdgePC에서 프로그램실행시 \r\n설비SEQ값을 구해온다.\r\n각각의 설비마다 고정값으로 조회한다.',
  `PCB_ID` varchar(100) NOT NULL,
  `PPExecName` varchar(100) DEFAULT NULL,
  `Panel_width` varchar(20) DEFAULT NULL,
  `CONTROL_STATUS` char(7) NOT NULL COMMENT 'GroupID=D012000',
  `PCB_ID2` varchar(100) NOT NULL,
  `CONFIRM_FLAG2` char(1) NOT NULL,
  `LOT_ID2` varchar(100) NOT NULL,
  `RECIPE_NAME2` varchar(500) DEFAULT NULL,
  `PROD_ID2` varchar(100) DEFAULT NULL,
  `OPER_ID2` varchar(100) DEFAULT NULL,
  `CONFIRM_MSG2` varchar(500) DEFAULT NULL,
  `PCB_ID3` varchar(100) DEFAULT NULL,
  `ORIGINLOCATION3` int(4) DEFAULT NULL,
  `ROWS3` int(4) DEFAULT NULL,
  `COLUMNS3` int(4) DEFAULT NULL,
  `CELL_STATUS3` varchar(100) DEFAULT NULL,
  `LOT_ID3` varchar(100) DEFAULT NULL,
  `CELL_GRADE3` varchar(500) DEFAULT NULL,
  `PCB_UNIT_ID3` varchar(500) DEFAULT NULL,
  `TACT_TIME3` varchar(100) DEFAULT NULL,
  `CYCLE_TIME3` varchar(100) DEFAULT NULL,
  `NG_PCB_ID3` varchar(100) DEFAULT NULL,
  `NG_PCB_UNIT_ID3` varchar(500) DEFAULT NULL,
  `NG_PCB_Location3` varchar(500) DEFAULT NULL,
  `INSPECTION_RESULT3` char(2) DEFAULT NULL,
  `REVIEW_RESULT3` char(2) DEFAULT NULL,
  `WDATE` timestamp NULL DEFAULT NULL ON UPDATE current_timestamp(),
  PRIMARY KEY (`AOI_3D_SEQ`) USING BTREE
) ENGINE=InnoDB AUTO_INCREMENT=18 DEFAULT CHARSET=utf8 ROW_FORMAT=DYNAMIC;
/*!40101 SET character_set_client = @saved_cs_client */;

--
-- Dumping data for table `OWP_3DAOI_OUTPUT_LOG`
--

LOCK TABLES `OWP_3DAOI_OUTPUT_LOG` WRITE;
/*!40000 ALTER TABLE `OWP_3DAOI_OUTPUT_LOG` DISABLE KEYS */;
INSERT INTO `OWP_3DAOI_OUTPUT_LOG` VALUES (1,1,'KR3066027A0000000000001000A00000','S3671-005-010001-AD-FJ','1400.45','D012002','KR3066027A0000000000001000A00000','T','WI06N0985I-01A','S3671-005-010001-AD-FJ','HMAG84CXNRX085N-1C101','5200','CONFIRM_F_COMMENT','KR3066027A0000000000001000A00010',1,1,1,'1111111','WI06N0985I','0000000','KR3066027A0000000000001000A10000','00:05:04','00:05:04','UR3077801A08061DX400000096F00000','UR3077801A08061DX400000096F10000,UR3077801A08061DX400000096F20000,UR3077801A08061DX400000096F30000','Board1.BC10_NG,Board2.BC10_NG,Board3.BC10_NG','NG','NA','2021-04-25 17:14:24'),(2,1,'KR3066027A0000000000001000A00001','S3671-005-010001-AD-FJ','1400.45','D012003','KR3066027A0000000000001000A00001','T','WI06N0985I-01A','S3671-005-010001-AD-FJ','HMAG84CXNRX085N-1C101','5200','CONFIRM_Frue','KR3066027A0000000000001000A00000',1,1,2,'2222221','WI06N0985I','2222221','KR3066027A0000000000001000A10000','00:05:08','00:05:15','UR3077801A08061DX400000096F00000','UR3077801A08061DX400000096F10000,UR3077801A08061DX400000096F20000,UR3077801A08061DX400000096F30000','Board1.BC10_NG,Board2.BC10_NG,Board3.BC10_NG','NG','NA','2021-04-25 17:14:24'),(3,1,'KR3066027A0000000000001000A00002','S3671-005-010001-AD-FJ','1450.45','D012004','KR3066027A0000000000001000A00002','T','WI06N0985I-01A','S3671-005-010001-AD-FJ','HMAG84CXNRX085N-1C101','5300','CONFIRM_Frue','KR3066027A0000000000001000A00001',2,1,3,'1111111','WI06N0986I','1111111','KR3066027A0000000000001000A10000','00:05:15','00:05:15','UR3077801A08061DX400000096F00000','UR3077801A08061DX400000096F10000,UR3077801A08061DX400000096F20000,UR3077801A08061DX400000096F30000','Board1.BC10_NG,Board2.BC10_NG,Board3.BC10_NG','NG','NA','2021-04-25 17:14:24'),(4,1,'KR3066027A0000000000001000A00003','S3671-005-010001-AD-FJ','1500.30','D012002','KR3066027A0000000000001000A00003','R','WI06N0985I-01A','S3671-005-010001-AD-FJ','HMAG84CXNRX085N-1C101','5400','CONFIRM_Frue','KR3066027A0000000000001000A00002',2,1,4,'2222221','WI06N0996I','2222221','KR3066027A0000000000001000A10000','00:06:04','00:06:04','UR3077801A08061DX400000096F00000','UR3077801A08061DX400000096F10000,UR3077801A08061DX400000096F20000,UR3077801A08061DX400000096F30000','Board1.BC10_NG,Board2.BC10_NG,Board3.BC10_NG','NG','NA','2021-04-25 17:14:24'),(5,1,'KR3066027A0000000000001000A00004','S3671-005-010001-AD-FJ','1500.30','D012002','KR3066027A0000000000001000A00004','R','WI06N0985I-01A','S3671-005-010001-AD-FJ','HMAG84CXNRX085N-1C101','5400','CONFIRM_Frue','KR3066027A0000000000001000A00003',3,2,5,'2222221','WI06N0996I','0000000','KR3066027A0000000000001000A10000','00:05:13','00:05:08','UR3077801A08061DX400000096F00000','UR3077801A08061DX400000096F10000,UR3077801A08061DX400000096F20000,UR3077801A08061DX400000096F30000','Board1.BC10_NG,Board2.BC10_NG,Board3.BC10_NG','NG','NA','2021-04-25 17:14:24'),(6,1,'KR3066027A0000000000001000A00005','S3671-005-010001-AD-FJ','1500.30','D012003','KR3066027A0000000000001000A00005','T','WI06N0985I-01A','S3671-005-010001-AD-FJ','HMAG84CXNRX085N-1C101','5400','CONFIRM_False','KR3066027A0000000000001000A00004',3,2,7,'2222221','WI06N0996I','0000000','KR3066027A0000000000001000A10000','00:06:04','00:05:15','UR3077801A08061DX400000096F00000','UR3077801A08061DX400000096F10000,UR3077801A08061DX400000096F20000,UR3077801A08061DX400000096F30000','Board1.BC10_NG,Board2.BC10_NG,Board3.BC10_NG','NG','NA','2021-04-25 17:14:24'),(7,1,'KR3066027A0000000000001000A00006','S3671-005-010001-AD-FJ','1460.32','D012004','KR3066027A0000000000001000A00006','R','WI06N0985I-01A','S3671-005-010001-AD-FJ','HMAG84CXNRX085N-1C101','5400','CONFIRM_False','KR3066027A0000000000001000A00005',4,2,2,'3333331','WI06N0992I','3333331','KR3066027A0000000000001000A10000','00:05:09','00:05:09','UR3077801A08061DX400000096F00000','UR3077801A08061DX400000096F10000,UR3077801A08061DX400000096F20000,UR3077801A08061DX400000096F30000','Board1.BC10_NG,Board2.BC10_NG,Board3.BC10_NG','NG','NA','2021-04-25 17:14:24'),(8,1,'KR3066027A0000000000001000A00007','S3671-005-010001-AD-FJ','1460.32','D012002','KR3066027A0000000000001000A00007','R','WI06N0985I-01A','S3671-005-010001-AD-FJ','HMAG84CXNRX085N-1C101','5400','CONFIRM_False','KR3066027A0000000000001000A00006',4,2,4,'3333331','WI06N0992I','3333331','KR3066027A0000000000001000A10000','00:03:11','00:03:11','UR3077801A08061DX400000096F00000','UR3077801A08061DX400000096F10000,UR3077801A08061DX400000096F20000,UR3077801A08061DX400000096F30000','Board1.BC10_NG,Board2.BC10_NG,Board3.BC10_NG','NG','NA','2021-04-25 17:14:24'),(9,16,'KR3066027A0000000000001000A16001','S3671-005-010001-AD-FJ','1400.45','D012003','KR3066027A0000000000001000A16001','T','WI06N0985I-02A','S3671-005-010002-AD-FJ','HMAG84CXNRX085N-1C101','5200','CONFIRM_F_COMMENT','KR3066027A0000000000001000A00007',2,1,4,'3333331','WI06N0985I','0000000','KR3066027A0000000000001000A10000','00:03:04','00:05:09','UR3077801A08061DX400000096F00000','UR3077801A08061DX400000096F10000,UR3077801A08061DX400000096F20000,UR3077801A08061DX400000096F30000','Board1.BC10_NG,Board2.BC10_NG,Board3.BC10_NG','NG','NA','2021-04-25 17:14:24'),(10,16,'KR3066027A0000000000001000A16002','S3671-005-010001-AD-FJ','1400.45','D012003','KR3066027A0000000000001000A16002','T','WI06N0985I-02A','S3671-005-010002-AD-FJ','HMAG84CXNRX085N-1C101','5200','CONFIRM_Frue','KR3066027A0000000000001000A16001',2,1,7,'1111111','WI06N0985I','1111111','KR3066027A0000000000001000A10000','00:04:08','00:04:08','UR3077801A08061DX400000096F00000','UR3077801A08061DX400000096F10000,UR3077801A08061DX400000096F20000,UR3077801A08061DX400000096F30000','Board1.BC10_NG,Board2.BC10_NG,Board3.BC10_NG','NG','NA','2021-04-25 17:14:24'),(11,16,'KR3066027A0000000000001000A16003','S3671-005-010001-AD-FJ','1450.45','D012003','KR3066027A0000000000001000A16003','T','WI06N0985I-02A','S3671-005-010002-AD-FJ','HMAG84CXNRX085N-1C101','5300','CONFIRM_Frue','KR3066027A0000000000001000A16002',3,1,4,'1111111','WI06N0986I','1111111','KR3066027A0000000000001000A10000','00:04:17','00:04:17','UR3077801A08061DX400000096F00000','UR3077801A08061DX400000096F10000,UR3077801A08061DX400000096F20000,UR3077801A08061DX400000096F30000','Board1.BC10_NG,Board2.BC10_NG,Board3.BC10_NG','NG','NA','2021-04-25 17:14:24'),(12,16,'KR3066027A0000000000001000A16004','S3671-005-010001-AD-FJ','1500.30','D012004','KR3066027A0000000000001000A16004','R','WI06N0985I-02A','S3671-005-010002-AD-FJ','HMAG84CXNRX085N-1C101','5400','CONFIRM_Frue','KR3066027A0000000000001000A16003',3,2,5,'1111111','WI06N0996I','1111111','KR3066027A0000000000001000A10000','00:05:04','00:04:08','UR3077801A08061DX400000096F00000','UR3077801A08061DX400000096F10000,UR3077801A08061DX400000096F20000,UR3077801A08061DX400000096F30000','Board1.BC10_NG,Board2.BC10_NG,Board3.BC10_NG','NG','NA','2021-04-25 17:14:24'),(13,16,'KR3066027A0000000000001000A16005','S3671-005-010001-AD-FJ','1500.30','D012004','KR3066027A0000000000001000A16005','R','WI06N0985I-02A','S3671-005-010002-AD-FJ','HMAG84CXNRX085N-1C101','5400','CONFIRM_Frue','KR3066027A0000000000001000A16004',4,2,6,'2222221','WI06N0996I','2222221','KR3066027A0000000000001000A10000','00:05:15','00:05:06','UR3077801A08061DX400000096F00000','UR3077801A08061DX400000096F10000,UR3077801A08061DX400000096F20000,UR3077801A08061DX400000096F30000','Board1.BC10_NG,Board2.BC10_NG,Board3.BC10_NG','NG','NA','2021-04-25 17:14:24'),(14,16,'KR3066027A0000000000001000A16006','S3671-005-010001-AD-FJ','1500.30','D012002','KR3066027A0000000000001000A16006','T','WI06N0985I-02A','S3671-005-010002-AD-FJ','HMAG84CXNRX085N-1C101','5400','CONFIRM_False','KR3066027A0000000000001000A16005',5,2,7,'3333331','WI06N0996I','3333331','KR3066027A0000000000001000A10000','00:04:08','00:05:15','UR3077801A08061DX400000096F00000','UR3077801A08061DX400000096F10000,UR3077801A08061DX400000096F20000,UR3077801A08061DX400000096F30000','Board1.BC10_NG,Board2.BC10_NG,Board3.BC10_NG','NG','NA','2021-04-25 17:14:24'),(15,16,'KR3066027A0000000000001000A16007','S3671-005-010001-AD-FJ','1460.32','D012002','KR3066027A0000000000001000A16007','R','WI06N0985I-02A','S3671-005-010002-AD-FJ','HMAG84CXNRX085N-1C101','5400','CONFIRM_False','KR3066027A0000000000001000A16006',1,1,8,'3333331','WI06N0992I','0000000','KR3066027A0000000000001000A10000','00:05:10','00:05:10','UR3077801A08061DX400000096F00000','UR3077801A08061DX400000096F10000,UR3077801A08061DX400000096F20000,UR3077801A08061DX400000096F30000','Board1.BC10_NG,Board2.BC10_NG,Board3.BC10_NG','NG','NA','2021-04-25 17:14:24'),(16,16,'KR3066027A0000000000001000A16008','S3671-005-010001-AD-FJ','1460.32','D012003','KR3066027A0000000000001000A16008','R','WI06N0985I-02A','S3671-005-010002-AD-FJ','HMAG84CXNRX085N-1C101','5400','CONFIRM_False','KR3066027A0000000000001000A16007',1,1,9,'2222221','WI06N0992I','0000000','KR3066027A0000000000001000A10000','00:05:13','00:05:13','UR3077801A08061DX400000096F00000','UR3077801A08061DX400000096F10000,UR3077801A08061DX400000096F20000,UR3077801A08061DX400000096F30000','Board1.BC10_NG,Board2.BC10_NG,Board3.BC10_NG','NG','NA','2021-04-25 17:14:24'),(17,1,'KR3066027A0000000000001000A00000','S3671-005-010001-AD-FJ','1400.45','1','KR3066027A0000000000001000A00000','T','WI06N0985I-01A','S3671-005-010001-AD-FJ','HMAG84CXNRX085N-1C101','5200','CONFIRM_F_COMMENT','KR3066027A0000000000001000A00010',1,1,1,'1111111','WI06N0985I','0000000','KR3066027A0000000000001000A10000','00:05:04','00:05:04','UR3077801A08061DX400000096F00000','UR3077801A08061DX400000096F10000,UR3077801A08061DX400000096F20000,UR3077801A08061DX400000096F30000','Board1.BC10_NG,Board2.BC10_NG,Board3.BC10_NG','NG','NA','2021-05-18 04:42:30');
/*!40000 ALTER TABLE `OWP_3DAOI_OUTPUT_LOG` ENABLE KEYS */;
UNLOCK TABLES;

--
-- Table structure for table `OWP_ALARM`
--

DROP TABLE IF EXISTS `OWP_ALARM`;
/*!40101 SET @saved_cs_client     = @@character_set_client */;
/*!40101 SET character_set_client = utf8 */;
CREATE TABLE `OWP_ALARM` (
  `ALARM_DATE` char(8) NOT NULL,
  `ALARM_DATESEQ` bigint(11) unsigned NOT NULL,
  `EQUIPSEQ` bigint(11) NOT NULL COMMENT '"MOI EdgePC에서 프로그램실행시 \n설비SEQ값을 구해온다.\n각각의 설비마다 고정값으로 조회한다."',
  `EQP_ID` char(7) NOT NULL COMMENT 'CM01, CM02\r\n---\r\nGroupID=D004000',
  `EQP_TYPE` char(7) NOT NULL COMMENT 'PRINT, SPI,~\r\n---\r\nGroupID=D005000',
  `ALCD` int(4) DEFAULT NULL,
  `ALID` int(4) DEFAULT NULL,
  `ALTX` varchar(500) NOT NULL,
  `PCB_ID` varchar(100) NOT NULL,
  `PCB_IDs` varchar(500) NOT NULL COMMENT 'PCB_ID is separated by "," and registered',
  `WDATE` timestamp NULL DEFAULT NULL COMMENT '등록일',
  PRIMARY KEY (`ALARM_DATESEQ`) USING BTREE,
  KEY `ALARM_DATE` (`ALARM_DATE`,`ALARM_DATESEQ`) USING BTREE
) ENGINE=InnoDB DEFAULT CHARSET=utf8 ROW_FORMAT=DYNAMIC;
/*!40101 SET character_set_client = @saved_cs_client */;

--
-- Dumping data for table `OWP_ALARM`
--

LOCK TABLES `OWP_ALARM` WRITE;
/*!40000 ALTER TABLE `OWP_ALARM` DISABLE KEYS */;
INSERT INTO `OWP_ALARM` VALUES ('20210521',21,23,'D004002','D005005',3,NULL,'','AR3077801AMP20090039190034B00000','','2021-05-18 05:02:40'),('20210521',22,23,'D004002','D005005',3,NULL,'Fiducial Error','AR3077801AMP20090039190034B00000','','2021-05-18 05:02:40'),('20210512',23,5,'D004001','D005007',9,NULL,'Exit Converyor Loading failed!','AR3077801AMP20090039190034B00002','','2021-04-05 18:54:41'),('20210512',24,6,'D004001','D005012',12,NULL,'PCB Loading/Unloading failed!','AR3077801AMP20090039190034B00002','','2021-04-05 18:54:41'),('20210512',25,7,'D004001','D005002',13,NULL,'Manual Motion failed!','AR3077801AMP20090039190034B00004','','2021-04-05 18:54:41'),('20210512',26,8,'D004001','D005005',14,NULL,'Air Pressure Level is too low!','AR3077801AMP20090039190034B00004','','2021-04-05 18:54:41'),('20210512',27,9,'D004001','D005005',17,NULL,'Failed to adjust Entry Converyor Width!','AR3077801AMP20090039190034B00004','','2021-04-05 18:54:41'),('20210512',28,16,'D004001','D005005',18,NULL,'Failed to adjust Work Converyor Width!','AR3077801AMP20090039190034B00001','','2021-04-05 18:54:41'),('20210512',29,17,'D004001','D005005',19,NULL,'Failed to adjust Exit Converyor Width!','AR3077801AMP20090039190034B00001','','2021-04-05 18:54:41'),('20210512',30,18,'D004001','D005005',20,NULL,'Error not defined.','AR3077801AMP20090039190034B00001','','2021-04-05 18:54:41'),('20210512',31,19,'D004001','D005005',21,NULL,'Failed to find the Fiducials!','AR3077801AMP20090039190034B00007','','2021-04-05 18:54:41'),('20210512',32,20,'D004001','D005004',22,NULL,'PCB has too much Rotation.','AR3077801AMP20090039190034B00007','','2021-04-05 18:54:41'),('20210512',33,21,'D004001','D005013',23,NULL,'Failed to find the Fiducials after job changing!','AR3077801AMP20090039190034B00007','','2021-04-05 18:54:41'),('20210512',34,22,'D004002','D005001',27,NULL,'Control Power is off.','AR3077801AMP20090039190034B00009','','2021-04-05 18:54:41'),('20210512',35,23,'D004002','D005009',31,NULL,'DB Result Write Error','AR3077801AMP20090039190034B00009','','2021-04-05 18:54:41'),('20210512',36,24,'D004002','D005006',32,NULL,'Barcode recognize failure','AR3077801AMP20090039190034B00009','','2021-04-05 18:54:41'),('20210512',37,1,'D004001','D005001',6,NULL,'Defect pad on this PCB!','AR3077801AMP20090039190034B00000','','2021-05-09 01:54:41'),('20210512',38,1,'D004001','D005001',2,NULL,'Fiducial Error','AR3077801AMP20090039190034B00000','','2021-05-09 01:54:41'),('20210512',39,1,'D004001','D005002',6,NULL,'Defect pad on this PCB!','AR3077801AMP20090039190034B00000','','2021-05-09 01:54:41'),('20210512',40,5,'D004001','D005007',27,NULL,'Control Power is off.','AR3077801AMP20090039190034B00008','','2021-05-10 06:36:11'),('20210512',41,5,'D004001','D005007',32,NULL,'Barcode recognize failure','AR3077801AMP20090039190034B00009','','2021-05-10 06:36:11'),('20210512',42,5,'D004001','D005007',6,NULL,'Defect pad on this PCB!','AR3077801AMP20090039190034B00010','','2021-05-10 06:36:11'),('20210512',43,5,'D004001','D005007',9,NULL,'Exit Converyor Loading failed!','AR3077801AMP20090039190034B00011','','2021-05-10 06:36:11'),('20210512',44,6,'D004001','D005012',27,NULL,'Control Power is off.','AR3077801AMP20090039190034B00008','','2021-05-10 06:36:11'),('20210512',45,6,'D004001','D005012',32,NULL,'Barcode recognize failure','AR3077801AMP20090039190034B00009','','2021-05-10 06:36:11'),('20210512',46,6,'D004001','D005012',6,NULL,'Defect pad on this PCB!','AR3077801AMP20090039190034B00010','','2021-05-10 06:36:11'),('20210512',47,6,'D004001','D005012',9,NULL,'Exit Converyor Loading failed!','AR3077801AMP20090039190034B00011','','2021-05-10 06:36:11'),('20210512',48,14,'D004001','D005004',27,NULL,'Control Power is off.','AR3077801AMP20090039190034B00008','','2021-05-10 06:36:11'),('20210512',49,14,'D004001','D005004',32,NULL,'Barcode recognize failure','AR3077801AMP20090039190034B00009','','2021-05-10 06:36:11'),('20210512',50,14,'D004001','D005004',6,NULL,'Defect pad on this PCB!','AR3077801AMP20090039190034B00010','','2021-05-10 06:36:11'),('20210512',51,14,'D004001','D005004',9,NULL,'Exit Converyor Loading failed!','AR3077801AMP20090039190034B00011','','2021-05-10 06:36:11'),('20210520',52,14,'D004001','D005004',9,NULL,'Exit Converyor Loading failed!','AR3077801AMP20090039190034B00011','','2021-05-10 06:36:11');
/*!40000 ALTER TABLE `OWP_ALARM` ENABLE KEYS */;
UNLOCK TABLES;

--
-- Table structure for table `OWP_ALARM_LOG`
--

DROP TABLE IF EXISTS `OWP_ALARM_LOG`;
/*!40101 SET @saved_cs_client     = @@character_set_client */;
/*!40101 SET character_set_client = utf8 */;
CREATE TABLE `OWP_ALARM_LOG` (
  `ALARM_SEQ` bigint(11) unsigned NOT NULL AUTO_INCREMENT,
  `EQUIPSEQ` bigint(11) NOT NULL COMMENT '"MOI EdgePC에서 프로그램실행시 \r\n설비SEQ값을 구해온다.\r\n각각의 설비마다 고정값으로 조회한다."',
  `ALCD` int(4) DEFAULT NULL,
  `ALID` int(4) DEFAULT NULL,
  `ALTX` varchar(500) NOT NULL,
  `PCB_ID` varchar(100) NOT NULL,
  `PCB_IDs` varchar(500) NOT NULL COMMENT 'PCB_ID is separated by "," and registered',
  `WDATE` timestamp NULL DEFAULT NULL COMMENT '등록일',
  PRIMARY KEY (`ALARM_SEQ`) USING BTREE,
  KEY `ALARM_DATE` (`ALARM_SEQ`) USING BTREE
) ENGINE=InnoDB AUTO_INCREMENT=28 DEFAULT CHARSET=utf8 ROW_FORMAT=DYNAMIC;
/*!40101 SET character_set_client = @saved_cs_client */;

--
-- Dumping data for table `OWP_ALARM_LOG`
--

LOCK TABLES `OWP_ALARM_LOG` WRITE;
/*!40000 ALTER TABLE `OWP_ALARM_LOG` DISABLE KEYS */;
INSERT INTO `OWP_ALARM_LOG` VALUES (1,1,2,NULL,'Fiducial Error','AR3077801AMP20090039190034B00000','','2021-04-05 00:37:11'),(2,2,6,NULL,'Defect pad on this PCB!','AR3077801AMP20090039190034B00000','','2021-04-05 00:37:11'),(3,3,7,NULL,'Entry Converyor Loading failed!','AR3077801AMP20090039190034B00000','','2021-04-05 00:37:11'),(4,4,8,NULL,'Work Converyor Loading failed!','AR3077801AMP20090039190034B00002','','2021-04-05 00:37:11'),(5,5,9,NULL,'Exit Converyor Loading failed!','AR3077801AMP20090039190034B00002','','2021-04-05 00:37:11'),(6,6,12,NULL,'PCB Loading/Unloading failed!','AR3077801AMP20090039190034B00002','','2021-04-05 00:37:11'),(7,7,13,NULL,'Manual Motion failed!','AR3077801AMP20090039190034B00004','','2021-04-05 00:37:11'),(8,8,14,NULL,'Air Pressure Level is too low!','AR3077801AMP20090039190034B00004','','2021-04-05 00:37:11'),(9,9,17,NULL,'Failed to adjust Entry Converyor Width!','AR3077801AMP20090039190034B00004','','2021-04-05 00:37:11'),(10,16,18,NULL,'Failed to adjust Work Converyor Width!','AR3077801AMP20090039190034B00001','','2021-04-05 00:37:11'),(11,17,19,NULL,'Failed to adjust Exit Converyor Width!','AR3077801AMP20090039190034B00001','','2021-04-05 00:37:11'),(12,18,20,NULL,'Error not defined.','AR3077801AMP20090039190034B00001','','2021-04-05 00:37:11'),(13,19,21,NULL,'Failed to find the Fiducials!','AR3077801AMP20090039190034B00007','','2021-04-05 00:37:11'),(14,20,22,NULL,'PCB has too much Rotation.','AR3077801AMP20090039190034B00007','','2021-04-05 00:37:11'),(15,21,23,NULL,'Failed to find the Fiducials after job changing!','AR3077801AMP20090039190034B00007','','2021-04-05 00:37:11'),(16,22,27,NULL,'Control Power is off.','AR3077801AMP20090039190034B00009','','2021-04-05 00:37:11'),(17,23,31,NULL,'DB Result Write Error','AR3077801AMP20090039190034B00009','','2021-04-05 00:37:11'),(18,24,32,NULL,'Barcode recognize failure','AR3077801AMP20090039190034B00009','','2021-04-05 00:37:11'),(19,1,2,NULL,'Fiducial Error','AR3077801AMP20090039190034B00000','','2021-05-18 05:02:40'),(20,1,2,NULL,'Fiducial Error','AR3077801AMP20090039190034B00000','','2021-05-18 05:02:40'),(21,23,3,NULL,'Fiducial Error','AR3077801AMP20090039190034B00000','','2021-05-18 05:02:40'),(22,23,3,NULL,'Fiducial Error','AR3077801AMP20090039190034B00000','','2021-05-18 05:02:40');
/*!40000 ALTER TABLE `OWP_ALARM_LOG` ENABLE KEYS */;
UNLOCK TABLES;
/*!50003 SET @saved_cs_client      = @@character_set_client */ ;
/*!50003 SET @saved_cs_results     = @@character_set_results */ ;
/*!50003 SET @saved_col_connection = @@collation_connection */ ;
/*!50003 SET character_set_client  = utf8mb4 */ ;
/*!50003 SET character_set_results = utf8mb4 */ ;
/*!50003 SET collation_connection  = utf8mb4_general_ci */ ;
/*!50003 SET @saved_sql_mode       = @@sql_mode */ ;
/*!50003 SET sql_mode              = 'IGNORE_SPACE,STRICT_TRANS_TABLES,ERROR_FOR_DIVISION_BY_ZERO,NO_AUTO_CREATE_USER,NO_ENGINE_SUBSTITUTION' */ ;
DELIMITER ;;
/*!50003 CREATE*/ /*!50017 DEFINER=`MODULE_SF_DEV`@`%`*/ /*!50003 TRIGGER Trig_Alarm
AFTER INSERT
ON OWP_ALARM_LOG FOR EACH ROW
	INSERT INTO OWP_MODULE_SF.OWP_ALARM 
	(ALARM_DATE,ALARM_DATESEQ,EQUIPSEQ,
	EQP_ID,EQP_TYPE,
	ALCD,ALTX,PCB_ID,PCB_IDs,WDATE)
	VALUES 
	(DATE_FORMAT(CURDATE(), '%Y%m%d'), NEW.ALARM_SEQ,NEW.EQUIPSEQ,
		 (SELECT EQP_ID    FROM OWP_MODULE_SF.OWP_EQUIPMENT WHERE EQUIPSEQ = NEW.EQUIPSEQ),		
		 (SELECT EQP_TYPE  FROM OWP_MODULE_SF.OWP_EQUIPMENT WHERE EQUIPSEQ = NEW.EQUIPSEQ),		
         NEW.ALCD,NEW.ALTX,NEW.PCB_ID,NEW.PCB_IDs,NEW.WDATE) */;;
DELIMITER ;
/*!50003 SET sql_mode              = @saved_sql_mode */ ;
/*!50003 SET character_set_client  = @saved_cs_client */ ;
/*!50003 SET character_set_results = @saved_cs_results */ ;
/*!50003 SET collation_connection  = @saved_col_connection */ ;

--
-- Table structure for table `OWP_EQUIPMENT`
--

DROP TABLE IF EXISTS `OWP_EQUIPMENT`;
/*!40101 SET @saved_cs_client     = @@character_set_client */;
/*!40101 SET character_set_client = utf8 */;
CREATE TABLE `OWP_EQUIPMENT` (
  `EQUIPSEQ` bigint(11) unsigned NOT NULL AUTO_INCREMENT COMMENT '설비SEQ',
  `FACTORY_ID` char(7) NOT NULL COMMENT 'Factory명',
  `EQP_ID` char(7) NOT NULL COMMENT '라인명',
  `EQP_TYPE` char(7) NOT NULL COMMENT '설비종류',
  `EQUIP_ID` varchar(100) NOT NULL COMMENT '설비ID',
  `EQUIP_MODEL_NM` varchar(100) NOT NULL COMMENT '설비모델명',
  `MAKER` char(7) NOT NULL COMMENT '메이커',
  `MODEL_TYPE` char(7) NOT NULL COMMENT '모델 타입',
  `SERIAL_NO` varchar(100) NOT NULL COMMENT '시리얼번호',
  `SORT_SEQ` bigint(11) DEFAULT NULL COMMENT '정렬순서',
  `FLAG` char(1) NOT NULL COMMENT '사용여부',
  `WUSERSEQ` bigint(11) unsigned NOT NULL COMMENT '등록자',
  `WDATE` timestamp NOT NULL DEFAULT '0000-00-00 00:00:00' ON UPDATE current_timestamp() COMMENT '등록일',
  `MDATE` timestamp NULL DEFAULT NULL COMMENT '수정일',
  PRIMARY KEY (`EQUIPSEQ`),
  KEY `FK_EQ_FACTORY_ID` (`FACTORY_ID`),
  KEY `FK_EQ_EQP_ID` (`EQP_ID`),
  KEY `FK_EQ_EQP_TYPE` (`EQP_TYPE`),
  KEY `FK_EQ_MAKER` (`MAKER`),
  KEY `FK_EQ_MODEL_TYPE` (`MODEL_TYPE`),
  CONSTRAINT `FK_EQ_EQP_ID` FOREIGN KEY (`EQP_ID`) REFERENCES `IPX_COMMONCODE` (`CODEID`),
  CONSTRAINT `FK_EQ_EQP_TYPE` FOREIGN KEY (`EQP_TYPE`) REFERENCES `IPX_COMMONCODE` (`CODEID`),
  CONSTRAINT `FK_EQ_FACTORY_ID` FOREIGN KEY (`FACTORY_ID`) REFERENCES `IPX_COMMONCODE` (`CODEID`),
  CONSTRAINT `FK_EQ_MAKER` FOREIGN KEY (`MAKER`) REFERENCES `IPX_COMMONCODE` (`CODEID`),
  CONSTRAINT `FK_EQ_MODEL_TYPE` FOREIGN KEY (`MODEL_TYPE`) REFERENCES `IPX_COMMONCODE` (`CODEID`)
) ENGINE=InnoDB AUTO_INCREMENT=105 DEFAULT CHARSET=utf8 COMMENT='설비정보(생산장비의 기초정보)';
/*!40101 SET character_set_client = @saved_cs_client */;

--
-- Dumping data for table `OWP_EQUIPMENT`
--

LOCK TABLES `OWP_EQUIPMENT` WRITE;
/*!40000 ALTER TABLE `OWP_EQUIPMENT` DISABLE KEYS */;
INSERT INTO `OWP_EQUIPMENT` VALUES (1,'D010001','D004001','D005001','C/M01- SP','MOMENTUM ELITE','D007001','D006001','M203342',1,'Y',1,'2021-05-18 16:35:42',NULL),(2,'D010001','D004001','D005009','C/M01- SR','1810MKⅢ_REFLOW','D007002','D006002','0115N3F-B2N8S-39353',1,'Y',1,'2021-05-18 16:35:43',NULL),(3,'D010001','D004001','D005006','C/M01-03','NXT3 M6','D007003','D006003','NXTM6F003992',1,'Y',1,'2021-05-18 16:35:43',NULL),(4,'D010001','D004001','D005006','C/M01-04','NXT3 M6','D007003','D006003','NXTM6F004035',1,'Y',1,'2021-05-18 16:35:43',NULL),(5,'D010001','D004001','D005007','C/M01-AOI','QX500_AOI','D007004','D006004','95185',1,'Y',1,'2021-05-18 16:35:43',NULL),(6,'D010001','D004001','D005012','C/M01-AOI-1','SQ3000','D007005','D006004','S1003',1,'Y',1,'2021-05-18 16:35:43',NULL),(7,'D010001','D004001','D005002','C/M01-BF','FFB1100E_CB','D007006','D006005','F9-0173-F8',1,'Y',1,'2021-05-18 16:35:43',NULL),(8,'D010001','D004001','D005005','C/M01-NPMD-01~06','NPM-D3','D007007','D006006','1CQV7991',1,'Y',1,'2021-05-18 16:35:43',NULL),(14,'D010001','D004001','D005004','C/M01-SPI','KY8030-3','D007008','D006007','SS-RL-00024',1,'Y',1,'2021-05-18 16:35:43',NULL),(15,'D010001','D004001','D005013','C/M01-TCU','FTCU1000AS_PER_TCU','D007009','D006005','F9-0395-KA',1,'Y',1,'2021-05-18 16:35:43',NULL),(16,'D010001','D004002','D005001','C/M02- SP','MOMENTUM ELITE','D007001','D006001','M203341',1,'Y',1,'2021-05-18 16:35:43',NULL),(17,'D010001','D004002','D005009','C/M02- SR','1810MKⅢ_REFLOW','D007002','D006002','0115N3F-B2N8S-39352',1,'Y',1,'2021-05-18 16:35:43',NULL),(18,'D010001','D004002','D005006','C/M02-AOI','QX500_AOI','D007004','D006004','95192',1,'Y',1,'2021-05-18 16:35:43',NULL),(19,'D010001','D004002','D005006','C/M02-AOI-1','SQ3000','D007005','D006004','S1006',1,'Y',1,'2021-05-18 16:35:43',NULL),(20,'D010001','D004002','D005007','C/M02-BF','FFB1100E_CB','D007006','D006005','F9-0171-F8',1,'Y',1,'2021-05-18 16:35:43',NULL),(21,'D010001','D004002','D005012','C/M02-SPI','KY8030-3','D007008','D006007','SS-RL-00023',1,'Y',1,'2021-05-18 16:35:43',NULL),(22,'D010001','D004002','D005002','C/M02-TCU','FTCU1000AS_PER_TCU','D007009','D006005','F9-0397-KA',1,'Y',1,'2021-05-18 16:35:43',NULL),(23,'D010001','D004002','D005005','CM02-01~08','NPM-D3','D007007','D006006','1CQV3270',1,'Y',1,'2021-05-18 16:35:43',NULL),(101,'D010001','D004001','D005001','C/M01-SP','MOMENTUM ELITE','D015001','D016001','M203342',1,'Y',1,'2021-05-18 16:38:52',NULL),(102,'D010001','D004003','D005004','C/M01- SR','1810MKⅢ_REFLOW','D015001','D016001','0115N3F-B2N8S-39353',2,'Y',1,'2021-05-18 16:42:50',NULL),(103,'D010001','D004002','D005002','TEST1','TEST1','D015001','D016001','TEST1',9876,'Y',1,'2021-05-18 16:42:04',NULL),(104,'D010001','D004001','D005001','TEST','TESET','D015001','D016001','TEST',1,'Y',1,'2021-05-18 16:41:31',NULL);
/*!40000 ALTER TABLE `OWP_EQUIPMENT` ENABLE KEYS */;
UNLOCK TABLES;

--
-- Table structure for table `OWP_EQUIPMENT_copy`
--

DROP TABLE IF EXISTS `OWP_EQUIPMENT_copy`;
/*!40101 SET @saved_cs_client     = @@character_set_client */;
/*!40101 SET character_set_client = utf8 */;
CREATE TABLE `OWP_EQUIPMENT_copy` (
  `EQUIPSEQ` bigint(11) unsigned NOT NULL DEFAULT 0 COMMENT '설비SEQ',
  `FACTORY_ID` char(7) NOT NULL COMMENT 'Factory명',
  `EQP_ID` char(7) NOT NULL COMMENT '라인명',
  `EQP_TYPE` char(7) NOT NULL COMMENT '설비종류',
  `EQUIP_ID` varchar(100) NOT NULL COMMENT '설비ID',
  `EQUIP_MODEL_NM` varchar(100) NOT NULL COMMENT '설비모델명',
  `MAKER` char(7) NOT NULL COMMENT '메이커',
  `MODEL_TYPE` char(7) NOT NULL COMMENT '모델 타입',
  `SERIAL_NO` varchar(100) NOT NULL COMMENT '시리얼번호',
  `SORT_SEQ` bigint(11) DEFAULT NULL COMMENT '정렬순서',
  `FLAG` char(1) NOT NULL COMMENT '사용여부',
  `WUSERSEQ` bigint(11) unsigned NOT NULL COMMENT '등록자',
  `WDATE` timestamp NOT NULL DEFAULT '0000-00-00 00:00:00' ON UPDATE current_timestamp() COMMENT '등록일',
  `MDATE` timestamp NULL DEFAULT NULL COMMENT '수정일'
) ENGINE=InnoDB DEFAULT CHARSET=utf8;
/*!40101 SET character_set_client = @saved_cs_client */;

--
-- Dumping data for table `OWP_EQUIPMENT_copy`
--

LOCK TABLES `OWP_EQUIPMENT_copy` WRITE;
/*!40000 ALTER TABLE `OWP_EQUIPMENT_copy` DISABLE KEYS */;
INSERT INTO `OWP_EQUIPMENT_copy` VALUES (1,'D010001','D013001','D014001','C/M01-SP','MOMENTUM ELITE','D015001','D016001','M203342',1,'Y',1,'2021-05-18 16:36:07',NULL),(2,'D010001','D013002','D014003','C/M01- SR','1810MKⅢ_REFLOW','D015001','D016001','0115N3F-B2N8S-39353',2,'Y',1,'2021-05-18 16:36:07',NULL),(3,'D010001','D013002','D014002','TEST1','TEST1','D015001','D016001','TEST1',9876,'Y',1,'2021-05-18 16:36:07',NULL),(4,'D010001','D013001','D014001','TEST','TESET','D015001','D016001','TEST',1,'Y',1,'2021-05-18 16:36:07',NULL);
/*!40000 ALTER TABLE `OWP_EQUIPMENT_copy` ENABLE KEYS */;
UNLOCK TABLES;

--
-- Table structure for table `OWP_EQUIP_UPTIME`
--

DROP TABLE IF EXISTS `OWP_EQUIP_UPTIME`;
/*!40101 SET @saved_cs_client     = @@character_set_client */;
/*!40101 SET character_set_client = utf8 */;
CREATE TABLE `OWP_EQUIP_UPTIME` (
  `UPTIME_DATE` char(8) NOT NULL,
  `UPTIME_DATESEQ` bigint(11) unsigned NOT NULL AUTO_INCREMENT,
  `EQUIPSEQ` bigint(11) NOT NULL,
  `EQP_ID` char(7) NOT NULL COMMENT 'CM01, CM02\r\n---\r\nGroupID=D004000',
  `EQP_TYPE` char(7) NOT NULL COMMENT 'PRINT, SPI,~\r\n---\r\nGroupID=D005000',
  `EQP_STATUS_CHANGE` char(7) NOT NULL COMMENT 'DOWN, IDLE, STAND BY, RUN, PAUSE\r\n---\r\nGroupID=D011000',
  `CONTROL_STATUS_CHANGE` char(7) NOT NULL COMMENT 'OFF-LINE, ON-LINE, ON-LINE REMOTE\r\n---\r\nGroupID=D012000',
  `LOT_ID` varchar(100) NOT NULL,
  `START_DATETIME` datetime NOT NULL COMMENT '상태변경이 시작된 시간',
  `END_DATETIME` datetime NOT NULL COMMENT '"상태변경이 완료된 시간(24시간 \n동작하므로 다른날이 될수 있다)"',
  `WDATE` timestamp NULL DEFAULT NULL COMMENT '등록일',
  PRIMARY KEY (`UPTIME_DATESEQ`) USING BTREE,
  KEY `UPTIME_DATE` (`UPTIME_DATE`,`UPTIME_DATESEQ`) USING BTREE
) ENGINE=InnoDB AUTO_INCREMENT=134 DEFAULT CHARSET=utf8 ROW_FORMAT=DYNAMIC;
/*!40101 SET character_set_client = @saved_cs_client */;

--
-- Dumping data for table `OWP_EQUIP_UPTIME`
--

LOCK TABLES `OWP_EQUIP_UPTIME` WRITE;
/*!40000 ALTER TABLE `OWP_EQUIP_UPTIME` DISABLE KEYS */;
INSERT INTO `OWP_EQUIP_UPTIME` VALUES ('20210512',25,1,'D004001','D005001','D011004','D012004','WI06N0994I','2021-05-08 09:59:59','2021-05-08 10:29:59','2021-04-05 18:59:59'),('20210512',26,1,'D004001','D005009','D011002','D012004','WI06N0985I-01A','2021-04-06 03:59:59','2021-04-06 03:59:59','2021-04-05 18:59:59'),('20210512',27,1,'D004001','D005006','D011004','D012004','WI06N0985I-01A','2021-04-06 03:59:59','2021-04-06 03:59:59','2021-04-05 18:59:59'),('20210512',28,1,'D004001','D005006','D011005','D012004','WI06N0985I-01A','2021-04-06 03:59:59','2021-04-06 03:59:59','2021-04-05 18:59:59'),('20210512',29,5,'D004001','D005007','D011004','D012004','WI06N0997I','2021-04-06 03:59:59','2021-04-06 05:59:59','2021-04-05 18:59:59'),('20210512',30,1,'D004001','D005012','D011003','D012002','WI06N0985I-01A','2021-04-06 03:59:59','2021-04-06 03:59:59','2021-04-05 18:59:59'),('20210512',31,1,'D004001','D005002','D011002','D012002','WI06N0985I-01A','2021-04-06 03:59:59','2021-04-06 03:59:59','2021-04-05 18:59:59'),('20210512',32,2,'D004001','D005005','D011006','D012002','WI06N0996I','2021-04-06 03:59:59','2021-04-06 05:59:59','2021-04-05 18:59:59'),('20210512',33,2,'D004001','D005005','D011002','D012002','WI06N0996I','2021-04-06 03:59:59','2021-04-06 07:59:59','2021-04-05 18:59:59'),('20210512',34,2,'D004001','D005005','D011002','D012004','WI06N0996I','2021-04-06 03:59:59','2021-04-06 04:59:59','2021-04-05 18:59:59'),('20210512',35,2,'D004001','D005005','D011004','D012004','WI06N0996I','2021-04-06 03:59:59','2021-04-06 08:59:59','2021-04-05 18:59:59'),('20210512',36,2,'D004001','D005005','D011005','D012004','WI06N0996I','2021-04-06 03:59:59','2021-04-06 03:59:59','2021-04-05 18:59:59'),('20210512',37,2,'D004001','D005005','D011004','D012004','WI06N0996I','2021-04-06 03:59:59','2021-04-06 03:59:59','2021-04-05 18:59:59'),('20210512',38,2,'D004001','D005004','D011003','D012004','WI06N0985I-01A','2021-04-06 03:59:59','2021-04-06 03:59:59','2021-04-05 18:59:59'),('20210512',39,2,'D004001','D005013','D011002','D012004','WI06N0985I-01A','2021-04-06 03:59:59','2021-04-06 03:59:59','2021-04-05 18:59:59'),('20210512',40,3,'D004002','D005001','D011006','D012004','WI06N0994I','2021-04-06 03:59:59','2021-04-06 03:59:59','2021-04-05 18:59:59'),('20210512',41,3,'D004002','D005009','D011002','D012004','EI89N39201-01A','2021-04-06 03:59:59','2021-04-06 03:59:59','2021-04-05 18:59:59'),('20210512',42,3,'D004002','D005006','D011002','D012002','EI89N39201-01A','2021-04-06 03:59:59','2021-04-06 03:59:59','2021-04-05 18:59:59'),('20210512',43,3,'D004002','D005006','D011004','D012002','EI89N39201-01A','2021-04-06 03:59:59','2021-04-06 03:59:59','2021-04-05 18:59:59'),('20210512',44,5,'D004001','D005007','D011005','D012004','WI06N0997I','2021-04-06 05:59:59','2021-04-06 09:59:59','2021-04-05 18:59:59'),('20210512',45,3,'D004002','D005012','D011004','D012004','EI89N39201-01A','2021-04-06 03:59:59','2021-04-06 03:59:59','2021-04-05 18:59:59'),('20210512',46,3,'D004002','D005002','D011003','D012004','EI89N39201-01A','2021-04-06 03:59:59','2021-04-06 03:59:59','2021-04-05 18:59:59'),('20210512',47,3,'D004002','D005005','D011002','D012002','WI06N0996I','2021-04-06 03:59:59','2021-04-06 03:59:59','2021-04-05 18:59:59'),('20210512',48,3,'D004002','D005005','D011006','D012002','WI06N0996I','2021-04-06 03:59:59','2021-04-06 03:59:59','2021-04-05 18:59:59'),('20210512',49,3,'D004001','D005005','D011006','D012004','WI06N0996I','2021-04-06 03:59:59','2021-04-06 03:59:59','2021-04-05 18:59:59'),('20210512',74,1,'D004001','D005001','D011004','D012004','WI06N0994I','2021-04-30 03:59:59','2021-04-30 03:59:59','2021-04-29 18:59:59'),('20210512',75,1,'D004001','D005009','D011002','D012004','WI06N0985I-01A','2021-04-30 03:59:59','2021-04-30 03:59:59','2021-04-29 18:59:59'),('20210512',76,1,'D004001','D005006','D011004','D012004','WI06N0985I-01A','2021-04-30 03:59:59','2021-04-30 03:59:59','2021-04-29 18:59:59'),('20210512',77,1,'D004001','D005006','D011005','D012004','WI06N0985I-01A','2021-04-30 03:59:59','2021-04-30 03:59:59','2021-04-29 18:59:59'),('20210512',78,5,'D004001','D005007','D011004','D012004','WI06N0997I','2021-04-30 03:59:59','2021-04-30 03:59:59','2021-04-29 18:59:59'),('20210512',79,1,'D004001','D005012','D011003','D012002','WI06N0985I-01A','2021-04-30 03:59:59','2021-04-30 03:59:59','2021-04-29 18:59:59'),('20210512',80,1,'D004001','D005002','D011002','D012002','WI06N0985I-01A','2021-04-30 03:59:59','2021-04-30 03:59:59','2021-04-29 18:59:59'),('20210512',81,2,'D004001','D005005','D011006','D012002','WI06N0996I','2021-04-30 03:59:59','2021-04-30 03:59:59','2021-04-29 18:59:59'),('20210512',82,2,'D004001','D005005','D011002','D012002','WI06N0996I','2021-04-30 03:59:59','2021-04-30 03:59:59','2021-04-29 18:59:59'),('20210512',83,2,'D004001','D005005','D011002','D012004','WI06N0996I','2021-04-30 03:59:59','2021-04-30 03:59:59','2021-04-29 18:59:59'),('20210512',84,2,'D004001','D005005','D011004','D012004','WI06N0996I','2021-04-30 03:59:59','2021-04-30 03:59:59','2021-04-29 18:59:59'),('20210512',85,2,'D004001','D005005','D011005','D012004','WI06N0996I','2021-04-30 03:59:59','2021-04-30 03:59:59','2021-04-29 18:59:59'),('20210512',86,2,'D004001','D005005','D011004','D012004','WI06N0996I','2021-04-30 03:59:59','2021-04-30 03:59:59','2021-04-29 18:59:59'),('20210512',87,2,'D004001','D005004','D011003','D012004','WI06N0985I-01A','2021-04-30 03:59:59','2021-04-30 03:59:59','2021-04-29 18:59:59'),('20210512',88,2,'D004001','D005013','D011002','D012004','WI06N0985I-01A','2021-04-30 03:59:59','2021-04-30 03:59:59','2021-04-29 18:59:59'),('20210512',89,3,'D004002','D005001','D011006','D012004','WI06N0994I','2021-04-30 03:59:59','2021-04-30 03:59:59','2021-04-29 18:59:59'),('20210512',90,3,'D004002','D005009','D011002','D012004','EI89N39201-01A','2021-04-30 03:59:59','2021-04-30 03:59:59','2021-04-29 18:59:59'),('20210512',91,3,'D004002','D005006','D011002','D012002','EI89N39201-01A','2021-04-30 03:59:59','2021-04-30 03:59:59','2021-04-29 18:59:59'),('20210512',92,3,'D004002','D005006','D011004','D012002','EI89N39201-01A','2021-04-30 03:59:59','2021-04-30 03:59:59','2021-04-29 18:59:59'),('20210512',93,5,'D004002','D005007','D011005','D012002','WI06N0997I','2021-04-30 03:59:59','2021-04-30 03:59:59','2021-04-29 18:59:59'),('20210512',94,3,'D004002','D005012','D011004','D012004','EI89N39201-01A','2021-04-30 03:59:59','2021-04-30 03:59:59','2021-04-29 18:59:59'),('20210512',95,3,'D004002','D005002','D011003','D012004','EI89N39201-01A','2021-04-30 03:59:59','2021-04-30 03:59:59','2021-04-29 18:59:59'),('20210512',96,3,'D004002','D005005','D011002','D012002','WI06N0996I','2021-04-30 03:59:59','2021-04-30 03:59:59','2021-04-29 18:59:59'),('20210512',97,3,'D004002','D005005','D011006','D012002','WI06N0996I','2021-04-30 03:59:59','2021-04-30 03:59:59','2021-04-29 18:59:59'),('20210512',98,1,'D004001','D005001','D011003','D012004','WI06N0994I','2021-05-08 10:30:00','2021-05-08 11:30:00','2021-05-08 01:29:59'),('20210512',99,1,'D004001','D005001','D011005','D012004','WI06N0994I','2021-05-08 11:30:00','2021-05-08 12:30:00','2021-05-08 02:30:00'),('20210512',100,2,'D004001','D005004','D011003','D012004','WI06N0985I-01A','2021-04-30 03:59:59','2021-04-30 05:59:59','2021-04-29 18:59:59'),('20210512',101,7,'D004001','D005002','D011003','D012004','WI06N0995I','2021-05-09 10:30:00','2021-05-09 11:30:00','2021-05-09 01:29:59'),('20210512',102,7,'D004001','D005002','D011005','D012004','WI06N0995I','2021-05-09 11:30:00','2021-05-09 12:30:00','2021-05-09 01:29:59'),('20210512',103,7,'D004001','D005002','D011003','D012004','WI06N0995I','2021-05-09 03:59:59','2021-05-09 05:59:59','2021-05-09 01:29:59'),('20210512',104,1,'D004001','D005001','D011002','D012004','WI06N0994I','2021-05-09 11:30:00','2021-05-09 12:30:00','2021-05-09 02:30:00'),('20210512',120,5,'D004001','D005007','D011005','D012002','WI06N0997I','2021-04-06 05:59:59','2021-04-06 09:59:59','2021-04-05 18:59:59'),('20210512',121,6,'D004001','D005012','D011004','D012004','WI06N0985I-01A','2021-04-06 03:59:59','2021-04-06 05:59:59','2021-04-05 18:59:59'),('20210512',122,6,'D004001','D005012','D011005','D012004','EI89N39201-01A','2021-04-06 05:59:59','2021-04-06 09:59:59','2021-04-05 18:59:59'),('20210512',123,6,'D004001','D005012','D011005','D012002','EI89N39201-01A','2021-04-06 05:59:59','2021-04-06 09:59:59','2021-04-05 18:59:59'),('20210512',125,2,'D004001','D005004','D011003','D012004','WI06N0985I-01A','2021-04-06 03:59:59','2021-04-06 06:59:59','2021-04-05 18:59:59'),('20210512',126,2,'D004001','D005004','D011003','D012004','WI06N0985I-01A','2021-04-30 06:59:59','2021-04-30 07:59:59','2021-04-29 18:59:59'),('20210512',127,2,'D004001','D005004','D011003','D012004','WI06N0985I-01A','2021-04-30 07:59:59','2021-04-30 10:59:59','2021-04-29 18:59:59'),('20210512',128,2,'D004001','D005009','D011003','D012004','WI06N0985I','2021-05-11 03:59:59','2021-05-11 06:59:59','2021-04-05 18:59:59'),('20210512',129,2,'D004001','D005009','D011003','D012004','WI06N0985I','2021-05-11 06:59:59','2021-05-11 07:59:59','2021-04-29 18:59:59'),('20210512',130,2,'D004001','D005009','D011003','D012004','WI06N0985I','2021-05-10 07:59:59','2021-05-10 10:59:59','2021-04-29 18:59:59'),('20210513',131,1,'D004001','D005001','D011004','D012004','WI06N0994I','2021-05-13 09:59:59','2021-05-13 10:59:58','2021-05-13 01:59:58'),('20210513',132,3,'D004001','D005001','D011006','D012002','WI06N0996I','2021-05-13 10:59:59','2021-05-13 11:59:58','2021-05-13 02:59:58'),('20210513',133,1,'D004001','D005001','D011005','D012004','WI06N0994I','2021-05-13 11:59:59','2021-05-13 12:59:58','2021-05-13 03:59:58');
/*!40000 ALTER TABLE `OWP_EQUIP_UPTIME` ENABLE KEYS */;
UNLOCK TABLES;

--
-- Table structure for table `OWP_EQUIP_UPTIME_LOG`
--

DROP TABLE IF EXISTS `OWP_EQUIP_UPTIME_LOG`;
/*!40101 SET @saved_cs_client     = @@character_set_client */;
/*!40101 SET character_set_client = utf8 */;
CREATE TABLE `OWP_EQUIP_UPTIME_LOG` (
  `UPTIME_SEQ` bigint(11) unsigned NOT NULL AUTO_INCREMENT,
  `EQUIPSEQ` bigint(11) NOT NULL COMMENT '"MOI EdgePC에서 프로그램실행시 \n설비SEQ값을 구해온다.\n각각의 설비마다 고정값으로 조회한다."',
  `EQP_STATUS_CHANGE` char(7) NOT NULL COMMENT 'DOWN, IDLE, STAND BY, RUN, PAUSE\r\n---\r\nGroupID=D011000',
  `CONTROL_STATUS_CHANGE` char(7) NOT NULL COMMENT 'OFF-LINE, ON-LINE, ON-LINE REMOTE\r\n---\r\nGroupID=D012000',
  `LOT_ID` varchar(100) NOT NULL,
  `START_DATETIME` datetime NOT NULL COMMENT '상태변경이 시작된 시간',
  `END_DATETIME` datetime NOT NULL COMMENT '상태변경이 시작된 시간',
  `WDATE` timestamp NULL DEFAULT NULL ON UPDATE current_timestamp() COMMENT '등록일',
  PRIMARY KEY (`UPTIME_SEQ`) USING BTREE,
  KEY `UPTIME_DATE` (`UPTIME_SEQ`) USING BTREE
) ENGINE=InnoDB AUTO_INCREMENT=50 DEFAULT CHARSET=utf8 ROW_FORMAT=DYNAMIC;
/*!40101 SET character_set_client = @saved_cs_client */;

--
-- Dumping data for table `OWP_EQUIP_UPTIME_LOG`
--

LOCK TABLES `OWP_EQUIP_UPTIME_LOG` WRITE;
/*!40000 ALTER TABLE `OWP_EQUIP_UPTIME_LOG` DISABLE KEYS */;
INSERT INTO `OWP_EQUIP_UPTIME_LOG` VALUES (25,1,'D011006','D012004','WI06N0985I-01A','2021-04-05 09:48:35','0000-00-00 00:00:00','2021-04-24 23:41:27'),(26,1,'D011002','D012004','WI06N0985I-01A','2021-04-05 09:48:35','0000-00-00 00:00:00','2021-04-24 23:41:27'),(27,1,'D011004','D012004','WI06N0985I-01A','2021-04-05 09:48:35','0000-00-00 00:00:00','2021-04-24 23:41:27'),(28,1,'D011005','D012004','WI06N0985I-01A','2021-04-05 09:48:35','0000-00-00 00:00:00','2021-04-24 23:41:27'),(29,1,'D011004','D012004','WI06N0985I-01A','2021-04-05 09:48:35','0000-00-00 00:00:00','2021-04-24 23:41:27'),(30,1,'D011003','D012002','WI06N0985I-01A','2021-04-05 09:48:35','0000-00-00 00:00:00','2021-04-24 23:41:27'),(31,1,'D011002','D012002','WI06N0985I-01A','2021-04-05 09:48:35','0000-00-00 00:00:00','2021-04-24 23:41:27'),(32,2,'D011006','D012002','WI06N0985I-01A','2021-04-05 09:48:35','0000-00-00 00:00:00','2021-04-24 23:41:27'),(33,2,'D011002','D012002','WI06N0985I-01A','2021-04-05 09:48:35','0000-00-00 00:00:00','2021-04-24 23:41:27'),(34,2,'D011002','D012004','WI06N0985I-01A','2021-04-05 09:48:35','0000-00-00 00:00:00','2021-04-24 23:41:27'),(35,2,'D011004','D012004','WI06N0985I-01A','2021-04-05 09:48:35','0000-00-00 00:00:00','2021-04-24 23:41:27'),(36,2,'D011005','D012004','WI06N0985I-01A','2021-04-05 09:48:35','0000-00-00 00:00:00','2021-04-24 23:41:27'),(37,2,'D011004','D012004','WI06N0985I-01A','2021-04-05 09:48:35','0000-00-00 00:00:00','2021-04-24 23:41:27'),(38,2,'D011003','D012004','WI06N0985I-01A','2021-04-05 09:48:35','0000-00-00 00:00:00','2021-04-24 23:41:27'),(39,2,'D011002','D012004','WI06N0985I-01A','2021-04-05 09:48:35','0000-00-00 00:00:00','2021-04-24 23:41:27'),(40,3,'D011006','D012004','EI89N39201-01A','2021-04-05 09:48:35','0000-00-00 00:00:00','2021-04-24 23:41:27'),(41,3,'D011002','D012004','EI89N39201-01A','2021-04-05 09:48:35','0000-00-00 00:00:00','2021-04-24 23:41:27'),(42,3,'D011002','D012002','EI89N39201-01A','2021-04-05 09:48:35','0000-00-00 00:00:00','2021-04-24 23:41:27'),(43,3,'D011004','D012002','EI89N39201-01A','2021-04-05 09:48:35','0000-00-00 00:00:00','2021-04-24 23:41:27'),(44,3,'D011005','D012002','EI89N39201-01A','2021-04-05 09:48:35','0000-00-00 00:00:00','2021-04-24 23:41:27'),(45,3,'D011004','D012004','EI89N39201-01A','2021-04-05 09:48:35','0000-00-00 00:00:00','2021-04-24 23:41:27'),(46,3,'D011003','D012004','EI89N39201-01A','2021-04-05 09:48:35','0000-00-00 00:00:00','2021-04-24 23:41:27'),(47,3,'D011002','D012002','EI89N39201-01A','2021-04-05 09:48:35','0000-00-00 00:00:00','2021-04-24 23:41:27'),(48,3,'D011006','D012002','EI89N39201-01A','2021-04-05 09:48:35','0000-00-00 00:00:00','2021-04-24 23:41:27'),(49,1,'DOWN','ONLINE','WI06N0985I-01A','2021-05-18 09:20:00','2021-05-18 15:20:00','2021-05-18 05:08:05');
/*!40000 ALTER TABLE `OWP_EQUIP_UPTIME_LOG` ENABLE KEYS */;
UNLOCK TABLES;

--
-- Table structure for table `OWP_HIGH_MUT_OUTPUT`
--

DROP TABLE IF EXISTS `OWP_HIGH_MUT_OUTPUT`;
/*!40101 SET @saved_cs_client     = @@character_set_client */;
/*!40101 SET character_set_client = utf8 */;
CREATE TABLE `OWP_HIGH_MUT_OUTPUT` (
  `OUTPUT_DATE` char(8) NOT NULL,
  `OUTPUT_DATESEQ` bigint(11) unsigned NOT NULL AUTO_INCREMENT,
  `EQUIPSEQ` bigint(11) unsigned NOT NULL COMMENT '"When running the program from the MOI EdgePC, the equipment SEQ value is brought.\nSearch by fixed value for each equipment."',
  `EQP_ID` char(7) NOT NULL COMMENT 'CM01, CM02\r\n---\r\nGroupID=D004000',
  `EQP_TYPE` char(7) NOT NULL COMMENT 'PRINT, SPI,~\r\n---\r\nGroupID=D005000',
  `PCB_ID` varchar(100) NOT NULL,
  `CURRENT_RECIPE_ID` varchar(100) NOT NULL,
  `RAIL_WIDTH` varchar(20) NOT NULL,
  `CONTROL_STATUS` char(7) NOT NULL COMMENT 'GroupID=D012000',
  `PCB_ID2` varchar(100) NOT NULL,
  `CONFIRM_FLAG2` varchar(1) NOT NULL,
  `LOT_ID2` varchar(100) NOT NULL,
  `RECIPE_NAME2` varchar(500) NOT NULL,
  `PROD_ID2` varchar(100) NOT NULL,
  `OPER_ID2` varchar(100) NOT NULL,
  `CONFIRM_MSG2` varchar(500) NOT NULL,
  `APC_FILE_NAME2` varchar(100) NOT NULL,
  `PCB_ID3` varchar(100) NOT NULL,
  `EQP_SEQ_NO3` int(4) NOT NULL,
  `LANE_NO3` int(4) NOT NULL,
  `ORIGINLOCATION3` int(4) NOT NULL,
  `ROWS3` int(4) NOT NULL,
  `COLUMNS3` int(4) NOT NULL,
  `CELL_STATUS3` varchar(100) NOT NULL,
  `LOT_ID3` varchar(100) NOT NULL,
  `TOTAL_CYCLE_TIME3` varchar(100) NOT NULL,
  `CELL_GRADE3` varchar(500) NOT NULL,
  `PCB_UNIT_ID3` varchar(500) NOT NULL,
  `MODULE1_3` varchar(100) NOT NULL,
  `START_TIME1_3` varchar(100) NOT NULL,
  `END_TIME1_3` varchar(100) NOT NULL,
  `MODULE2_3` varchar(100) NOT NULL,
  `START_TIME2_3` varchar(100) NOT NULL,
  `END_TIME2_3` varchar(100) NOT NULL,
  `MODULE3_3` varchar(100) NOT NULL,
  `START_TIME3_3` varchar(100) NOT NULL,
  `END_TIME3_3` varchar(100) NOT NULL,
  `WDATE` timestamp NULL DEFAULT NULL ON UPDATE current_timestamp(),
  PRIMARY KEY (`OUTPUT_DATESEQ`),
  KEY `OUTPUT_DATE` (`OUTPUT_DATE`,`OUTPUT_DATESEQ`) USING BTREE
) ENGINE=InnoDB AUTO_INCREMENT=17 DEFAULT CHARSET=utf8 ROW_FORMAT=DYNAMIC;
/*!40101 SET character_set_client = @saved_cs_client */;

--
-- Dumping data for table `OWP_HIGH_MUT_OUTPUT`
--

LOCK TABLES `OWP_HIGH_MUT_OUTPUT` WRITE;
/*!40000 ALTER TABLE `OWP_HIGH_MUT_OUTPUT` DISABLE KEYS */;
INSERT INTO `OWP_HIGH_MUT_OUTPUT` VALUES ('20210512',1,1,'D004001','D005001','KR3066027A0000000000001000A00000','HMSA-S6502-001-01000','1400.45','D012002','KR3066027A0000000000001000A00000','T','WI06N0985I','S3671-005-010001-AD-FJ','MAIPS20070ST4RFA1B-002','5200','CONFIRM_F_COMMENT','ADFAAAAAAAAAAAAAAAA03658','KR3066027A0000000000001000A00010',1,1,1,1,1,'1000100','WI06N0985I','00:05:04','1000100','AR3077801AMP20090039190034B10000,AR3077801AMP20090039190034B20000,AR3077801AMP20090039190034B30000','LOAD','2021-01-18 17:25:26','2021-01-18 17:25:29','WORK','2021-01-18 17:25:29','2021-01-18 17:26:00','END','2021-01-18 17:26:00','2021-01-18 17:26:01','2021-05-11 15:19:14'),('20210512',2,1,'D004001','D005009','KR3066027A0000000000001000A00001','HMSA-S6502-001-01000','1400.45','D012004','KR3066027A0000000000001000A00001','T','WI06N0985I','S3671-005-010001-AD-FJ','MAIPS20070ST4RFA1B-002','5200','CONFIRM_Frue','ADFAAAAAAAAAAAAAAAA03658','KR3066027A0000000000001000A00000',1,1,2,2,2,'1000100','WI06N0985I','00:05:08','1000100','AR3077801AMP20090039190034B10000,AR3077801AMP20090039190034B20000,AR3077801AMP20090039190034B30000','LOAD','2021-01-18 17:26:06','2021-01-18 17:26:09','WORK','2021-01-18 17:26:09','2021-01-18 17:27:10','END','2021-01-18 17:27:00','2021-01-18 17:27:21','2021-05-11 15:19:14'),('20210512',3,1,'D004001','D005006','KR3066027A0000000000001000A00002','HMSA-S6502-001-01000','1450.45','D012003','KR3066027A0000000000001000A00002','T','WI06N0986I','S3671-005-010001-AD-FJ','MAIPS20070ST4RFA1B-002','5300','CONFIRM_Frue','ADFAAAAAAAAAAAAAAAA03658','KR3066027A0000000000001000A00001',2,1,3,3,3,'1000100','WI06N0986I','00:05:15','1000100','AR3077801AMP20090039190034B10000,AR3077801AMP20090039190034B20000,AR3077801AMP20090039190034B30000','LOAD','2021-01-18 17:25:26','2021-01-18 17:25:29','WORK','2021-01-18 17:25:30','2021-01-18 17:26:01','END','2021-01-18 17:26:00','2021-01-18 17:26:01','2021-05-11 15:19:14'),('20210512',4,1,'D004001','D005006','KR3066027A0000000000001000A00003','HMSA-S6502-001-01000','1500.30','D012002','KR3066027A0000000000001000A00003','R','WI06N0996I','S3671-005-010001-AD-FJ','MAIPS20070ST4RFA1B-002','5400','CONFIRM_Frue','ADFAAAAAAAAAAAAAAAA03658','KR3066027A0000000000001000A00002',2,1,5,4,4,'1000200','WI06N0996I','00:06:04','1000200','AR3077801AMP20090039190034B10000,AR3077801AMP20090039190034B20000,AR3077801AMP20090039190034B30000','LOAD','2021-01-18 17:26:06','2021-01-18 17:26:09','WORK','2021-01-18 17:26:10','2021-01-18 17:27:11','END','2021-01-18 17:27:00','2021-01-18 17:27:21','2021-05-11 15:19:14'),('20210512',5,1,'D004001','D005007','KR3066027A0000000000001000A00004','HMSA-S6502-001-01000','1500.30','D012002','KR3066027A0000000000001000A00004','R','WI06N0996I','S3671-005-010001-AD-FJ','MAIPS20070ST4RFA1B-002','5400','CONFIRM_Frue','ADFAAAAAAAAAAAAAAAA03658','KR3066027A0000000000001000A00003',3,2,5,5,5,'1000300','WI06N0996I','00:06:04','1000300','AR3077801AMP20090039190034B10000,AR3077801AMP20090039190034B20000,AR3077801AMP20090039190034B30000','LOAD','2021-01-18 17:25:26','2021-01-18 17:25:29','WORK','2021-01-18 17:25:31','2021-01-18 17:26:02','END','2021-01-18 17:26:00','2021-01-18 17:26:01','2021-05-11 15:19:14'),('20210512',6,1,'D004001','D005012','KR3066027A0000000000001000A00005','HMSA-S6502-001-01000','1500.30','D012004','KR3066027A0000000000001000A00005','T','WI06N0996I','S3671-005-010001-AD-FJ','MAIPS20070ST4RFA1B-002','5400','CONFIRM_False','ADFAAAAAAAAAAAAAAAA03658','KR3066027A0000000000001000A00004',3,2,6,5,7,'1000300','WI06N0996I','00:05:15','1000300','AR3077801AMP20090039190034B10000,AR3077801AMP20090039190034B20000,AR3077801AMP20090039190034B30000','LOAD','2021-01-18 17:26:06','2021-01-18 17:26:09','WORK','2021-01-18 17:26:11','2021-01-18 17:27:12','END','2021-01-18 17:27:00','2021-01-18 17:27:21','2021-05-11 15:19:14'),('20210512',7,1,'D004001','D005002','KR3066027A0000000000001000A00006','HMSA-S6502-001-01000','1460.32','D012003','KR3066027A0000000000001000A00006','R','WI06N0992I','S3671-005-010001-AD-FJ','MAIPS20070ST4RFA1B-002','5400','CONFIRM_False','ADFAAAAAAAAAAAAAAAA03658','KR3066027A0000000000001000A00005',4,2,7,3,2,'1000200','WI06N0992I','00:05:09','1000200','AR3077801AMP20090039190034B10000,AR3077801AMP20090039190034B20000,AR3077801AMP20090039190034B30000','LOAD','2021-01-18 17:25:26','2021-01-18 17:25:29','WORK','2021-01-18 17:25:32','2021-01-18 17:26:03','END','2021-01-18 17:26:00','2021-01-18 17:26:01','2021-05-11 15:19:14'),('20210512',8,8,'D004001','D005005','KR3066027A0000000000001000A00007','HMSA-S6502-001-01000','1460.32','D012002','KR3066027A0000000000001000A00007','R','WI06N0992I','S3671-005-010001-AD-FJ','MAIPS20070ST4RFA1B-002','5400','CONFIRM_False','ADFAAAAAAAAAAAAAAAA03658','KR3066027A0000000000001000A00006',4,2,8,8,4,'1000400','WI06N0992I','00:03:11','1000400','AR3077801AMP20090039190034B10000,AR3077801AMP20090039190034B20000,AR3077801AMP20090039190034B30000','LOAD','2021-01-18 17:26:06','2021-01-18 17:26:09','WORK','2021-01-18 17:26:12','2021-01-18 17:27:13','END','2021-01-18 17:27:00','2021-01-18 17:27:21','2021-05-11 15:19:14'),('20210512',9,8,'D004001','D005005','KR3066027A0000000000001000A16001','HMSA-S6502-002-01000','1400.45','D012004','KR3066027A0000000000001000A16001','T','WI06N0985I','S3671-005-010002-AD-FJ','MAIPS20070ST4RFA1B-002','5200','CONFIRM_F_COMMENT','BDFAAAAAAAAAAAAAAAA03658','KR3066027A0000000000001000A00007',2,1,1,5,4,'1000300','WI06N0985I','00:03:04','1000300','AR3077801AMP20090039190034B10000,AR3077801AMP20090039190034B20000,AR3077801AMP20090039190034B30000','LOAD','2021-01-18 17:25:26','2021-01-18 17:25:29','WORK','2021-01-18 17:25:33','2021-01-18 17:26:04','END','2021-01-18 17:26:00','2021-01-18 17:26:01','2021-05-11 15:19:14'),('20210512',10,8,'D004001','D005005','KR3066027A0000000000001000A16002','HMSA-S6502-002-01000','1400.45','D012004','KR3066027A0000000000001000A16002','T','WI06N0996I','S3671-005-010002-AD-FJ','MAIPS20070ST4RFA1B-002','5200','CONFIRM_Frue','BDFAAAAAAAAAAAAAAAA03658','KR3066027A0000000000001000A16001',2,1,2,2,7,'1000200','WI06N0985I','00:04:08','1000200','AR3077801AMP20090039190034B10000,AR3077801AMP20090039190034B20000,AR3077801AMP20090039190034B30000','LOAD','2021-01-18 17:26:06','2021-01-18 17:26:09','WORK','2021-01-18 17:26:13','2021-01-18 17:27:14','END','2021-01-18 17:27:00','2021-01-18 17:27:21','2021-05-11 15:48:09'),('20210512',11,8,'D004001','D005005','KR3066027A0000000000001000A16003','HMSA-S6502-002-01000','1450.45','D012004','KR3066027A0000000000001000A16003','T','WI06N0996I','S3671-005-010002-AD-FJ','MAIPS20070ST4RFA1B-002','5300','CONFIRM_Frue','BDFAAAAAAAAAAAAAAAA03658','KR3066027A0000000000001000A16002',3,1,4,8,4,'1000400','WI06N0986I','00:04:17','1000400','AR3077801AMP20090039190034B10000,AR3077801AMP20090039190034B20000,AR3077801AMP20090039190034B30000','LOAD','2021-01-18 17:25:26','2021-01-18 17:25:29','WORK','2021-01-18 17:25:34','2021-01-18 17:26:05','END','2021-01-18 17:26:00','2021-01-18 17:26:01','2021-05-11 15:19:14'),('20210512',12,8,'D004001','D005005','KR3066027A0000000000001000A16004','HMSA-S6502-002-01000','1500.30','D012003','KR3066027A0000000000001000A16004','R','WI06N0996I','S3671-005-010002-AD-FJ','MAIPS20070ST4RFA1B-002','5400','CONFIRM_Frue','BDFAAAAAAAAAAAAAAAA03658','KR3066027A0000000000001000A16003',3,2,5,3,5,'1000500','WI06N0996I','00:05:04','1000500','AR3077801AMP20090039190034B10000,AR3077801AMP20090039190034B20000,AR3077801AMP20090039190034B30000','LOAD','2021-01-18 17:26:06','2021-01-18 17:26:09','WORK','2021-01-18 17:26:14','2021-01-18 17:27:15','END','2021-01-18 17:27:00','2021-01-18 17:27:21','2021-05-11 15:19:14'),('20210512',13,8,'D004001','D005005','KR3066027A0000000000001000A16005','HMSA-S6502-002-01000','1500.30','D012003','KR3066027A0000000000001000A160051','R','WI06N0996I','S3671-005-010002-AD-FJ','MAIPS20070ST4RFA1B-002','5400','CONFIRM_Frue','BDFAAAAAAAAAAAAAAAA03658','KR3066027A0000000000001000A16004',4,2,6,8,6,'1000500','WI06N0996I','00:05:06','1000500','AR3077801AMP20090039190034B10000,AR3077801AMP20090039190034B20000,AR3077801AMP20090039190034B30000','LOAD','2021-01-18 17:25:26','2021-01-18 17:25:29','WORK','2021-01-18 17:25:35','2021-01-18 17:26:06','END','2021-01-18 17:26:00','2021-01-18 17:26:01','2021-05-11 15:19:14'),('20210512',14,16,'D004001','D005004','KR3066027A0000000000001000A16006','HMSA-S6502-002-01000','1500.30','D012002','KR3066027A0000000000001000A16006','T','WI06N0996I','S3671-005-010002-AD-FJ','MAIPS20070ST4RFA1B-002','5400','CONFIRM_False','BDFAAAAAAAAAAAAAAAA03658','KR3066027A0000000000001000A16005',5,2,3,7,7,'1000300','WI06N0996I','00:05:15','1000300','AR3077801AMP20090039190034B10000,AR3077801AMP20090039190034B20000,AR3077801AMP20090039190034B30000','LOAD','2021-01-18 17:26:06','2021-01-18 17:26:09','WORK','2021-01-18 17:26:15','2021-01-18 17:27:16','END','2021-01-18 17:27:00','2021-01-18 17:27:21','2021-05-11 15:19:14'),('20210512',15,16,'D004001','D005013','KR3066027A0000000000001000A16007','HMSA-S6502-002-01000','1460.32','D012002','KR3066027A0000000000001000A16007','R','WI06N0996I','S3671-005-010002-AD-FJ','MAIPS20070ST4RFA1B-002','5400','CONFIRM_False','BDFAAAAAAAAAAAAAAAA03658','KR3066027A0000000000001000A16006',1,1,8,8,8,'1000500','WI06N0992I','00:05:10','1000500','AR3077801AMP20090039190034B10000,AR3077801AMP20090039190034B20000,AR3077801AMP20090039190034B30000','LOAD','2021-01-18 17:25:26','2021-01-18 17:25:29','WORK','2021-01-18 17:25:36','2021-01-18 17:26:07','END','2021-01-18 17:26:00','2021-01-18 17:26:01','2021-05-11 15:48:09'),('20210512',16,16,'D004002','D005001','KR3066027A0000000000001000A16008','HMSA-S6502-002-01000','1460.32','D012004','KR3066027A0000000000001000A16008','R','WI06N0996I','S3671-005-010002-AD-FJ','MAIPS20070ST4RFA1B-002','5400','CONFIRM_False','BDFAAAAAAAAAAAAAAAA03658','KR3066027A0000000000001000A16007',1,1,9,9,9,'1000200','WI06N0992I','00:05:13','1000200','AR3077801AMP20090039190034B10000,AR3077801AMP20090039190034B20000,AR3077801AMP20090039190034B30000','LOAD','2021-01-18 17:26:06','2021-01-18 17:26:09','WORK','2021-01-18 17:26:16','2021-01-18 17:27:17','END','2021-01-18 17:27:00','2021-01-18 17:27:21','2021-05-11 15:48:09');
/*!40000 ALTER TABLE `OWP_HIGH_MUT_OUTPUT` ENABLE KEYS */;
UNLOCK TABLES;

--
-- Table structure for table `OWP_HIGH_MUT_OUTPUT_LOG`
--

DROP TABLE IF EXISTS `OWP_HIGH_MUT_OUTPUT_LOG`;
/*!40101 SET @saved_cs_client     = @@character_set_client */;
/*!40101 SET character_set_client = utf8 */;
CREATE TABLE `OWP_HIGH_MUT_OUTPUT_LOG` (
  `HIGH_SEQ` bigint(11) unsigned NOT NULL AUTO_INCREMENT,
  `EQUIPSEQ` bigint(11) unsigned NOT NULL COMMENT '"When running the program from the MOI EdgePC, the equipment SEQ value is brought.\nSearch by fixed value for each equipment."',
  `PCB_ID` varchar(100) NOT NULL,
  `CURRENT_RECIPE_ID` varchar(100) NOT NULL,
  `RAIL_WIDTH` varchar(20) NOT NULL,
  `CONTROL_STATUS` char(7) NOT NULL COMMENT 'GroupID=D012000',
  `PCB_ID2` varchar(100) NOT NULL,
  `CONFIRM_FLAG2` varchar(1) NOT NULL,
  `LOT_ID2` varchar(100) NOT NULL,
  `RECIPE_NAME2` varchar(500) NOT NULL,
  `PROD_ID2` varchar(100) NOT NULL,
  `OPER_ID2` varchar(100) NOT NULL,
  `CONFIRM_MSG2` varchar(500) NOT NULL,
  `APC_FILE_NAME2` varchar(100) NOT NULL,
  `PCB_ID3` varchar(100) NOT NULL,
  `EQP_SEQ_NO3` int(4) NOT NULL,
  `LANE_NO3` int(4) NOT NULL,
  `ORIGINLOCATION3` int(4) NOT NULL,
  `ROWS3` int(4) NOT NULL,
  `COLUMNS3` int(4) NOT NULL,
  `CELL_STATUS3` varchar(100) NOT NULL,
  `LOT_ID3` varchar(100) NOT NULL,
  `TOTAL_CYCLE_TIME3` varchar(100) NOT NULL,
  `CELL_GRADE3` varchar(500) NOT NULL,
  `PCB_UNIT_ID3` varchar(500) NOT NULL,
  `MODULE1_3` varchar(100) NOT NULL,
  `START_TIME1_3` varchar(100) NOT NULL,
  `END_TIME1_3` varchar(100) NOT NULL,
  `MODULE2_3` varchar(100) NOT NULL,
  `START_TIME2_3` varchar(100) NOT NULL,
  `END_TIME2_3` varchar(100) NOT NULL,
  `MODULE3_3` varchar(100) NOT NULL,
  `START_TIME3_3` varchar(100) NOT NULL,
  `END_TIME3_3` varchar(100) NOT NULL,
  `WDATE` timestamp NULL DEFAULT NULL ON UPDATE current_timestamp(),
  PRIMARY KEY (`HIGH_SEQ`) USING BTREE,
  KEY `OUTPUT_DATE` (`HIGH_SEQ`) USING BTREE
) ENGINE=InnoDB AUTO_INCREMENT=18 DEFAULT CHARSET=utf8 ROW_FORMAT=DYNAMIC;
/*!40101 SET character_set_client = @saved_cs_client */;

--
-- Dumping data for table `OWP_HIGH_MUT_OUTPUT_LOG`
--

LOCK TABLES `OWP_HIGH_MUT_OUTPUT_LOG` WRITE;
/*!40000 ALTER TABLE `OWP_HIGH_MUT_OUTPUT_LOG` DISABLE KEYS */;
INSERT INTO `OWP_HIGH_MUT_OUTPUT_LOG` VALUES (1,1,'KR3066027A0000000000001000A00000','HMSA-S6502-001-01000','1400.45','D012002','KR3066027A0000000000001000A00000','T','WI06N0985I','S3671-005-010001-AD-FJ','HMAG84CXNRX085N-1C101','5200','CONFIRM_F_COMMENT','ADFAAAAAAAAAAAAAAAA03658','KR3066027A0000000000001000A00010',1,1,1,1,1,'1000100','WI06N0985I','00:05:04','1000100','AR3077801AMP20090039190034B10000,AR3077801AMP20090039190034B20000,AR3077801AMP20090039190034B30000','LOAD','2021-01-18 17:25:26','2021-01-18 17:25:29','WORK','2021-01-18 17:25:29','2021-01-18 17:26:00','END','2021-01-18 17:26:00','2021-01-18 17:26:01','2021-04-25 05:40:56'),(2,1,'KR3066027A0000000000001000A00001','HMSA-S6502-001-01000','1400.45','D012004','KR3066027A0000000000001000A00001','T','WI06N0985I','S3671-005-010001-AD-FJ','HMAG84CXNRX085N-1C101','5200','CONFIRM_Frue','ADFAAAAAAAAAAAAAAAA03658','KR3066027A0000000000001000A00000',1,1,2,2,2,'1000100','WI06N0985I','00:05:08','1000100','AR3077801AMP20090039190034B10000,AR3077801AMP20090039190034B20000,AR3077801AMP20090039190034B30000','LOAD','2021-01-18 17:26:06','2021-01-18 17:26:09','WORK','2021-01-18 17:26:09','2021-01-18 17:27:10','END','2021-01-18 17:27:00','2021-01-18 17:27:21','2021-04-25 05:40:56'),(3,1,'KR3066027A0000000000001000A00002','HMSA-S6502-001-01000','1450.45','D012003','KR3066027A0000000000001000A00002','T','WI06N0986I','S3671-005-010001-AD-FJ','HMAG84CXNRX085N-1C101','5300','CONFIRM_Frue','ADFAAAAAAAAAAAAAAAA03658','KR3066027A0000000000001000A00001',2,1,3,3,3,'1000100','WI06N0986I','00:05:15','1000100','AR3077801AMP20090039190034B10000,AR3077801AMP20090039190034B20000,AR3077801AMP20090039190034B30000','LOAD','2021-01-18 17:25:26','2021-01-18 17:25:29','WORK','2021-01-18 17:25:30','2021-01-18 17:26:01','END','2021-01-18 17:26:00','2021-01-18 17:26:01','2021-04-25 05:40:56'),(4,1,'KR3066027A0000000000001000A00003','HMSA-S6502-001-01000','1500.30','D012002','KR3066027A0000000000001000A00003','R','WI06N0996I','S3671-005-010001-AD-FJ','HMAG84CXNRX085N-1C101','5400','CONFIRM_Frue','ADFAAAAAAAAAAAAAAAA03658','KR3066027A0000000000001000A00002',2,1,5,4,4,'1000200','WI06N0996I','00:06:04','1000200','AR3077801AMP20090039190034B10000,AR3077801AMP20090039190034B20000,AR3077801AMP20090039190034B30000','LOAD','2021-01-18 17:26:06','2021-01-18 17:26:09','WORK','2021-01-18 17:26:10','2021-01-18 17:27:11','END','2021-01-18 17:27:00','2021-01-18 17:27:21','2021-04-25 05:40:56'),(5,1,'KR3066027A0000000000001000A00004','HMSA-S6502-001-01000','1500.30','D012002','KR3066027A0000000000001000A00004','R','WI06N0996I','S3671-005-010001-AD-FJ','HMAG84CXNRX085N-1C101','5400','CONFIRM_Frue','ADFAAAAAAAAAAAAAAAA03658','KR3066027A0000000000001000A00003',3,2,5,5,5,'1000300','WI06N0996I','00:06:04','1000300','AR3077801AMP20090039190034B10000,AR3077801AMP20090039190034B20000,AR3077801AMP20090039190034B30000','LOAD','2021-01-18 17:25:26','2021-01-18 17:25:29','WORK','2021-01-18 17:25:31','2021-01-18 17:26:02','END','2021-01-18 17:26:00','2021-01-18 17:26:01','2021-04-25 05:40:56'),(6,1,'KR3066027A0000000000001000A00005','HMSA-S6502-001-01000','1500.30','D012004','KR3066027A0000000000001000A00005','T','WI06N0996I','S3671-005-010001-AD-FJ','HMAG84CXNRX085N-1C101','5400','CONFIRM_False','ADFAAAAAAAAAAAAAAAA03658','KR3066027A0000000000001000A00004',3,2,6,5,7,'1000300','WI06N0996I','00:05:15','1000300','AR3077801AMP20090039190034B10000,AR3077801AMP20090039190034B20000,AR3077801AMP20090039190034B30000','LOAD','2021-01-18 17:26:06','2021-01-18 17:26:09','WORK','2021-01-18 17:26:11','2021-01-18 17:27:12','END','2021-01-18 17:27:00','2021-01-18 17:27:21','2021-04-25 05:40:56'),(7,1,'KR3066027A0000000000001000A00006','HMSA-S6502-001-01000','1460.32','D012003','KR3066027A0000000000001000A00006','R','WI06N0992I','S3671-005-010001-AD-FJ','HMAG84CXNRX085N-1C101','5400','CONFIRM_False','ADFAAAAAAAAAAAAAAAA03658','KR3066027A0000000000001000A00005',4,2,7,3,2,'1000200','WI06N0992I','00:05:09','1000200','AR3077801AMP20090039190034B10000,AR3077801AMP20090039190034B20000,AR3077801AMP20090039190034B30000','LOAD','2021-01-18 17:25:26','2021-01-18 17:25:29','WORK','2021-01-18 17:25:32','2021-01-18 17:26:03','END','2021-01-18 17:26:00','2021-01-18 17:26:01','2021-04-25 05:40:56'),(8,1,'KR3066027A0000000000001000A00007','HMSA-S6502-001-01000','1460.32','D012002','KR3066027A0000000000001000A00007','R','WI06N0992I','S3671-005-010001-AD-FJ','HMAG84CXNRX085N-1C101','5400','CONFIRM_False','ADFAAAAAAAAAAAAAAAA03658','KR3066027A0000000000001000A00006',4,2,8,8,4,'1000400','WI06N0992I','00:03:11','1000400','AR3077801AMP20090039190034B10000,AR3077801AMP20090039190034B20000,AR3077801AMP20090039190034B30000','LOAD','2021-01-18 17:26:06','2021-01-18 17:26:09','WORK','2021-01-18 17:26:12','2021-01-18 17:27:13','END','2021-01-18 17:27:00','2021-01-18 17:27:21','2021-04-25 05:40:56'),(9,16,'KR3066027A0000000000001000A16001','HMSA-S6502-002-01000','1400.45','D012004','KR3066027A0000000000001000A16001','T','WI06N0985I','S3671-005-010002-AD-FJ','HMAG84CXNRX085N-1C101','5200','CONFIRM_F_COMMENT','BDFAAAAAAAAAAAAAAAA03658','KR3066027A0000000000001000A00007',2,1,1,5,4,'1000300','WI06N0985I','00:03:04','1000300','AR3077801AMP20090039190034B10000,AR3077801AMP20090039190034B20000,AR3077801AMP20090039190034B30000','LOAD','2021-01-18 17:25:26','2021-01-18 17:25:29','WORK','2021-01-18 17:25:33','2021-01-18 17:26:04','END','2021-01-18 17:26:00','2021-01-18 17:26:01','2021-04-25 05:40:56'),(10,16,'KR3066027A0000000000001000A16002','HMSA-S6502-002-01000','1400.45','D012004','KR3066027A0000000000001000A16002','T','WI06N0985I','S3671-005-010002-AD-FJ','HMAG84CXNRX085N-1C101','5200','CONFIRM_Frue','BDFAAAAAAAAAAAAAAAA03658','KR3066027A0000000000001000A16001',2,1,2,2,7,'1000200','WI06N0985I','00:04:08','1000200','AR3077801AMP20090039190034B10000,AR3077801AMP20090039190034B20000,AR3077801AMP20090039190034B30000','LOAD','2021-01-18 17:26:06','2021-01-18 17:26:09','WORK','2021-01-18 17:26:13','2021-01-18 17:27:14','END','2021-01-18 17:27:00','2021-01-18 17:27:21','2021-04-25 05:40:56'),(11,16,'KR3066027A0000000000001000A16003','HMSA-S6502-002-01000','1450.45','D012004','KR3066027A0000000000001000A16003','T','WI06N0986I','S3671-005-010002-AD-FJ','HMAG84CXNRX085N-1C101','5300','CONFIRM_Frue','BDFAAAAAAAAAAAAAAAA03658','KR3066027A0000000000001000A16002',3,1,4,8,4,'1000400','WI06N0986I','00:04:17','1000400','AR3077801AMP20090039190034B10000,AR3077801AMP20090039190034B20000,AR3077801AMP20090039190034B30000','LOAD','2021-01-18 17:25:26','2021-01-18 17:25:29','WORK','2021-01-18 17:25:34','2021-01-18 17:26:05','END','2021-01-18 17:26:00','2021-01-18 17:26:01','2021-04-25 05:40:56'),(12,16,'KR3066027A0000000000001000A16004','HMSA-S6502-002-01000','1500.30','D012003','KR3066027A0000000000001000A16004','R','WI06N0996I','S3671-005-010002-AD-FJ','HMAG84CXNRX085N-1C101','5400','CONFIRM_Frue','BDFAAAAAAAAAAAAAAAA03658','KR3066027A0000000000001000A16003',3,2,5,3,5,'1000500','WI06N0996I','00:05:04','1000500','AR3077801AMP20090039190034B10000,AR3077801AMP20090039190034B20000,AR3077801AMP20090039190034B30000','LOAD','2021-01-18 17:26:06','2021-01-18 17:26:09','WORK','2021-01-18 17:26:14','2021-01-18 17:27:15','END','2021-01-18 17:27:00','2021-01-18 17:27:21','2021-04-25 05:40:56'),(13,16,'KR3066027A0000000000001000A16005','HMSA-S6502-002-01000','1500.30','D012003','KR3066027A0000000000001000A16005','R','WI06N0996I','S3671-005-010002-AD-FJ','HMAG84CXNRX085N-1C101','5400','CONFIRM_Frue','BDFAAAAAAAAAAAAAAAA03658','KR3066027A0000000000001000A16004',4,2,6,8,6,'1000500','WI06N0996I','00:05:06','1000500','AR3077801AMP20090039190034B10000,AR3077801AMP20090039190034B20000,AR3077801AMP20090039190034B30000','LOAD','2021-01-18 17:25:26','2021-01-18 17:25:29','WORK','2021-01-18 17:25:35','2021-01-18 17:26:06','END','2021-01-18 17:26:00','2021-01-18 17:26:01','2021-04-25 05:40:56'),(14,16,'KR3066027A0000000000001000A16006','HMSA-S6502-002-01000','1500.30','D012002','KR3066027A0000000000001000A16006','T','WI06N0996I','S3671-005-010002-AD-FJ','HMAG84CXNRX085N-1C101','5400','CONFIRM_False','BDFAAAAAAAAAAAAAAAA03658','KR3066027A0000000000001000A16005',5,2,3,7,7,'1000300','WI06N0996I','00:05:15','1000300','AR3077801AMP20090039190034B10000,AR3077801AMP20090039190034B20000,AR3077801AMP20090039190034B30000','LOAD','2021-01-18 17:26:06','2021-01-18 17:26:09','WORK','2021-01-18 17:26:15','2021-01-18 17:27:16','END','2021-01-18 17:27:00','2021-01-18 17:27:21','2021-04-25 05:40:56'),(15,16,'KR3066027A0000000000001000A16007','HMSA-S6502-002-01000','1460.32','D012002','KR3066027A0000000000001000A16007','R','WI06N0992I','S3671-005-010002-AD-FJ','HMAG84CXNRX085N-1C101','5400','CONFIRM_False','BDFAAAAAAAAAAAAAAAA03658','KR3066027A0000000000001000A16006',1,1,8,8,8,'1000500','WI06N0992I','00:05:10','1000500','AR3077801AMP20090039190034B10000,AR3077801AMP20090039190034B20000,AR3077801AMP20090039190034B30000','LOAD','2021-01-18 17:25:26','2021-01-18 17:25:29','WORK','2021-01-18 17:25:36','2021-01-18 17:26:07','END','2021-01-18 17:26:00','2021-01-18 17:26:01','2021-04-25 05:40:56'),(16,16,'KR3066027A0000000000001000A16008','HMSA-S6502-002-01000','1460.32','D012004','KR3066027A0000000000001000A16008','R','WI06N0992I','S3671-005-010002-AD-FJ','HMAG84CXNRX085N-1C101','5400','CONFIRM_False','BDFAAAAAAAAAAAAAAAA03658','KR3066027A0000000000001000A16007',1,1,9,9,9,'1000200','WI06N0992I','00:05:13','1000200','AR3077801AMP20090039190034B10000,AR3077801AMP20090039190034B20000,AR3077801AMP20090039190034B30000','LOAD','2021-01-18 17:26:06','2021-01-18 17:26:09','WORK','2021-01-18 17:26:16','2021-01-18 17:27:17','END','2021-01-18 17:27:00','2021-01-18 17:27:21','2021-04-25 05:40:56'),(17,1,'KR3066027A0000000000001000A00000','HMSA-S6502-001-01000','1400.45','1','KR3066027A0000000000001000A00000','T','WI06N0985I','S3671-005-010001-AD-FJ','HMAG84CXNRX085N-1C101','5200','CONFIRM_F_COMMENT','ADFAAAAAAAAAAAAAAAA03658','KR3066027A0000000000001000A00010',1,1,1,1,1,'1000100','WI06N0985I','00:05:04','1000100','AR3077801AMP20090039190034B10000,AR3077801AMP20090039190034B20000,AR3077801AMP20090039190034B30000','LOAD','2021-05-17 17:25:26','2021-05-17 17:25:29','WORK','2021-05-17 17:25:29','2021-05-17 17:26:00','END','2021-05-17 17:26:00','2021-05-17 17:26:01','2021-05-17 08:43:03');
/*!40000 ALTER TABLE `OWP_HIGH_MUT_OUTPUT_LOG` ENABLE KEYS */;
UNLOCK TABLES;

--
-- Table structure for table `OWP_LOADER_MGZ`
--

DROP TABLE IF EXISTS `OWP_LOADER_MGZ`;
/*!40101 SET @saved_cs_client     = @@character_set_client */;
/*!40101 SET character_set_client = utf8 */;
CREATE TABLE `OWP_LOADER_MGZ` (
  `OUTPUT_DATE` char(8) NOT NULL,
  `OUTPUT_DATESEQ` bigint(11) unsigned NOT NULL,
  `EQUIPSEQ` bigint(11) unsigned NOT NULL COMMENT '"MOI EdgePC에서 프로그램실행시',
  `EQP_ID` char(7) NOT NULL COMMENT 'CM01, CM02\r\n---\r\nGroupID=D004000',
  `EQP_TYPE` char(7) NOT NULL COMMENT 'PRINT, SPI,~\r\n---\r\nGroupID=D005000',
  `LOAD_MGZ_ID` varchar(100) DEFAULT NULL,
  `CURRENT_RECIPE_ID` varchar(100) DEFAULT NULL,
  `RAIL_WIDTH` varchar(20) DEFAULT NULL,
  `CONTROL_STATUS` char(7) DEFAULT NULL COMMENT 'GroupID=D012000',
  `MGZ_IN_MODE` varchar(2) DEFAULT NULL,
  `MGZ_ID2` varchar(100) DEFAULT NULL,
  `CONFIRM_FLAG2` char(1) DEFAULT NULL,
  `LOT_ID2` varchar(100) DEFAULT NULL,
  `RECIPE_NAME2` varchar(500) DEFAULT NULL,
  `PROD_ID2` varchar(100) DEFAULT NULL,
  `OPER_ID2` varchar(100) DEFAULT NULL,
  `LOT_QTY2` int(4) DEFAULT NULL,
  `PCB_COUNT2` varchar(20) DEFAULT NULL,
  `BOM_CD2` varchar(100) DEFAULT NULL,
  `FR_TYPE2` varchar(20) DEFAULT NULL,
  `USER_ID2` varchar(100) DEFAULT NULL,
  `CONFIRM_MSG2` varchar(500) DEFAULT NULL,
  `PCB_ID2` varchar(200) DEFAULT NULL,
  `WDATE` datetime DEFAULT NULL ON UPDATE current_timestamp(),
  PRIMARY KEY (`OUTPUT_DATESEQ`),
  KEY `OUTPUT_DATE` (`OUTPUT_DATE`,`OUTPUT_DATESEQ`) USING BTREE
) ENGINE=InnoDB DEFAULT CHARSET=utf8 ROW_FORMAT=DYNAMIC;
/*!40101 SET character_set_client = @saved_cs_client */;

--
-- Dumping data for table `OWP_LOADER_MGZ`
--

LOCK TABLES `OWP_LOADER_MGZ` WRITE;
/*!40000 ALTER TABLE `OWP_LOADER_MGZ` DISABLE KEYS */;
INSERT INTO `OWP_LOADER_MGZ` VALUES ('20210512',1,1,'D004001','D005001','MAIPS20070MA4RFA1B-001','Product Type_Memory Module Type (DDR4_RD)','1400.45','D012002','SL','MAIPS00070MA4RNACM-053','T','WI06N0985I','S0000_AA_BJ_00_00','HABCEC1234AAAABBBB','5200',1000,'25','AAAA-BBBB-CCCC','F','2006468','CONFIRM_F_COMMENT',NULL,'2021-05-12 17:13:05'),('20210512',2,2,'D004001','D005009','MAIPS20070MA4RFA1B-002','Product Type_Memory Module Type (DDR4_RD)','1400.45','D012004','ST','MAIPS00070MA4RNACM-054','T','WI06N0985I','S0000_AA_BJ_00_00','HABCEC1234AAAABBBB','5200',1000,'25','AAAA-BBBB-CCCC','F','2006468','CONFIRM_F_COMMENT2',NULL,'2021-05-12 00:24:21'),('20210512',3,1,'D004001','D005006','MAIPS20070MA4RFA1B-004','Product Type_Memory Module Type (DDR4_RD)','1450.45','D012003','ST','MAIPS00070MA4RNACM-055','T','WI06N0986I','S0000_AA_BJ_00_01','HABCEC1234AAAABBBC','5300',1100,'30','AAAA-BBBB-DDDD','B','2006468','CONFIRM_Frue',NULL,'2021-05-12 00:24:21'),('20210512',4,1,'D004001','D005006','MAIPS20070MA4RFA1B-005','Product Type_Memory Module Type (DDR4_SD)','1500.3','D012002','SL','MAIPS00070MA4RNACM-063','R','WI06N0996I','S0000_AA_BJ_00_11','HABCEC1234AAAABBBD','5400',1200,'40','AAAA-BBBB-DDDD','F','2006469','CONFIRM_False',NULL,'2021-05-12 00:24:21'),('20210512',5,1,'D004001','D005007','MAIPS20070MA4RFA1B-005','Product Type_Memory Module Type (DDR4_SD)','1500.3','D012002','SL','MAIPS00070MA4RNACM-064','R','WI06N0996I','S0000_AA_BJ_00_11','HABCEC1234AAAABBBD','5400',1200,'35','AAAA-BBBB-DDDD','F','2006469','OK',NULL,'2021-05-12 00:24:21'),('20210512',6,1,'D004001','D005012','MAIPS20070MA4RFA1B-005','Product Type_Memory Module Type (DDR4_SD)','1500.3','D012004','SL','MAIPS00070MA4RNACM-065','T','WI06N0996I','S0000_AA_BJ_00_11','HABCEC1234AAAABBBD','5400',1200,'45','AAAA-BBBB-DDDD','F','2006469','CONFIRM_F_COMMENT',NULL,'2021-05-12 00:24:21'),('20210512',7,1,'D004001','D005002','MAIPS20070MA4RFA1B-015','Product Type_Memory Module Type (DDR4_SD)','1460.32','D012003','ST','MAIPS00070MA4RNACM-067','R','WI06N0992I','S0000_AA_BJ_00_11','HABCEC1234AAAABBBD','5400',1000,'45','AAAA-BBBB-DDDD','B','2006470','OK',NULL,'2021-05-12 00:24:21'),('20210512',8,8,'D004001','D005005','MAIPS20070MA4RFA1B-015','Product Type_Memory Module Type (DDR4_SD)','1460.32','D012002','ST','MAIPS00070MA4RNACM-067','R','WI06N0992I','S0000_AA_BJ_00_11','HABCEC1234AAAABBBD','5400',1000,'47','AAAA-BBBB-DDDD','B','2006470','OK',NULL,'2021-05-12 00:19:35'),('20210512',9,8,'D004001','D005005','MAIPS20070MA4RFA1B-001','Product Type_Memory Module Type (DDR4_RD)','1400.45','D012004','ST','MAIPS00070MA4RNACM-053','T','WI06N0985I','S0000_AA_BJ_00_00','HABCEC1234AAAABBBB','5200',1000,'25','AAAA-BBBB-CCCC','B','2006468','CONFIRM_Frue',NULL,'2021-05-12 00:19:35'),('20210512',10,8,'D004001','D005005','MAIPS20070MA4RFA1B-002','Product Type_Memory Module Type (DDR4_RD)','1400.45','D012004','ST','MAIPS00070MA4RNACM-054','T','WI06N0985I','S0000_AA_BJ_00_00','HABCEC1234AAAABBBB','5200',1000,'25','AAAA-BBBB-CCCC','B','2006468','CONFIRM_False',NULL,'2021-05-12 00:19:35'),('20210512',11,8,'D004001','D005005','MAIPS20070MA4RFA1B-004','Product Type_Memory Module Type (DDR4_RD)','1450.45','D012004','ST','MAIPS00070MA4RNACM-055','T','WI06N0986I','S0000_AA_BJ_00_01','HABCEC1234AAAABBBC','5300',1100,'30','AAAA-BBBB-DDDD','F','2006468','CONFIRM_F_COMMENT3',NULL,'2021-05-12 00:19:35'),('20210512',12,8,'D004001','D005005','MAIPS20070MA4RFA1B-005','Product Type_Memory Module Type (DDR4_SD)','1500.3','D012003','SL','MAIPS00070MA4RNACM-063','R','WI06N0996I','S0000_AA_BJ_00_11','HABCEC1234AAAABBBD','5400',1200,'40','AAAA-BBBB-DDDD','B','2006469','CONFIRM_Frue',NULL,'2021-05-12 00:19:35'),('20210512',13,8,'D004001','D005005','MAIPS20070MA4RFA1B-005','Product Type_Memory Module Type (DDR4_SD)','1500.3','D012003','SL','MAIPS00070MA4RNACM-064','R','WI06N0996I','S0000_AA_BJ_00_11','HABCEC1234AAAABBBD','5400',1200,'35','AAAA-BBBB-DDDD','B','2006469','OK',NULL,'2021-05-12 00:19:35'),('20210512',14,16,'D004001','D005004','MAIPS20070MA4RFA1B-005','Product Type_Memory Module Type (DDR4_SD)','1500.3','D012002','SL','MAIPS00070MA4RNACM-065','T','WI06N0997I','S0000_AA_BJ_00_11','HABCEC1234AAAABBBD','5400',1200,'45','AAAA-BBBB-DDDD','B','2006469','CONFIRM_F_COMMENT',NULL,'2021-05-12 00:24:21'),('20210512',15,16,'D004001','D005001','MAIPS20070MA4RFA1B-015','Product Type_Memory Module Type (DDR4_SD)','1460.32','D012002','ST','MAIPS00070MA4RNACM-067','R','WI06N0992I','S0000_AA_BJ_00_11','HABCEC1234AAAABBBD','5400',1000,'45','AAAA-BBBB-DDDD','F','2006470','OK',NULL,'2021-05-12 00:24:21'),('20210512',16,16,'D004002','D005001','MAIPS20070MA4RFA1B-015','Product Type_Memory Module Type (DDR4_SD)','1460.32','D012004','ST','MAIPS00070MA4RNACM-067','R','WI06N0992I','S0000_AA_BJ_00_11','HABCEC1234AAAABBBD','5400',1000,'47','AAAA-BBBB-DDDD','F','2006470','CONFIRM_Frue',NULL,'2021-05-12 00:24:21'),('20210512',17,1,'D004001','D005001','MAIPS20070MA4RFA1B-016','Product Type_Memory Module Type (DDR4_RD)','1400.45','D012002','SL','MAIPS00070MA4RNACM-053','T','WI06N0993I','S0000_AA_BJ_00_00','HABCEC1234AAAABBBB','9000',2000,'40','AAAA-BBBB-CCCC','F','2006468','CONFIRM_F_COMMENT',NULL,'2021-05-12 17:13:06'),('20210512',18,2,'D004001','D005001','MAIPS20070MA4RFA1B-016','Product Type_Memory Module Type (DDR4_RD)','1400.45','D012002','ST','MAIPS00070MA4RNACM-054','T','WI06N0994I','S0000_AA_BJ_00_00','HABCEC1234AAAABBBB','9000',2000,'40','AAAA-BBBB-CCCC','B','2006468','CONFIRM_F_COMMENT',NULL,'2021-05-12 18:33:26'),('20210512',19,7,'D004001','D005002','MAIPS20070MA4RFA1B-016','Product Type_Memory Module Type (DDR4_RD)','1400.45','D012002','ST','MAIPS00070MA4RNACM-054','T','WI06N0995I','S0000_AA_BJ_00_00','HABCEC1234AAAABBBB','9000',2000,'40','AAAA-BBBB-CCCC','B','2006468','CONFIRM_F_COMMENT',NULL,'2021-05-12 00:24:21'),('20210512',20,7,'D004001','D005002','MAIPS20070MA4RFA1B-016','Product Type_Memory Module Type (DDR4_RD)','1400.45','D012002','ST','MAIPS00070MA4RNACM-054','T','WI06N0995I','S0000_AA_BJ_00_00','HABCEC1234AAAABBBM','9000',2000,'40','AAAA-BBBB-CCCC','B','2006468','CONFIRM_F_COMMENT',NULL,'2021-05-12 00:24:21'),('20210512',21,1,'D004001','D005007','MAIPS20070MA4RFA1B-006','Product Type_Memory Module Type (DDR4_SD)','1500.3','D012002','SL','MAIPS00070MA4RNACM-064','R','WI06N0997I','S0000_AA_BJ_00_11','HABCEC1234AAAABBBD','5400',1250,'35','AAAA-BBBB-DDDC','R','2006469','OK',NULL,'2021-05-12 00:58:37'),('20210512',22,1,'D004001','D005012','MAIPS20070MA4RFA1B-005','Product Type_Memory Module Type (DDR4_SD)','1500.3','D012004','SL','MAIPS00070MA4RNACM-065','T','WI06N0999I','S0000_AA_BJ_00_11','HABCEC1234AAAABBBD','5400',1200,'45','AAAA-BBBB-DDDD','F','2006469','CONFIRM_F_COMMENT',NULL,'2021-05-12 00:24:21'),('20210512',25,14,'D004001','D005004','MAIPS20070MA4RFA1B-005','Product Type_Memory Module Type (DDR4_SD)','1500.3','D012002','SL','MAIPS00070MA4RNACM-065','T','WI06N0985I-01A','S0000_AA_BJ_00_11','HABCEC1234AAAABBBD','5400',1200,'45','AAAA-BBBB-DDDD','B','2006469','CONFIRM_F_COMMENT',NULL,'2021-05-12 00:45:48'),('20210512',26,2,'D004001','D005009','MAIPS20070MA4RFA1B-002','Product Type_Memory Module Type (DDR4_RD)','1400.45','D012004','ST','MAIPS00070MA4RNACM-054','T','WI06N0985I','S0000_AA_BJ_00_00','HABCEC1234AAAABBBB','5200',1000,'25','AAAA-BBBB-CCCC','R','2006468','CONFIRM_F_COMMENT2',NULL,'2021-05-12 00:24:21'),('20210521',28,1,'D004001','D005001','MAIPS20070MA4RFA1B-001','Product Type_Memory Module Type (DDR4_RD)','1400.45','1','ST','MAIPS00070MA4RNACM-053','T','WI06N0985I','S0000_AA_BJ_00_00','HABCEC1234AAAABBBB','5200',1000,'25','AAAA-BBBB-CCCC','F','2006468','CONFIRM_F_COMMENT',NULL,'2021-05-17 15:55:38'),('20210521',29,1,'D004001','D005001','MAIPS20070MA4RFA1B-001','Product Type_Memory Module Type (DDR4_RD)','1400.45','1','ST','MAIPS00070MA4RNACM-053','T','WI06N0985I','S0000_AA_BJ_00_00','HABCEC1234AAAABBBB','5200',1000,'25','AAAA-BBBB-CCCC','F','2006468','CONFIRM_F_COMMENT',NULL,'2021-05-21 15:55:00'),('20210521',30,16,'D004002','D005001','MAIPS20070MA4RFA1B-015','Product Type_Memory Module Type (DDR4_SD)','1460.32','4','ST','MAIPS00070MA4RNACM-067','R','WI06N0992I','S0000_AA_BJ_00_11','HABCEC1234AAAABBBD','5400',1000,'47','AAAA-BBBB-DDDD','F','2006470','CONFIRM_Frue',NULL,'2021-05-21 15:55:00'),('20210521',31,16,'D004002','D005001','MAIPS20070MA4RFA1B-015','Product Type_Memory Module Type (DDR4_SD)','1460.32','4','ST','MAIPS00070MA4RNACM-067','R','WI06N0992I','S0000_AA_BJ_00_11','HABCEC1234AAAABBBD','5400',1000,'47','AAAA-BBBB-DDDD','F','2006470','CONFIRM_Frue',NULL,'2021-05-21 15:55:00'),('20210521',32,1,'D004001','D005001','MAIPS20070MA4RFA1B-001','Product Type_Memory Module Type (DDR4_RD)','1400.45','1','ST','MAIPS00070MA4RNACM-053','T','WI06N0985I','S0000_AA_BJ_00_00','HABCEC1234AAAABBBB','5200',1000,'25','AAAA-BBBB-CCCC','F','2006468','CONFIRM_F_COMMENT',NULL,'2021-05-21 15:55:38');
/*!40000 ALTER TABLE `OWP_LOADER_MGZ` ENABLE KEYS */;
UNLOCK TABLES;

--
-- Table structure for table `OWP_LOADER_MGZ_LOG`
--

DROP TABLE IF EXISTS `OWP_LOADER_MGZ_LOG`;
/*!40101 SET @saved_cs_client     = @@character_set_client */;
/*!40101 SET character_set_client = utf8 */;
CREATE TABLE `OWP_LOADER_MGZ_LOG` (
  `LOADER_MGZ_SEQ` bigint(11) unsigned NOT NULL AUTO_INCREMENT,
  `EQUIPSEQ` bigint(11) unsigned NOT NULL COMMENT '"MOI EdgePC에서 프로그램실행시',
  `LOAD_MGZ_ID` varchar(100) COLLATE utf8_unicode_ci DEFAULT NULL,
  `CURRENT_RECIPE_ID` varchar(100) COLLATE utf8_unicode_ci DEFAULT NULL,
  `RAIL_WIDTH` varchar(20) COLLATE utf8_unicode_ci DEFAULT NULL,
  `CONTROL_STATUS` char(7) COLLATE utf8_unicode_ci DEFAULT NULL COMMENT 'GroupID=D012000',
  `MGZ_IN_MODE` varchar(2) COLLATE utf8_unicode_ci DEFAULT NULL,
  `MGZ_ID2` varchar(100) COLLATE utf8_unicode_ci DEFAULT NULL,
  `CONFIRM_FLAG2` char(1) COLLATE utf8_unicode_ci DEFAULT NULL,
  `LOT_ID2` varchar(100) COLLATE utf8_unicode_ci DEFAULT NULL,
  `RECIPE_NAME2` varchar(500) COLLATE utf8_unicode_ci DEFAULT NULL,
  `PROD_ID2` varchar(100) COLLATE utf8_unicode_ci DEFAULT NULL,
  `OPER_ID2` varchar(100) COLLATE utf8_unicode_ci DEFAULT NULL,
  `LOT_QTY2` int(4) DEFAULT NULL,
  `PCB_COUNT2` varchar(20) COLLATE utf8_unicode_ci DEFAULT NULL,
  `BOM_CD2` varchar(100) COLLATE utf8_unicode_ci DEFAULT NULL,
  `FR_TYPE2` varchar(20) COLLATE utf8_unicode_ci DEFAULT NULL,
  `USER_ID2` varchar(100) COLLATE utf8_unicode_ci DEFAULT NULL,
  `CONFIRM_MSG2` varchar(500) COLLATE utf8_unicode_ci DEFAULT NULL,
  `WDATE` datetime DEFAULT NULL ON UPDATE current_timestamp(),
  PRIMARY KEY (`LOADER_MGZ_SEQ`) USING BTREE
) ENGINE=InnoDB AUTO_INCREMENT=33 DEFAULT CHARSET=utf8 COLLATE=utf8_unicode_ci ROW_FORMAT=DYNAMIC;
/*!40101 SET character_set_client = @saved_cs_client */;

--
-- Dumping data for table `OWP_LOADER_MGZ_LOG`
--

LOCK TABLES `OWP_LOADER_MGZ_LOG` WRITE;
/*!40000 ALTER TABLE `OWP_LOADER_MGZ_LOG` DISABLE KEYS */;
INSERT INTO `OWP_LOADER_MGZ_LOG` VALUES (1,1,'MAIPS20070MA4RFA1B-001','Product Type_Memory Module Type (DDR4_RD)','1400.45','1','ST','MAIPS00070MA4RNACM-053','T','WI06N0985I','S0000_AA_BJ_00_00','HABCEC1234AAAABBBB','5200',1000,'25','AAAA-BBBB-CCCC','F','2006468','CONFIRM_F_COMMENT','2021-05-21 00:51:06'),(2,1,'MAIPS20070MA4RFA1B-002','Product Type_Memory Module Type (DDR4_RD)','1400.45','4','ST','MAIPS00070MA4RNACM-054','T','WI06N0985I','S0000_AA_BJ_00_00','HABCEC1234AAAABBBB','5200',1000,'25','AAAA-BBBB-CCCC','F','2006468','CONFIRM_F_COMMENT2','2021-05-21 00:51:06'),(3,1,'MAIPS20070MA4RFA1B-004','Product Type_Memory Module Type (DDR4_RD)','1450.45','5','ST','MAIPS00070MA4RNACM-055','T','WI06N0986I','S0000_AA_BJ_00_01','HABCEC1234AAAABBBC','5300',1100,'30','AAAA-BBBB-DDDD','B','2006468','CONFIRM_Frue','2021-05-21 00:51:06'),(4,1,'MAIPS20070MA4RFA1B-005','Product Type_Memory Module Type (DDR4_SD)','1500.30','1','SL','MAIPS00070MA4RNACM-063','R','WI06N0996I','S0000_AA_BJ_00_11','HABCEC1234AAAABBBD','5400',1200,'40','AAAA-BBBB-DDDD','F','2006469','CONFIRM_False','2021-05-21 00:51:06'),(5,1,'MAIPS20070MA4RFA1B-005','Product Type_Memory Module Type (DDR4_SD)','1500.30','1','SL','MAIPS00070MA4RNACM-064','R','WI06N0996I','S0000_AA_BJ_00_11','HABCEC1234AAAABBBD','5400',1200,'35','AAAA-BBBB-DDDD','F','2006469','OK','2021-05-21 00:51:06'),(6,1,'MAIPS20070MA4RFA1B-005','Product Type_Memory Module Type (DDR4_SD)','1500.30','4','SL','MAIPS00070MA4RNACM-065','T','WI06N0996I','S0000_AA_BJ_00_11','HABCEC1234AAAABBBD','5400',1200,'45','AAAA-BBBB-DDDD','F','2006469','CONFIRM_F_COMMENT','2021-05-21 00:51:06'),(7,1,'MAIPS20070MA4RFA1B-015','Product Type_Memory Module Type (DDR4_SD)','1460.32','5','ST','MAIPS00070MA4RNACM-067','R','WI06N0992I','S0000_AA_BJ_00_11','HABCEC1234AAAABBBD','5400',1000,'45','AAAA-BBBB-DDDD','B','2006470','OK','2021-05-21 00:51:06'),(8,1,'MAIPS20070MA4RFA1B-015','Product Type_Memory Module Type (DDR4_SD)','1460.32','1','ST','MAIPS00070MA4RNACM-067','R','WI06N0992I','S0000_AA_BJ_00_11','HABCEC1234AAAABBBD','5400',1000,'47','AAAA-BBBB-DDDD','B','2006470','OK','2021-05-21 00:51:06'),(9,16,'MAIPS20070MA4RFA1B-001','Product Type_Memory Module Type (DDR4_RD)','1400.45','4','ST','MAIPS00070MA4RNACM-053','T','WI06N0985I','S0000_AA_BJ_00_00','HABCEC1234AAAABBBB','5200',1000,'25','AAAA-BBBB-CCCC','B','2006468','CONFIRM_Frue','2021-05-21 00:51:06'),(10,16,'MAIPS20070MA4RFA1B-002','Product Type_Memory Module Type (DDR4_RD)','1400.45','4','ST','MAIPS00070MA4RNACM-054','T','WI06N0985I','S0000_AA_BJ_00_00','HABCEC1234AAAABBBB','5200',1000,'25','AAAA-BBBB-CCCC','B','2006468','CONFIRM_False','2021-05-21 00:51:06'),(11,16,'MAIPS20070MA4RFA1B-004','Product Type_Memory Module Type (DDR4_RD)','1450.45','4','ST','MAIPS00070MA4RNACM-055','T','WI06N0986I','S0000_AA_BJ_00_01','HABCEC1234AAAABBBC','5300',1100,'30','AAAA-BBBB-DDDD','F','2006468','CONFIRM_F_COMMENT3','2021-05-21 00:51:06'),(12,16,'MAIPS20070MA4RFA1B-005','Product Type_Memory Module Type (DDR4_SD)','1500.30','5','SL','MAIPS00070MA4RNACM-063','R','WI06N0996I','S0000_AA_BJ_00_11','HABCEC1234AAAABBBD','5400',1200,'40','AAAA-BBBB-DDDD','B','2006469','CONFIRM_Frue','2021-05-21 00:51:06'),(13,16,'MAIPS20070MA4RFA1B-005','Product Type_Memory Module Type (DDR4_SD)','1500.30','5','SL','MAIPS00070MA4RNACM-064','R','WI06N0996I','S0000_AA_BJ_00_11','HABCEC1234AAAABBBD','5400',1200,'35','AAAA-BBBB-DDDD','B','2006469','OK','2021-05-21 00:51:06'),(14,16,'MAIPS20070MA4RFA1B-005','Product Type_Memory Module Type (DDR4_SD)','1500.30','1','SL','MAIPS00070MA4RNACM-065','T','WI06N0996I','S0000_AA_BJ_00_11','HABCEC1234AAAABBBD','5400',1200,'45','AAAA-BBBB-DDDD','B','2006469','CONFIRM_F_COMMENT','2021-05-21 00:51:06'),(15,16,'MAIPS20070MA4RFA1B-015','Product Type_Memory Module Type (DDR4_SD)','1460.32','1','ST','MAIPS00070MA4RNACM-067','R','WI06N0992I','S0000_AA_BJ_00_11','HABCEC1234AAAABBBD','5400',1000,'45','AAAA-BBBB-DDDD','F','2006470','OK','2021-05-21 00:51:06'),(16,16,'MAIPS20070MA4RFA1B-015','Product Type_Memory Module Type (DDR4_SD)','1460.32','4','ST','MAIPS00070MA4RNACM-067','R','WI06N0992I','S0000_AA_BJ_00_11','HABCEC1234AAAABBBD','5400',1000,'47','AAAA-BBBB-DDDD','F','2006470','CONFIRM_Frue','2021-05-21 00:51:06'),(17,1,'MAIPS20070MA4RFA1B-001','Product Type_Memory Module Type (DDR4_RD)','1400.45','1','ST','MAIPS00070MA4RNACM-053','T','WI06N0985I','S0000_AA_BJ_00_00','HABCEC1234AAAABBBB','5200',1000,'25','AAAA-BBBB-CCCC','F','2006468','CONFIRM_F_COMMENT','2021-05-17 15:55:38'),(28,1,'MAIPS20070MA4RFA1B-001','Product Type_Memory Module Type (DDR4_RD)','1400.45','1','ST','MAIPS00070MA4RNACM-053','T','WI06N0985I','S0000_AA_BJ_00_00','HABCEC1234AAAABBBB','5200',1000,'25','AAAA-BBBB-CCCC','F','2006468','CONFIRM_F_COMMENT','2021-05-17 15:55:38'),(29,1,'MAIPS20070MA4RFA1B-001','Product Type_Memory Module Type (DDR4_RD)','1400.45','1','ST','MAIPS00070MA4RNACM-053','T','WI06N0985I','S0000_AA_BJ_00_00','HABCEC1234AAAABBBB','5200',1000,'25','AAAA-BBBB-CCCC','F','2006468','CONFIRM_F_COMMENT','2021-05-21 15:55:00'),(30,16,'MAIPS20070MA4RFA1B-015','Product Type_Memory Module Type (DDR4_SD)','1460.32','4','ST','MAIPS00070MA4RNACM-067','R','WI06N0992I','S0000_AA_BJ_00_11','HABCEC1234AAAABBBD','5400',1000,'47','AAAA-BBBB-DDDD','F','2006470','CONFIRM_Frue','2021-05-21 15:55:00'),(31,16,'MAIPS20070MA4RFA1B-015','Product Type_Memory Module Type (DDR4_SD)','1460.32','4','ST','MAIPS00070MA4RNACM-067','R','WI06N0992I','S0000_AA_BJ_00_11','HABCEC1234AAAABBBD','5400',1000,'47','AAAA-BBBB-DDDD','F','2006470','CONFIRM_Frue','2021-05-21 15:55:00'),(32,1,'MAIPS20070MA4RFA1B-001','Product Type_Memory Module Type (DDR4_RD)','1400.45','1','ST','MAIPS00070MA4RNACM-053','T','WI06N0985I','S0000_AA_BJ_00_00','HABCEC1234AAAABBBB','5200',1000,'25','AAAA-BBBB-CCCC','F','2006468','CONFIRM_F_COMMENT','2021-05-21 15:55:38');
/*!40000 ALTER TABLE `OWP_LOADER_MGZ_LOG` ENABLE KEYS */;
UNLOCK TABLES;
/*!50003 SET @saved_cs_client      = @@character_set_client */ ;
/*!50003 SET @saved_cs_results     = @@character_set_results */ ;
/*!50003 SET @saved_col_connection = @@collation_connection */ ;
/*!50003 SET character_set_client  = utf8mb4 */ ;
/*!50003 SET character_set_results = utf8mb4 */ ;
/*!50003 SET collation_connection  = utf8mb4_general_ci */ ;
/*!50003 SET @saved_sql_mode       = @@sql_mode */ ;
/*!50003 SET sql_mode              = 'IGNORE_SPACE,STRICT_TRANS_TABLES,ERROR_FOR_DIVISION_BY_ZERO,NO_AUTO_CREATE_USER,NO_ENGINE_SUBSTITUTION' */ ;
DELIMITER ;;
/*!50003 CREATE*/ /*!50017 DEFINER=`MODULE_SF_DEV`@`%`*/ /*!50003 TRIGGER Trig_Loader_Mgz
AFTER INSERT
ON OWP_LOADER_MGZ_LOG FOR EACH ROW
INSERT INTO OWP_MODULE_SF.OWP_LOADER_MGZ 
	(OUTPUT_DATE,OUTPUT_DATESEQ,EQUIPSEQ,EQP_ID,EQP_TYPE,
	LOAD_MGZ_ID,CURRENT_RECIPE_ID,RAIL_WIDTH,
	CONTROL_STATUS,
	MGZ_IN_MODE,MGZ_ID2,CONFIRM_FLAG2,LOT_ID2,RECIPE_NAME2,
	PROD_ID2,OPER_ID2,LOT_QTY2,PCB_COUNT2,BOM_CD2,FR_TYPE2,
	USER_ID2,CONFIRM_MSG2,WDATE)
	VALUES 
/* ('20210512',27,2,'D004001','D005009','MAIPS20070MA4RFA1B-002','Product Type_Memory Module Type (DDR4_RD)','1400.45','D012004','ST','MAIPS00070MA4RNACM-054','T','WI06N0985I','S0000_AA_BJ_00_00','HABCEC1234AAAABBBB','5200',1000,'25','AAAA-BBBB-CCCC','R','2006468','CONFIRM_F_COMMENT2','2021-05-12 00:24:21.000'); */
	(DATE_FORMAT(CURDATE(), '%Y%m%d'), NEW.LOADER_MGZ_SEQ,NEW.EQUIPSEQ,
		 (SELECT EQP_ID    FROM OWP_MODULE_SF.OWP_EQUIPMENT WHERE EQUIPSEQ = NEW.EQUIPSEQ),		
		 (SELECT EQP_TYPE  FROM OWP_MODULE_SF.OWP_EQUIPMENT WHERE EQUIPSEQ = NEW.EQUIPSEQ),		
	NEW.LOAD_MGZ_ID,NEW.CURRENT_RECIPE_ID,NEW.RAIL_WIDTH,
	NEW.CONTROL_STATUS,  /* 차후 수정 */
	NEW.MGZ_IN_MODE,NEW.MGZ_ID2,NEW.CONFIRM_FLAG2,NEW.LOT_ID2,NEW.RECIPE_NAME2,
	NEW.PROD_ID2,NEW.OPER_ID2,NEW.LOT_QTY2,NEW.PCB_COUNT2,NEW.BOM_CD2,NEW.FR_TYPE2,
	NEW.USER_ID2,NEW.CONFIRM_MSG2,NEW.WDATE) */;;
DELIMITER ;
/*!50003 SET sql_mode              = @saved_sql_mode */ ;
/*!50003 SET character_set_client  = @saved_cs_client */ ;
/*!50003 SET character_set_results = @saved_cs_results */ ;
/*!50003 SET collation_connection  = @saved_col_connection */ ;

--
-- Table structure for table `OWP_LOADER_OUTPUT`
--

DROP TABLE IF EXISTS `OWP_LOADER_OUTPUT`;
/*!40101 SET @saved_cs_client     = @@character_set_client */;
/*!40101 SET character_set_client = utf8 */;
CREATE TABLE `OWP_LOADER_OUTPUT` (
  `OUTPUT_DATE` char(8) NOT NULL,
  `OUTPUT_DATESEQ` bigint(11) unsigned NOT NULL AUTO_INCREMENT,
  `EQUIPSEQ` bigint(11) unsigned NOT NULL COMMENT '"MOI EdgePC에서 프로그램실행시 \r\n설비SEQ값을 구해온다.\r\n각각의 설비마다 고정값으로 조회한다."',
  `EQP_ID` char(7) NOT NULL COMMENT 'CM01, CM02\r\n---\r\nGroupID=D004000',
  `EQP_TYPE` char(10) NOT NULL COMMENT 'PRINT, SPI,~\r\n---\r\nGroupID=D005000',
  `PCB_ID` varchar(200) NOT NULL,
  `LOAD_MGZ_ID` varchar(100) DEFAULT NULL,
  `MGZ_SLOT_NO` int(4) DEFAULT NULL,
  `CYCLE_TIME` varchar(100) DEFAULT NULL,
  `PCB_VACUUM_LEVEL` varchar(100) DEFAULT NULL,
  `PCB_ID2` varchar(200) DEFAULT NULL,
  `CONFIRM_FLAG2` char(1) DEFAULT NULL,
  `LOT_ID2` varchar(200) DEFAULT NULL,
  `SUB_LOT_ID2` varchar(200) DEFAULT NULL,
  `CONFIRM_MSG2` varchar(500) DEFAULT NULL,
  `WDATE` timestamp NULL DEFAULT NULL,
  PRIMARY KEY (`OUTPUT_DATESEQ`) USING BTREE,
  KEY `OUTPUT_DATE` (`OUTPUT_DATE`,`OUTPUT_DATESEQ`) USING BTREE
) ENGINE=InnoDB AUTO_INCREMENT=32 DEFAULT CHARSET=utf8 ROW_FORMAT=DYNAMIC;
/*!40101 SET character_set_client = @saved_cs_client */;

--
-- Dumping data for table `OWP_LOADER_OUTPUT`
--

LOCK TABLES `OWP_LOADER_OUTPUT` WRITE;
/*!40000 ALTER TABLE `OWP_LOADER_OUTPUT` DISABLE KEYS */;
INSERT INTO `OWP_LOADER_OUTPUT` VALUES ('20210512',1,1,'D004001','D005001','KR3066027A0000000000001000A00000','MAIPS20070MA4RFA1B-001',1,'0:00:04','1','KR3066027A0000000000001000A00000','T','WI06N0994I','AAAAAAAAAA01','CONFIRM_F_COMMENT','2021-04-05 19:10:23'),('20210512',2,1,'D004001','D005009','KR3066027A0000000000001000A00001','MAIPS20070MA4RFA1B-001',2,'0:00:08','1','KR3066027A0000000000001000A00001','T','WI06N0985I','AAAAAAAAAA01','CONFIRM_Frue','2021-04-05 19:10:23'),('20210512',3,1,'D004001','D005005','KR3066027A0000000000001000A00002','MAIPS20070MA4RFA1B-001',3,'0:00:15','1','KR3066027A0000000000001000A00002','T','WI06N0986I','AAAAAAAAAA01','CONFIRM_Frue','2021-04-05 19:10:23'),('20210512',4,1,'D004001','D005005','KR3066027A0000000000001000A00003','MAIPS20070MA4RFA1B-001',4,'0:00:04','1','KR3066027A0000000000001000A00003','R','WI06N0996I','AAAAAAAAAA01','CONFIRM_Frue','2021-04-05 19:10:23'),('20210512',5,1,'D004001','D005007','KR3066027A0000000000001000A00004','MAIPS20070MA4RFA1B-001',5,'0:00:04','1','KR3066027A0000000000001000A00004','R','WI06N0996I','AAAAAAAAAA01','CONFIRM_Frue','2021-04-05 19:10:23'),('20210512',6,1,'D004001','D005012','KR3066027A0000000000001000A00005','MAIPS20070MA4RFA1B-001',6,'0:00:15','1','KR3066027A0000000000001000A00005','T','WI06N0996I','AAAAAAAAAA01','CONFIRM_False','2021-04-05 19:10:23'),('20210512',7,1,'D004001','D005002','KR3066027A0000000000001000A00006','MAIPS20070MA4RFA1B-001',7,'0:00:09','1','KR3066027A0000000000001000A00006','R','WI06N0992I','AAAAAAAAAA01','CONFIRM_False','2021-04-05 19:10:23'),('20210512',8,1,'D004001','D005005','KR3066027A0000000000001000A00007','MAIPS20070MA4RFA1B-001',8,'0:00:11','1','KR3066027A0000000000001000A00007','R','WI06N0992I','AAAAAAAAAA01','CONFIRM_False','2021-04-05 19:10:23'),('20210512',9,16,'D004001','D005005','KR3066027A0000000000001000A16001','MAIPS00070MA4RNACM-053',1,'0:00:04','1','KR3066027A0000000000001000A16001','T','WI06N0985I','AAAAAAAAAA02','CONFIRM_F_COMMENT','2021-04-05 19:10:23'),('20210512',10,16,'D004001','D005005','KR3066027A0000000000001000A16002','MAIPS00070MA4RNACM-053',2,'0:00:08','1','KR3066027A0000000000001000A16002','T','WI06N0985I','AAAAAAAAAA02','CONFIRM_Frue','2021-04-05 19:10:23'),('20210512',11,16,'D004001','D005005','KR3066027A0000000000001000A16003','MAIPS00070MA4RNACM-053',3,'0:00:17','1','KR3066027A0000000000001000A16003','T','WI06N0986I','AAAAAAAAAA02','CONFIRM_Frue','2021-04-05 19:10:23'),('20210512',12,16,'D004001','D005005','KR3066027A0000000000001000A16004','MAIPS00070MA4RNACM-053',4,'0:00:04','1','KR3066027A0000000000001000A16004','R','WI06N0996I','AAAAAAAAAA02','CONFIRM_Frue','2021-04-05 19:10:23'),('20210512',13,16,'D004001','D005005','KR3066027A0000000000001000A1600','MAIPS00070MA4RNACM-053',5,'0:00:06','1','KR3066027A0000000000001000A1600','R','WI06N0996I','AAAAAAAAAA02','CONFIRM_Frue','2021-04-05 19:10:23'),('20210512',14,16,'D004001','D005004','KR3066027A0000000000001000A16006','MAIPS00070MA4RNACM-053',6,'0:00:15','1','KR3066027A0000000000001000A16006','T','WI06N0996I','AAAAAAAAAA02','CONFIRM_False','2021-04-05 19:10:23'),('20210512',15,16,'D004001','D005013','KR3066027A0000000000001000A16007','MAIPS00070MA4RNACM-053',7,'0:00:10','1','KR3066027A0000000000001000A16007','R','WI06N0992I','AAAAAAAAAA02','CONFIRM_False','2021-04-05 19:10:23'),('20210512',16,16,'D004002','D005001','KR3066027A0000000000001000A16008','MAIPS00070MA4RNACM-053',8,'0:00:13','1','KR3066027A0000000000001000A16008','R','WI06N0994I','AAAAAAAAAA02','CONFIRM_False','2021-04-05 19:10:23'),('20210512',17,1,'D004001','D005001','KR3066027A0000000000001000A00008','MAIPS20070MA4RFA1B-016',1,'0:00:09','1','KR3066027A0000000000001000A00008','T','WI06N0994I','AAAAAAAAAA03','CONFIRM_F_COMMENT','2021-05-03 02:10:23'),('20210512',18,1,'D004001','D005001','KR3066027A0000000000001000A00008','MAIPS20070MA4RFA1B-016',1,'0:00:09','1','KR3066027A0000000000001000A00009','T','WI06N0994I','AAAAAAAAAA03','TEST BY ANH','2021-05-08 02:10:23'),('20210512',19,1,'D004001','D005001','KR3066027A0000000000001000A00008','MAIPS20070MA4RFA1B-016',1,'0:00:09','1','KR3066027A0000000000001000A00010','T','WI06N0994I','AAAAAAAAAA03','TEST BY ANH','2021-05-08 02:10:23'),('20210512',20,1,'D004001','D005001','KR3066027A0000000000001000A00008','MAIPS20070MA4RFA1B-016',1,'0:00:09','1','KR3066027A0000000000001000A00011','T','WI06N0994I','AAAAAAAAAA03','TEST BY ANH','2021-05-08 02:10:23'),('20210512',21,1,'D004001','D005001','KR3066027A0000000000001000A00008','MAIPS20070MA4RFA1B-016',1,'0:00:09','1','KR3066027A0000000000001000A00012','T','WI06N0994I','AAAAAAAAAA03','TEST BY ANH','2021-05-08 02:10:23'),('20210512',22,1,'D004001','D005001','KR3066027A0000000000001000A00008','MAIPS20070MA4RFA1B-016',1,'0:00:20','1','KR3066027A0000000000001000A00013','T','WI06N0994I','AAAAAAAAAA03','TEST BY Oh','2021-05-08 02:10:25'),('20210518',24,1,'D004001','D005001','KR3066027A0000000000001000A00000','MAIPS20070MA4RFA1B-001',1,'00:00:04','1','KR3066027A0000000000001000A00000','T','WI06N0985I','AAAAAAAAAA01','CONFIRM_F_COMMENT','2021-05-17 07:24:18'),('20210519',25,1,'D004001','D005001','KR3066027A0000000000001000A00000','MAIPS20070MA4RFA1B-001',1,'00:00:04','1','KR3066027A0000000000001000A00000','T','WI06N0985I','AAAAAAAAAA01','CONFIRM_F_COMMENT','2021-05-17 07:24:18'),('20210519',26,16,'D004002','D005001','KR3066027A0000000000001000A16008','MAIPS00070MA4RNACM-053',8,'00:00:13','1','KR3066027A0000000000001000A16008','R','WI06N0992I','AAAAAAAAAA02','CONFIRM_False','2021-03-23 00:53:10'),('20210519',27,16,'D004002','D005001','KR3066027A0000000000001000A16008','MAIPS00070MA4RNACM-053',8,'00:00:13','1','KR3066027A0000000000001000A16008','R','WI06N0992I','AAAAAAAAAA02','CONFIRM_False','2021-03-23 00:53:10'),('20210519',28,2,'D004001','D005009','KR3066027A0000000000001000A00000','MAIPS20070MA4RFA1B-001',1,'00:00:04','1','KR3066027A0000000000001000A00000','T','WI06N0985I','AAAAAAAAAA01','CONFIRM_F_COMMENT','2021-05-17 07:24:18'),('20210521',29,1,'D004001','D005001','KR3066027A0000000000001000A00000','MAIPS20070MA4RFA1B-001',1,'0:00:04','1','KR3066027A0000000000001000A00000','T','WI06N0985I','AAAAAAAAAA01','CONFIRM_F_COMMENT','2021-05-21 07:24:00'),('20210521',30,1,'D004001','D005001','KR3066027A0000000000001000A00000','MAIPS20070MA4RFA1B-001',1,'0:00:20','1','KR3066027A0000000000001000A00000','T','WI06N0985I','AAAAAAAAAA01','CONFIRM_F_COMMENT','2021-05-21 07:24:00'),('20210521',31,16,'D004002','D005001','KR3066027A0000000000001000A16008','MAIPS00070MA4RNACM-053',8,'0:00:13','1','KR3066027A0000000000001000A16008','R','WI06N0992I','AAAAAAAAAA02','CONFIRM_False','2021-05-21 07:24:00');
/*!40000 ALTER TABLE `OWP_LOADER_OUTPUT` ENABLE KEYS */;
UNLOCK TABLES;

--
-- Table structure for table `OWP_LOADER_OUTPUT_LOG`
--

DROP TABLE IF EXISTS `OWP_LOADER_OUTPUT_LOG`;
/*!40101 SET @saved_cs_client     = @@character_set_client */;
/*!40101 SET character_set_client = utf8 */;
CREATE TABLE `OWP_LOADER_OUTPUT_LOG` (
  `LOADER_SEQ` bigint(11) unsigned NOT NULL AUTO_INCREMENT,
  `EQUIPSEQ` bigint(11) unsigned NOT NULL COMMENT '"MOI EdgePC에서 프로그램실행시 \n설비SEQ값을 구해온다.\n각각의 설비마다 고정값으로 조회한다."',
  `PCB_ID` varchar(100) NOT NULL,
  `LOAD_MGZ_ID` varchar(100) DEFAULT NULL,
  `MGZ_SLOT_NO` int(4) DEFAULT NULL,
  `CYCLE_TIME` varchar(100) DEFAULT NULL,
  `PCB_VACUUM_LEVEL` varchar(100) DEFAULT NULL,
  `PCB_ID2` varchar(200) DEFAULT NULL,
  `CONFIRM_FLAG2` char(1) DEFAULT NULL,
  `LOT_ID2` varchar(200) DEFAULT NULL,
  `SUB_LOT_ID2` varchar(200) DEFAULT NULL,
  `CONFIRM_MSG2` varchar(500) DEFAULT NULL,
  `WDATE` timestamp NULL DEFAULT NULL,
  PRIMARY KEY (`LOADER_SEQ`) USING BTREE,
  KEY `OUTPUT_DATE` (`LOADER_SEQ`) USING BTREE
) ENGINE=InnoDB AUTO_INCREMENT=26 DEFAULT CHARSET=utf8 ROW_FORMAT=DYNAMIC;
/*!40101 SET character_set_client = @saved_cs_client */;

--
-- Dumping data for table `OWP_LOADER_OUTPUT_LOG`
--

LOCK TABLES `OWP_LOADER_OUTPUT_LOG` WRITE;
/*!40000 ALTER TABLE `OWP_LOADER_OUTPUT_LOG` DISABLE KEYS */;
INSERT INTO `OWP_LOADER_OUTPUT_LOG` VALUES (1,1,'KR3066027A0000000000001000A00000','MAIPS20070MA4RFA1B-001',1,'00:00:04','1','KR3066027A0000000000001000A00000','T','WI06N0985I','AAAAAAAAAA01','CONFIRM_F_COMMENT','2021-03-23 00:11:14'),(2,1,'KR3066027A0000000000001000A00001','MAIPS20070MA4RFA1B-001',2,'00:00:08','1','KR3066027A0000000000001000A00001','T','WI06N0985I','AAAAAAAAAA01','CONFIRM_Frue','2021-03-23 00:13:14'),(3,1,'KR3066027A0000000000001000A00002','MAIPS20070MA4RFA1B-001',3,'00:00:15','1','KR3066027A0000000000001000A00002','T','WI06N0986I','AAAAAAAAAA01','CONFIRM_Frue','2021-03-23 00:15:30'),(4,1,'KR3066027A0000000000001000A00003','MAIPS20070MA4RFA1B-001',4,'00:00:04','1','KR3066027A0000000000001000A00003','R','WI06N0996I','AAAAAAAAAA01','CONFIRM_Frue','2021-03-23 00:19:24'),(5,1,'KR3066027A0000000000001000A00004','MAIPS20070MA4RFA1B-001',5,'00:00:04','1','KR3066027A0000000000001000A00004','R','WI06N0996I','AAAAAAAAAA01','CONFIRM_Frue','2021-03-23 00:21:18'),(6,1,'KR3066027A0000000000001000A00005','MAIPS20070MA4RFA1B-001',6,'00:00:15','1','KR3066027A0000000000001000A00005','T','WI06N0996I','AAAAAAAAAA01','CONFIRM_False','2021-03-23 00:23:10'),(7,1,'KR3066027A0000000000001000A00006','MAIPS20070MA4RFA1B-001',7,'00:00:09','1','KR3066027A0000000000001000A00006','R','WI06N0992I','AAAAAAAAAA01','CONFIRM_False','2021-03-23 00:25:01'),(8,1,'KR3066027A0000000000001000A00007','MAIPS20070MA4RFA1B-001',8,'00:00:11','1','KR3066027A0000000000001000A00007','R','WI06N0992I','AAAAAAAAAA01','CONFIRM_False','2021-03-23 00:27:19'),(9,16,'KR3066027A0000000000001000A16001','MAIPS00070MA4RNACM-053',1,'00:00:04','1','KR3066027A0000000000001000A16001','T','WI06N0985I','AAAAAAAAAA02','CONFIRM_F_COMMENT','2021-03-23 00:31:14'),(10,16,'KR3066027A0000000000001000A16002','MAIPS00070MA4RNACM-053',2,'00:00:08','1','KR3066027A0000000000001000A16002','T','WI06N0985I','AAAAAAAAAA02','CONFIRM_Frue','2021-03-23 00:33:11'),(11,16,'KR3066027A0000000000001000A16003','MAIPS00070MA4RNACM-053',3,'00:00:17','1','KR3066027A0000000000001000A16003','T','WI06N0986I','AAAAAAAAAA02','CONFIRM_Frue','2021-03-23 00:35:18'),(12,16,'KR3066027A0000000000001000A16004','MAIPS00070MA4RNACM-053',4,'00:00:04','1','KR3066027A0000000000001000A16004','R','WI06N0996I','AAAAAAAAAA02','CONFIRM_Frue','2021-03-23 00:39:24'),(13,16,'KR3066027A0000000000001000A16005','MAIPS00070MA4RNACM-053',5,'00:00:06','1','KR3066027A0000000000001000A16005','R','WI06N0996I','AAAAAAAAAA02','CONFIRM_Frue','2021-03-23 00:45:40'),(14,16,'KR3066027A0000000000001000A16006','MAIPS00070MA4RNACM-053',6,'00:00:15','1','KR3066027A0000000000001000A16006','T','WI06N0996I','AAAAAAAAAA02','CONFIRM_False','2021-03-23 00:47:45'),(15,16,'KR3066027A0000000000001000A16007','MAIPS00070MA4RNACM-053',7,'00:00:10','1','KR3066027A0000000000001000A16007','R','WI06N0992I','AAAAAAAAAA02','CONFIRM_False','2021-03-23 00:50:55'),(16,16,'KR3066027A0000000000001000A16008','MAIPS00070MA4RNACM-053',8,'00:00:13','1','KR3066027A0000000000001000A16008','R','WI06N0992I','AAAAAAAAAA02','CONFIRM_False','2021-03-23 00:53:10'),(17,1,'KR3066027A0000000000001000A00000','MAIPS20070MA4RFA1B-001',1,'00:00:04','1','KR3066027A0000000000001000A00000','T','WI06N0985I','AAAAAAAAAA01','CONFIRM_F_COMMENT','2021-05-17 07:24:18'),(18,1,'KR3066027A0000000000001000A00000','MAIPS20070MA4RFA1B-001',1,'00:00:04','1','KR3066027A0000000000001000A00000','T','WI06N0985I','AAAAAAAAAA01','CONFIRM_F_COMMENT','2021-05-17 07:24:18'),(19,1,'KR3066027A0000000000001000A00000','MAIPS20070MA4RFA1B-001',1,'00:00:04','1','KR3066027A0000000000001000A00000','T','WI06N0985I','AAAAAAAAAA01','CONFIRM_F_COMMENT','2021-05-17 07:24:18'),(20,16,'KR3066027A0000000000001000A16008','MAIPS00070MA4RNACM-053',8,'00:00:13','1','KR3066027A0000000000001000A16008','R','WI06N0992I','AAAAAAAAAA02','CONFIRM_False','2021-03-23 00:53:10'),(21,16,'KR3066027A0000000000001000A16008','MAIPS00070MA4RNACM-053',8,'00:00:13','1','KR3066027A0000000000001000A16008','R','WI06N0992I','AAAAAAAAAA02','CONFIRM_False','2021-03-23 00:53:10'),(22,2,'KR3066027A0000000000001000A00000','MAIPS20070MA4RFA1B-001',1,'00:00:04','1','KR3066027A0000000000001000A00000','T','WI06N0985I','AAAAAAAAAA01','CONFIRM_F_COMMENT','2021-05-17 07:24:18'),(23,1,'KR3066027A0000000000001000A00000','MAIPS20070MA4RFA1B-001',1,'0:00:04','1','KR3066027A0000000000001000A00000','T','WI06N0985I','AAAAAAAAAA01','CONFIRM_F_COMMENT','2021-05-21 07:24:00'),(24,1,'KR3066027A0000000000001000A00000','MAIPS20070MA4RFA1B-001',1,'0:00:20','1','KR3066027A0000000000001000A00000','T','WI06N0985I','AAAAAAAAAA01','CONFIRM_F_COMMENT','2021-05-21 07:24:00'),(25,16,'KR3066027A0000000000001000A16008','MAIPS00070MA4RNACM-053',8,'0:00:13','1','KR3066027A0000000000001000A16008','R','WI06N0992I','AAAAAAAAAA02','CONFIRM_False','2021-05-21 07:24:00');
/*!40000 ALTER TABLE `OWP_LOADER_OUTPUT_LOG` ENABLE KEYS */;
UNLOCK TABLES;
/*!50003 SET @saved_cs_client      = @@character_set_client */ ;
/*!50003 SET @saved_cs_results     = @@character_set_results */ ;
/*!50003 SET @saved_col_connection = @@collation_connection */ ;
/*!50003 SET character_set_client  = utf8mb4 */ ;
/*!50003 SET character_set_results = utf8mb4 */ ;
/*!50003 SET collation_connection  = utf8mb4_general_ci */ ;
/*!50003 SET @saved_sql_mode       = @@sql_mode */ ;
/*!50003 SET sql_mode              = 'IGNORE_SPACE,STRICT_TRANS_TABLES,ERROR_FOR_DIVISION_BY_ZERO,NO_AUTO_CREATE_USER,NO_ENGINE_SUBSTITUTION' */ ;
DELIMITER ;;
/*!50003 CREATE*/ /*!50017 DEFINER=`MODULE_SF_DEV`@`%`*/ /*!50003 TRIGGER Create_Transaction
AFTER INSERT
ON OWP_LOADER_OUTPUT_LOG FOR EACH ROW
	INSERT INTO OWP_MODULE_SF.OWP_LOADER_OUTPUT 
		(OUTPUT_DATE,EQUIPSEQ,
		EQP_ID,EQP_TYPE,
		PCB_ID,LOAD_MGZ_ID,MGZ_SLOT_NO,
		CYCLE_TIME,PCB_VACUUM_LEVEL,PCB_ID2,CONFIRM_FLAG2,LOT_ID2,SUB_LOT_ID2,CONFIRM_MSG2,WDATE)
	VALUES 
/* Ver.1 Direct Input -> Ok	 * 
  (DATE_FORMAT(CURDATE(), '%Y%m%d'), 1,'D004001','D005001','KR3066027A0000000000001000A00000','MAIPS20070MA4RFA1B-001',1,'0:00:05','1','KR3066027A0000000000001000A0000','T','WI06N0994I','AAAAAAAAAA01','CONFIRM_F_COMMENT','2021-04-06 00:00:00.000') 
*/

/* Ver.2 Same Field Input -> Ok	 * 
  (DATE_FORMAT(CURDATE(), '%Y%m%d'),  NEW.EQUIPSEQ,
         'D004001','D005001',
         NEW.PCB_ID,NEW.LOAD_MGZ_ID, NEW.MGZ_SLOT_NO,
		 NEW.CYCLE_TIME,NEW.PCB_VACUUM_LEVEL,NEW.PCB_ID2,NEW.CONFIRM_FLAG2,NEW.LOT_ID2,NEW.SUB_LOT_ID2,NEW.CONFIRM_MSG2,NEW.WDATE)
*/
  
/* Ver.3 Actual Register -> NG	 * */
	(DATE_FORMAT(CURDATE(), '%Y%m%d'), NEW.EQUIPSEQ,
		 (SELECT EQP_ID    FROM OWP_MODULE_SF.OWP_EQUIPMENT WHERE EQUIPSEQ = NEW.EQUIPSEQ),		/* How can combine 2 line? */
		 (SELECT EQP_TYPE  FROM OWP_MODULE_SF.OWP_EQUIPMENT WHERE EQUIPSEQ = NEW.EQUIPSEQ),		
         NEW.PCB_ID,NEW.LOAD_MGZ_ID, NEW.MGZ_SLOT_NO,
		 NEW.CYCLE_TIME,NEW.PCB_VACUUM_LEVEL,NEW.PCB_ID2,NEW.CONFIRM_FLAG2,NEW.LOT_ID2,NEW.SUB_LOT_ID2,NEW.CONFIRM_MSG2,NEW.WDATE) */;;
DELIMITER ;
/*!50003 SET sql_mode              = @saved_sql_mode */ ;
/*!50003 SET character_set_client  = @saved_cs_client */ ;
/*!50003 SET character_set_results = @saved_cs_results */ ;
/*!50003 SET collation_connection  = @saved_col_connection */ ;

--
-- Table structure for table `OWP_MUT_OUTPUT`
--

DROP TABLE IF EXISTS `OWP_MUT_OUTPUT`;
/*!40101 SET @saved_cs_client     = @@character_set_client */;
/*!40101 SET character_set_client = utf8 */;
CREATE TABLE `OWP_MUT_OUTPUT` (
  `OUTPUT_DATE` char(8) NOT NULL,
  `OUTPUT_DATESEQ` bigint(11) unsigned NOT NULL AUTO_INCREMENT,
  `EQUIPSEQ` bigint(11) NOT NULL COMMENT 'MOI EdgePC에서 프로그램실행시 \r\n설비SEQ값을 구해온다.\r\n각각의 설비마다 고정값으로 조회한다.',
  `EQP_ID` char(7) NOT NULL COMMENT 'CM01, CM02\r\n---\r\nGroupID=D004000',
  `EQP_TYPE` char(7) NOT NULL COMMENT 'PRINT, SPI,~\r\n---\r\nGroupID=D005000',
  `PCB_ID` varchar(100) NOT NULL,
  `CURRENT_RECIPE_ID` varchar(100) NOT NULL,
  `RAIL_WIDTH` varchar(20) NOT NULL,
  `CONTROL_STATUS` char(7) NOT NULL COMMENT 'GroupID=D012000',
  `PCB_ID2` varchar(100) NOT NULL,
  `CONFIRM_FLAG2` char(1) NOT NULL,
  `LOT_ID2` varchar(100) NOT NULL,
  `RECIPE_NAME2` varchar(500) NOT NULL,
  `PROD_ID2` varchar(100) NOT NULL,
  `OPER_ID2` varchar(100) NOT NULL,
  `CONFIRM_MSG2` varchar(500) NOT NULL,
  `PCB_ID3` varchar(100) NOT NULL,
  `EQP_SEQ_NO3` int(4) NOT NULL,
  `LANE_NO3` int(4) DEFAULT NULL,
  `ORIGINLOCATION3` int(4) NOT NULL,
  `ROWS3` int(4) NOT NULL,
  `COLUMNS3` int(4) NOT NULL,
  `CELL_STATUS3` varchar(100) NOT NULL,
  `LOT_ID3` varchar(100) NOT NULL,
  `PROD_ID3` varchar(100) NOT NULL,
  `OPER_ID3` varchar(100) NOT NULL,
  `CURRENT_RCP_NAME3` varchar(500) NOT NULL,
  `TOTAL_CYCLE_TIME3` varchar(100) NOT NULL,
  `TOTAL_TACT_TIME3` varchar(100) NOT NULL,
  `CYCLE_TIME3` varchar(100) NOT NULL,
  `TACT_TIME3` varchar(100) NOT NULL,
  `CELL_GRADE3` varchar(100) NOT NULL,
  `PCB_UNIT_ID3` varchar(500) NOT NULL,
  `COMPONENT_SAP_CODE3` varchar(100) NOT NULL,
  `COMPONENT_QTY3` int(4) NOT NULL,
  `COMPONENT_FEEDER_SLOT3` varchar(100) NOT NULL,
  `COMPONENT_SERIAL_NO3` varchar(100) NOT NULL,
  `DEVICE_SAP_CODE3` varchar(100) NOT NULL,
  `DEVICE_TOTAL_QTY3` int(4) NOT NULL,
  `DEVICE_USED_QTY3` int(4) NOT NULL,
  `PICK_PLACE_SEQUENCE_NO3` int(4) NOT NULL,
  `PICK_PLACE_FEEDER_SLOT3` varchar(100) NOT NULL,
  `PICK_PLACE_FEEDER_SERIAL_NO3` varchar(100) NOT NULL,
  `PICK_PLACE_SAP_CODE3` varchar(100) NOT NULL,
  `PICK_PLACE_PICKUP_STATUS3` int(4) NOT NULL,
  `PICK_PLACE_NOZZLE_ID3` varchar(100) NOT NULL,
  `PICK_PLACE_HEAD_ID3` varchar(100) NOT NULL,
  `PICK_PLACE_HOLDER_NO3` varchar(100) NOT NULL,
  `PICK_PLACE_BLOCK_NO3` int(4) NOT NULL,
  `MOUNT_LOCATION3` varchar(100) NOT NULL,
  `PART_2D_CODE3` varchar(100) NOT NULL,
  `COMPONENT_SERIAL_NO4` varchar(100) NOT NULL,
  `MODULE1_3` varchar(100) NOT NULL,
  `START_TIME1_3` varchar(100) NOT NULL,
  `END_TIME1_3` varchar(100) NOT NULL,
  `MODULE2_3` varchar(100) NOT NULL,
  `START_TIME2_3` varchar(100) NOT NULL,
  `END_TIME2_3` varchar(100) NOT NULL,
  `MODULE3_3` varchar(100) NOT NULL,
  `START_TIME3_3` varchar(100) NOT NULL,
  `END_TIME3_3` varchar(100) NOT NULL,
  `WDATE` timestamp NULL DEFAULT NULL ON UPDATE current_timestamp() COMMENT 'Write Date',
  PRIMARY KEY (`OUTPUT_DATESEQ`) USING BTREE,
  KEY `OUTPUT_DATE` (`OUTPUT_DATE`,`OUTPUT_DATESEQ`) USING BTREE
) ENGINE=InnoDB AUTO_INCREMENT=18 DEFAULT CHARSET=utf8 ROW_FORMAT=DYNAMIC;
/*!40101 SET character_set_client = @saved_cs_client */;

--
-- Dumping data for table `OWP_MUT_OUTPUT`
--

LOCK TABLES `OWP_MUT_OUTPUT` WRITE;
/*!40000 ALTER TABLE `OWP_MUT_OUTPUT` DISABLE KEYS */;
INSERT INTO `OWP_MUT_OUTPUT` VALUES ('20210512',1,1,'D004001','D005001','KR3066027A0000000000001000A00000','S3671-005-010001-AD-FJ','1400.45','D012002','KR3066027A0000000000001000A00000','T','WI06N0985I-01A','S3671-005-010001-AD-FJ','MAIPS20070ST4RFA1B-001','5200','CONFIRM_F_COMMENT','KR3066027A0000000000001000A00010',1,1,1,1,1,'111111','WI06N0985I','HMAG84CXNRX085N-1C101','5200','S3671-005-010001-AD-FJ','00:05:04','17.86','4.66','4.66','0','UR3077801A08061DX400000096F10000,UR3077801A08061DX400000096F20000,UR3077801A08061DX400000096F30000','R3078297',2500,'A0001','KT24L 088689','R3078297',1,1,125,'A0001','AB023DGEC110','H2502Q',0,'225','H1','3',1,'L2','WWA1234','R301427','LOAD','2021-01-18 17:25:26','2021-01-18 17:25:29','WORK','2021-01-18 17:25:29','2021-01-18 17:26:00','END','2021-01-18 17:26:00','2021-01-18 17:26:01','2021-05-11 15:25:37'),('20210512',2,1,'D004001','D005009','KR3066027A0000000000001000A00001','S3671-005-010001-AD-FJ','1400.45','D012004','KR3066027A0000000000001000A00001','T','WI06N0985I-01A','S3671-005-010001-AD-FJ','MAIPS20070ST4RFA1B-001','5200','CONFIRM_Frue','KR3066027A0000000000001000A00000',1,1,1,1,2,'222222','WI06N0985I','HMAG84CXNRX085N-1C101','5200','S3671-005-010001-AD-FJ','00:05:08','17.99','4.77','4.77','0','UR3077801A08061DX400000096F10000,UR3077801A08061DX400000096F20000,UR3077801A08061DX400000096F30000','R3078297',2500,'A0001','KT24L 088689','R3078297',1,1,87,'A0001','AB023DGEC110','H2502Q',1,'220','H1','3',2,'L2','WWA1234','R301428','LOAD','2021-01-18 17:26:06','2021-01-18 17:26:09','WORK','2021-01-18 17:26:09','2021-01-18 17:27:10','END','2021-01-18 17:27:00','2021-01-18 17:27:21','2021-05-11 15:25:37'),('20210512',3,1,'D004001','D005006','KR3066027A0000000000001000A00002','S3671-005-010001-AD-FJ','1450.45','D012003','KR3066027A0000000000001000A00002','T','WI06N0985I-01A','S3671-005-010001-AD-FJ','MAIPS20070ST4RFA1B-001','5300','CONFIRM_Frue','KR3066027A0000000000001000A00001',2,1,2,1,3,'111111','WI06N0986I','HMAG84CXNRX085N-1C101','5300','S3671-005-010001-AD-FJ','00:05:15','18.01','4.66','4.66','0','UR3077801A08061DX400000096F10000,UR3077801A08061DX400000096F20000,UR3077801A08061DX400000096F30000','R3078297',2500,'A0001','KT24L 088689','R3078297',1,1,56,'A0001','AB023DGEC110','H2502Q',2,'210','H1','2',3,'L2','WWA1234','R301429','LOAD','2021-01-18 17:25:26','2021-01-18 17:25:29','WORK','2021-01-18 17:25:30','2021-01-18 17:26:01','END','2021-01-18 17:26:00','2021-01-18 17:26:01','2021-05-11 15:25:37'),('20210512',4,1,'D004001','D005006','KR3066027A0000000000001000A00003','S3671-005-010001-AD-FJ','1500.30','D012002','KR3066027A0000000000001000A00003','R','WI06N0985I-01A','S3671-005-010001-AD-FJ','MAIPS20070ST4RFA1B-001','5400','CONFIRM_Frue','KR3066027A0000000000001000A00002',2,1,2,1,4,'222222','WI06N0996I','HMAG84CXNRX085N-1C101','5400','S3671-005-010001-AD-FJ','00:06:04','17.02','4.56','4.56','0','UR3077801A08061DX400000096F10000,UR3077801A08061DX400000096F20000,UR3077801A08061DX400000096F30000','R3078297',2500,'A0001','KT24L 088689','R3078297',1,1,12,'A0001','AB023DGEC110','H2502Q',3,'180','H1','2',4,'L2','WWA1234','R301430','LOAD','2021-01-18 17:26:06','2021-01-18 17:26:09','WORK','2021-01-18 17:26:10','2021-01-18 17:27:11','END','2021-01-18 17:27:00','2021-01-18 17:27:21','2021-05-11 15:25:37'),('20210512',5,1,'D004001','D005007','KR3066027A0000000000001000A00004','S3671-005-010001-AD-FJ','1500.30','D012002','KR3066027A0000000000001000A00003','R','WI06N0985I-01A','S3671-005-010001-AD-FJ','MAIPS20070ST4RFA1B-001','5400','CONFIRM_Frue','KR3066027A0000000000001000A00003',3,2,3,2,5,'222222','WI06N0996I','HMAG84CXNRX085N-1C101','5400','S3671-005-010001-AD-FJ','00:06:04','17.23','4.45','4.45','0','UR3077801A08061DX400000096F10000,UR3077801A08061DX400000096F20000,UR3077801A08061DX400000096F30000','R3078297',2500,'A0001','KT24L 088689','R3078297',1,1,45,'A0001','AB023DGEC110','H2502Q',4,'164','H2','2',5,'L3','WWA1234','R301431','LOAD','2021-01-18 17:25:26','2021-01-18 17:25:29','WORK','2021-01-18 17:25:31','2021-01-18 17:26:02','END','2021-01-18 17:26:00','2021-01-18 17:26:01','2021-05-11 15:25:37'),('20210512',6,1,'D004001','D005012','KR3066027A0000000000001000A00005','S3671-005-010001-AD-FJ','1500.30','D012004','KR3066027A0000000000001000A00005','T','WI06N0985I-01A','S3671-005-010001-AD-FJ','MAIPS20070ST4RFA1B-001','5400','CONFIRM_False','KR3066027A0000000000001000A00004',3,2,3,2,7,'222222','WI06N0996I','HMAG84CXNRX085N-1C101','5400','S3671-005-010001-AD-FJ','00:05:15','17.45','4.65','4.65','1','UR3077801A08061DX400000096F10000,UR3077801A08061DX400000096F20000,UR3077801A08061DX400000096F30000','R3078297',2500,'A0001','KT24L 088689','R3078297',1,1,68,'A0001','AB023DGEC110','H2502Q',3,'132','H2','2',6,'L3','WWA1234','R301432','LOAD','2021-01-18 17:26:06','2021-01-18 17:26:09','WORK','2021-01-18 17:26:11','2021-01-18 17:27:12','END','2021-01-18 17:27:00','2021-01-18 17:27:21','2021-05-11 15:25:37'),('20210512',7,1,'D004001','D005002','KR3066027A0000000000001000A00006','S3671-005-010001-AD-FJ','1460.32','D012003','KR3066027A0000000000001000A00006','R','WI06N0985I-01A','S3671-005-010001-AD-FJ','MAIPS20070ST4RFA1B-001','5400','CONFIRM_False','KR3066027A0000000000001000A00005',4,2,4,2,2,'333333','WI06N0992I','HMAG84CXNRX085N-1C101','5400','S3671-005-010001-AD-FJ','00:05:09','17.66','4.34','4.34','0','UR3077801A08061DX400000096F10000,UR3077801A08061DX400000096F20000,UR3077801A08061DX400000096F30000','R3078297',2500,'A0001','KT24L 088689','R3078297',1,1,32,'A0001','AB023DGEC110','H2502Q',2,'100','H3','1',10,'L3','WWA1234','R301433','LOAD','2021-01-18 17:25:26','2021-01-18 17:25:29','WORK','2021-01-18 17:25:32','2021-01-18 17:26:03','END','2021-01-18 17:26:00','2021-01-18 17:26:01','2021-05-11 15:25:37'),('20210512',8,1,'D004001','D005005','KR3066027A0000000000001000A00007','S3671-005-010001-AD-FJ','1460.32','D012002','KR3066027A0000000000001000A00007','R','WI06N0985I-01A','S3671-005-010001-AD-FJ','MAIPS20070ST4RFA1B-001','5400','CONFIRM_False','KR3066027A0000000000001000A00006',4,2,4,2,4,'333333','WI06N0992I','HMAG84CXNRX085N-1C101','5400','S3671-005-010001-AD-FJ','00:03:11','17.76','4.56','4.65','0','UR3077801A08061DX400000096F10000,UR3077801A08061DX400000096F20000,UR3077801A08061DX400000096F30000','R3078297',2500,'A0001','KT24L 088689','R3078297',1,1,45,'A0001','AB023DGEC110','H2502Q',3,'87','H3','1',11,'L3','WWA1234','R301434','LOAD','2021-01-18 17:26:06','2021-01-18 17:26:09','WORK','2021-01-18 17:26:12','2021-01-18 17:27:13','END','2021-01-18 17:27:00','2021-01-18 17:27:21','2021-05-11 15:25:37'),('20210512',9,16,'D004001','D005005','KR3066027A0000000000001000A16001','S3671-005-010002-AD-FJ','1400.45','D012004','KR3066027A0000000000001000A16001','T','WI06N0985I-02A','S3671-005-010002-AD-FJ','MAIPS20070ST4RFA1B-001','5200','CONFIRM_F_COMMENT','KR3066027A0000000000001000A00007',2,1,2,1,4,'333333','WI06N0985I','HMAG84CXNRX085N-1C101','5200','S3671-005-010002-AD-FJ','00:03:04','18.21','4.45','4.45','0','UR3077801A08061DX400000096F10000,UR3077801A08061DX400000096F20000,UR3077801A08061DX400000096F30000','R3078297',2500,'A0001','KT24L 088689','R3078297',1,1,65,'A0001','AB023DGEC110','H2502Q',2,'56','H2','1',12,'L3','WWA1234','R301435','LOAD','2021-01-18 17:25:26','2021-01-18 17:25:29','WORK','2021-01-18 17:25:33','2021-01-18 17:26:04','END','2021-01-18 17:26:00','2021-01-18 17:26:01','2021-05-11 15:25:37'),('20210512',10,16,'D004001','D005005','KR3066027A0000000000001000A16002','S3671-005-010002-AD-FJ','1400.45','D012004','KR3066027A0000000000001000A16002','T','WI06N0985I-02A','S3671-005-010002-AD-FJ','MAIPS20070ST4RFA1B-001','5200','CONFIRM_Frue','KR3066027A0000000000001000A16001',2,1,2,1,7,'111111','WI06N0985I','HMAG84CXNRX085N-1C101','5200','S3671-005-010002-AD-FJ','00:04:08','17.02','4.65','4.65','0','UR3077801A08061DX400000096F10000,UR3077801A08061DX400000096F20000,UR3077801A08061DX400000096F30000','R2121392',2700,'B0218','KT24L 188689','R2121392',1,1,5,'A0001','AB023DGEC110','H2502Q',1,'12','H2','1',13,'L1','WWA1234','R301436','LOAD','2021-01-18 17:26:06','2021-01-18 17:26:09','WORK','2021-01-18 17:26:13','2021-01-18 17:27:14','END','2021-01-18 17:27:00','2021-01-18 17:27:21','2021-05-11 15:25:37'),('20210512',11,16,'D004001','D005005','KR3066027A0000000000001000A16003','S3671-005-010002-AD-FJ','1450.45','D012004','KR3066027A0000000000001000A16003','T','WI06N0985I-02A','S3671-005-010002-AD-FJ','MAIPS20070ST4RFA1B-001','5300','CONFIRM_Frue','KR3066027A0000000000001000A16002',3,1,3,1,4,'111111','WI06N0986I','HMAG84CXNRX085N-1C101','5300','S3671-005-010002-AD-FJ','00:04:17','17.23','4.66','4.66','0','UR3077801A08061DX400000096F10000,UR3077801A08061DX400000096F20000,UR3077801A08061DX400000096F30000','R2121392',2700,'B0218','KT24L 188689','R2121392',1,1,100,'A0001','AB023DGEC110','H2502Q',4,'45','H4','2',14,'L1','WWA1234','R301437','LOAD','2021-01-18 17:25:26','2021-01-18 17:25:29','WORK','2021-01-18 17:25:34','2021-01-18 17:26:05','END','2021-01-18 17:26:00','2021-01-18 17:26:01','2021-05-11 15:25:37'),('20210512',12,16,'D004001','D005005','KR3066027A0000000000001000A16004','S3671-005-010002-AD-FJ','1500.30','D012003','KR3066027A0000000000001000A16004','R','WI06N0985I-02A','S3671-005-010002-AD-FJ','MAIPS20070ST4RFA1B-001','5400','CONFIRM_Frue','KR3066027A0000000000001000A16003',3,2,3,2,5,'111111','WI06N0996I','HMAG84CXNRX085N-1C101','5400','S3671-005-010002-AD-FJ','00:05:04','17.45','4.77','4.77','0','UR3077801A08061DX400000096F10000,UR3077801A08061DX400000096F20000,UR3077801A08061DX400000096F30000','R2121392',2700,'B0218','KT24L 188689','R2121392',1,1,121,'A0001','AB023DGEC110','H2502Q',3,'68','H4','3',14,'L1','WWA1234','R301438','LOAD','2021-01-18 17:26:06','2021-01-18 17:26:09','WORK','2021-01-18 17:26:14','2021-01-18 17:27:15','END','2021-01-18 17:27:00','2021-01-18 17:27:21','2021-05-11 15:25:37'),('20210512',13,16,'D004001','D005005','KR3066027A0000000000001000A16005','S3671-005-010002-AD-FJ','1500.30','D012003','KR3066027A0000000000001000A16005','R','WI06N0985I-02A','S3671-005-010002-AD-FJ','MAIPS20070ST4RFA1B-001','5400','CONFIRM_Frue','KR3066027A0000000000001000A16004',4,2,4,2,6,'222222','WI06N0996I','HMAG84CXNRX085N-1C101','5400','S3671-005-010002-AD-FJ','00:05:06','17.99','4.66','4.66','0','UR3077801A08061DX400000096F10000,UR3077801A08061DX400000096F20000,UR3077801A08061DX400000096F30000','R2121392',2700,'B0218','KT24L 188689','R2121392',1,1,115,'A0001','AB023DGEC110','H2502Q',0,'32','H4','3',15,'L1','WWA1234','R301439','LOAD','2021-01-18 17:25:26','2021-01-18 17:25:29','WORK','2021-01-18 17:25:35','2021-01-18 17:26:06','END','2021-01-18 17:26:00','2021-01-18 17:26:01','2021-05-11 15:25:37'),('20210512',14,16,'D004001','D005004','KR3066027A0000000000001000A16006','S3671-005-010002-AD-FJ','1500.30','D012002','KR3066027A0000000000001000A16006','T','WI06N0985I-02A','S3671-005-010002-AD-FJ','MAIPS20070ST4RFA1B-001','5400','CONFIRM_False','KR3066027A0000000000001000A16005',5,2,1,2,7,'333333','WI06N0996I','HMAG84CXNRX085N-1C101','5400','S3671-005-010002-AD-FJ','00:05:15','17.76','4.45','4.45','0','UR3077801A08061DX400000096F10000,UR3077801A08061DX400000096F20000,UR3077801A08061DX400000096F30000','R2121392',2700,'B0218','KT24L 188689','R2121392',1,1,34,'A0001','AB023DGEC110','H2502Q',0,'45','H3','3',16,'L1','WWA1234','R301440','LOAD','2021-01-18 17:26:06','2021-01-18 17:26:09','WORK','2021-01-18 17:26:15','2021-01-18 17:27:16','END','2021-01-18 17:27:00','2021-01-18 17:27:21','2021-05-11 15:25:37'),('20210512',15,16,'D004001','D005013','KR3066027A0000000000001000A16007','S3671-005-010002-AD-FJ','1460.32','D012002','KR3066027A0000000000001000A00009','R','WI06N0985I-02A','S3671-005-010002-AD-FJ','MAIPS20070ST4RFA1B-001','5400','CONFIRM_False','KR3066027A0000000000001000A16006',1,1,1,1,8,'333333','WI06N0992I','HMAG84CXNRX085N-1C101','5400','S3671-005-010002-AD-FJ','00:05:10','17.86','4.65','4.65','0','UR3077801A08061DX400000096F10000,UR3077801A08061DX400000096F20000,UR3077801A08061DX400000096F30000','R2121392',2700,'B0218','KT24L 188689','R2121392',1,1,35,'A0001','AB023DGEC110','H2502Q',1,'65','H3','3',17,'L1','WWA1234','R301441','LOAD','2021-01-18 17:25:26','2021-01-18 17:25:29','WORK','2021-01-18 17:25:36','2021-01-18 17:26:07','END','2021-01-18 17:26:00','2021-01-18 17:26:01','2021-05-11 15:52:55'),('20210512',16,16,'D004002','D005001','KR3066027A0000000000001000A16008','S3671-005-010002-AD-FJ','1460.32','D012004','KR3066027A0000000000001000A16008','R','WI06N0985I-02A','S3671-005-010002-AD-FJ','MAIPS20070ST4RFA1B-001','5400','CONFIRM_False','KR3066027A0000000000001000A16007',1,1,1,1,9,'222222','WI06N0992I','HMAG84CXNRX085N-1C101','5400','S3671-005-010002-AD-FJ','00:05:13','17.86','4.34','4.34','0','UR3077801A08061DX400000096F10000,UR3077801A08061DX400000096F20000,UR3077801A08061DX400000096F30000','R2121392',2700,'B0218','KT24L 188689','R2121392',1,1,89,'A0001','AB023DGEC110','H2502Q',0,'5','H3','3',18,'L1','WWA1234','R301442','LOAD','2021-01-18 17:26:06','2021-01-18 17:26:09','WORK','2021-01-18 17:26:16','2021-01-18 17:27:17','END','2021-01-18 17:27:00','2021-01-18 17:27:21','2021-05-11 15:25:37');
/*!40000 ALTER TABLE `OWP_MUT_OUTPUT` ENABLE KEYS */;
UNLOCK TABLES;

--
-- Table structure for table `OWP_MUT_OUTPUT_LOG`
--

DROP TABLE IF EXISTS `OWP_MUT_OUTPUT_LOG`;
/*!40101 SET @saved_cs_client     = @@character_set_client */;
/*!40101 SET character_set_client = utf8 */;
CREATE TABLE `OWP_MUT_OUTPUT_LOG` (
  `MUT_SEQ` bigint(11) unsigned NOT NULL AUTO_INCREMENT,
  `EQUIPSEQ` bigint(11) NOT NULL COMMENT 'When running the program from the MOI EdgePC, the equipment SEQ value is brought.\r\nSearch by fixed value for each equipment.',
  `PCB_ID` varchar(100) NOT NULL,
  `CURRENT_RECIPE_ID` varchar(100) NOT NULL,
  `RAIL_WIDTH` varchar(20) NOT NULL,
  `CONTROL_STATUS` char(7) NOT NULL COMMENT 'GroupID=D012000',
  `PCB_ID2` varchar(100) NOT NULL,
  `CONFIRM_FLAG2` char(1) NOT NULL,
  `LOT_ID2` varchar(100) NOT NULL,
  `RECIPE_NAME2` varchar(500) NOT NULL,
  `PROD_ID2` varchar(100) NOT NULL,
  `OPER_ID2` varchar(100) NOT NULL,
  `CONFIRM_MSG2` varchar(500) NOT NULL,
  `PCB_ID3` varchar(100) NOT NULL,
  `EQP_SEQ_NO3` int(4) NOT NULL,
  `LANE_NO3` int(4) DEFAULT NULL,
  `ORIGINLOCATION3` int(4) NOT NULL,
  `ROWS3` int(4) NOT NULL,
  `COLUMNS3` int(4) NOT NULL,
  `CELL_STATUS3` varchar(100) NOT NULL,
  `LOT_ID3` varchar(100) NOT NULL,
  `PROD_ID3` varchar(100) NOT NULL,
  `OPER_ID3` varchar(100) NOT NULL,
  `CURRENT_RCP_NAME3` varchar(500) NOT NULL,
  `TOTAL_CYCLE_TIME3` varchar(100) NOT NULL,
  `TOTAL_TACT_TIME3` varchar(100) NOT NULL,
  `CYCLE_TIME3` varchar(100) NOT NULL,
  `TACT_TIME3` varchar(100) NOT NULL,
  `CELL_GRADE3` varchar(500) NOT NULL,
  `PCB_UNIT_ID3` varchar(500) NOT NULL,
  `COMPONENT_SAP_CODE3` varchar(100) NOT NULL,
  `COMPONENT_QTY3` int(4) NOT NULL,
  `COMPONENT_FEEDER_SLOT3` varchar(100) NOT NULL,
  `COMPONENT_SERIAL_NO3` varchar(100) NOT NULL,
  `DEVICE_SAP_CODE3` varchar(100) NOT NULL,
  `DEVICE_TOTAL_QTY3` int(4) NOT NULL,
  `DEVICE_USED_QTY3` int(4) NOT NULL,
  `PICK_PLACE_SEQUENCE_NO3` int(4) NOT NULL,
  `PICK_PLACE_FEEDER_SLOT3` varchar(100) NOT NULL,
  `PICK_PLACE_FEEDER_SERIAL_NO3` varchar(100) NOT NULL,
  `PICK_PLACE_SAP_CODE3` varchar(100) NOT NULL,
  `PICK_PLACE_PICKUP_STATUS3` int(4) NOT NULL,
  `PICK_PLACE_NOZZLE_ID3` varchar(100) NOT NULL,
  `PICK_PLACE_HEAD_ID3` varchar(100) NOT NULL,
  `PICK_PLACE_HOLDER_NO3` varchar(100) NOT NULL,
  `PICK_PLACE_BLOCK_NO3` int(4) NOT NULL,
  `MOUNT_LOCATION3` varchar(100) NOT NULL,
  `PART_2D_CODE3` varchar(100) NOT NULL,
  `COMPONENT_SERIAL_NO4` varchar(100) NOT NULL,
  `MODULE1_3` varchar(100) NOT NULL,
  `START_TIME1_3` varchar(100) NOT NULL,
  `END_TIME1_3` varchar(100) NOT NULL,
  `MODULE2_3` varchar(100) NOT NULL,
  `START_TIME2_3` varchar(100) NOT NULL,
  `END_TIME2_3` varchar(100) NOT NULL,
  `MODULE3_3` varchar(100) NOT NULL,
  `START_TIME3_3` varchar(100) NOT NULL,
  `END_TIME3_3` varchar(100) NOT NULL,
  `WDATE` timestamp NULL DEFAULT NULL ON UPDATE current_timestamp() COMMENT 'Write Date',
  PRIMARY KEY (`MUT_SEQ`) USING BTREE,
  KEY `OUTPUT_DATE` (`MUT_SEQ`) USING BTREE
) ENGINE=InnoDB AUTO_INCREMENT=19 DEFAULT CHARSET=utf8 ROW_FORMAT=DYNAMIC;
/*!40101 SET character_set_client = @saved_cs_client */;

--
-- Dumping data for table `OWP_MUT_OUTPUT_LOG`
--

LOCK TABLES `OWP_MUT_OUTPUT_LOG` WRITE;
/*!40000 ALTER TABLE `OWP_MUT_OUTPUT_LOG` DISABLE KEYS */;
INSERT INTO `OWP_MUT_OUTPUT_LOG` VALUES (1,1,'KR3066027A0000000000001000A00000','S3671-005-010001-AD-FJ','1400.45','D012002','KR3066027A0000000000001000A00000','T','WI06N0985I-01A','S3671-005-010001-AD-FJ','HMAG84CXNRX085N-1C101','5200','CONFIRM_F_COMMENT','KR3066027A0000000000001000A00010',1,1,1,1,1,'111111','WI06N0985I','HMAG84CXNRX085N-1C101','5200','S3671-005-010001-AD-FJ','00:05:04','17.86','4.66','4.66','0','UR3077801A08061DX400000096F10000,UR3077801A08061DX400000096F20000,UR3077801A08061DX400000096F30000','R3078297',2500,'A0001','KT24L 088689','R3078297',1,1,125,'A0001','AB023DGEC110','H2502Q',0,'225','H1','3',1,'L2','WWA1234','R301427','LOAD','2021-01-18 17:25:26','2021-01-18 17:25:29','WORK','2021-01-18 17:25:29','2021-01-18 17:26:00','END','2021-01-18 17:26:00','2021-01-18 17:26:01','2021-04-25 05:48:42'),(2,1,'KR3066027A0000000000001000A00001','S3671-005-010001-AD-FJ','1400.45','D012004','KR3066027A0000000000001000A00001','T','WI06N0985I-01A','S3671-005-010001-AD-FJ','HMAG84CXNRX085N-1C101','5200','CONFIRM_Frue','KR3066027A0000000000001000A00000',1,1,1,1,2,'222222','WI06N0985I','HMAG84CXNRX085N-1C101','5200','S3671-005-010001-AD-FJ','00:05:08','17.99','4.77','4.77','0','UR3077801A08061DX400000096F10000,UR3077801A08061DX400000096F20000,UR3077801A08061DX400000096F30000','R3078297',2500,'A0001','KT24L 088689','R3078297',1,1,87,'A0001','AB023DGEC110','H2502Q',1,'220','H1','3',2,'L2','WWA1234','R301428','LOAD','2021-01-18 17:26:06','2021-01-18 17:26:09','WORK','2021-01-18 17:26:09','2021-01-18 17:27:10','END','2021-01-18 17:27:00','2021-01-18 17:27:21','2021-04-25 05:48:42'),(3,1,'KR3066027A0000000000001000A00002','S3671-005-010001-AD-FJ','1450.45','D012003','KR3066027A0000000000001000A00002','T','WI06N0985I-01A','S3671-005-010001-AD-FJ','HMAG84CXNRX085N-1C101','5300','CONFIRM_Frue','KR3066027A0000000000001000A00001',2,1,2,1,3,'111111','WI06N0986I','HMAG84CXNRX085N-1C101','5300','S3671-005-010001-AD-FJ','00:05:15','18.01','4.66','4.66','0','UR3077801A08061DX400000096F10000,UR3077801A08061DX400000096F20000,UR3077801A08061DX400000096F30000','R3078297',2500,'A0001','KT24L 088689','R3078297',1,1,56,'A0001','AB023DGEC110','H2502Q',2,'210','H1','2',3,'L2','WWA1234','R301429','LOAD','2021-01-18 17:25:26','2021-01-18 17:25:29','WORK','2021-01-18 17:25:30','2021-01-18 17:26:01','END','2021-01-18 17:26:00','2021-01-18 17:26:01','2021-04-25 05:48:42'),(4,1,'KR3066027A0000000000001000A00003','S3671-005-010001-AD-FJ','1500.30','D012002','KR3066027A0000000000001000A00003','R','WI06N0985I-01A','S3671-005-010001-AD-FJ','HMAG84CXNRX085N-1C101','5400','CONFIRM_Frue','KR3066027A0000000000001000A00002',2,1,2,1,4,'222222','WI06N0996I','HMAG84CXNRX085N-1C101','5400','S3671-005-010001-AD-FJ','00:06:04','17.02','4.56','4.56','0','UR3077801A08061DX400000096F10000,UR3077801A08061DX400000096F20000,UR3077801A08061DX400000096F30000','R3078297',2500,'A0001','KT24L 088689','R3078297',1,1,12,'A0001','AB023DGEC110','H2502Q',3,'180','H1','2',4,'L2','WWA1234','R301430','LOAD','2021-01-18 17:26:06','2021-01-18 17:26:09','WORK','2021-01-18 17:26:10','2021-01-18 17:27:11','END','2021-01-18 17:27:00','2021-01-18 17:27:21','2021-04-25 05:48:42'),(5,1,'KR3066027A0000000000001000A00004','S3671-005-010001-AD-FJ','1500.30','D012002','KR3066027A0000000000001000A00004','R','WI06N0985I-01A','S3671-005-010001-AD-FJ','HMAG84CXNRX085N-1C101','5400','CONFIRM_Frue','KR3066027A0000000000001000A00003',3,2,3,2,5,'222222','WI06N0996I','HMAG84CXNRX085N-1C101','5400','S3671-005-010001-AD-FJ','00:06:04','17.23','4.45','4.45','0','UR3077801A08061DX400000096F10000,UR3077801A08061DX400000096F20000,UR3077801A08061DX400000096F30000','R3078297',2500,'A0001','KT24L 088689','R3078297',1,1,45,'A0001','AB023DGEC110','H2502Q',4,'164','H2','2',5,'L3','WWA1234','R301431','LOAD','2021-01-18 17:25:26','2021-01-18 17:25:29','WORK','2021-01-18 17:25:31','2021-01-18 17:26:02','END','2021-01-18 17:26:00','2021-01-18 17:26:01','2021-04-25 05:48:42'),(6,1,'KR3066027A0000000000001000A00005','S3671-005-010001-AD-FJ','1500.30','D012004','KR3066027A0000000000001000A00005','T','WI06N0985I-01A','S3671-005-010001-AD-FJ','HMAG84CXNRX085N-1C101','5400','CONFIRM_False','KR3066027A0000000000001000A00004',3,2,3,2,7,'222222','WI06N0996I','HMAG84CXNRX085N-1C101','5400','S3671-005-010001-AD-FJ','00:05:15','17.45','4.65','4.65','1','UR3077801A08061DX400000096F10000,UR3077801A08061DX400000096F20000,UR3077801A08061DX400000096F30000','R3078297',2500,'A0001','KT24L 088689','R3078297',1,1,68,'A0001','AB023DGEC110','H2502Q',3,'132','H2','2',6,'L3','WWA1234','R301432','LOAD','2021-01-18 17:26:06','2021-01-18 17:26:09','WORK','2021-01-18 17:26:11','2021-01-18 17:27:12','END','2021-01-18 17:27:00','2021-01-18 17:27:21','2021-04-25 05:48:42'),(7,1,'KR3066027A0000000000001000A00006','S3671-005-010001-AD-FJ','1460.32','D012003','KR3066027A0000000000001000A00006','R','WI06N0985I-01A','S3671-005-010001-AD-FJ','HMAG84CXNRX085N-1C101','5400','CONFIRM_False','KR3066027A0000000000001000A00005',4,2,4,2,2,'333333','WI06N0992I','HMAG84CXNRX085N-1C101','5400','S3671-005-010001-AD-FJ','00:05:09','17.66','4.34','4.34','0','UR3077801A08061DX400000096F10000,UR3077801A08061DX400000096F20000,UR3077801A08061DX400000096F30000','R3078297',2500,'A0001','KT24L 088689','R3078297',1,1,32,'A0001','AB023DGEC110','H2502Q',2,'100','H3','1',10,'L3','WWA1234','R301433','LOAD','2021-01-18 17:25:26','2021-01-18 17:25:29','WORK','2021-01-18 17:25:32','2021-01-18 17:26:03','END','2021-01-18 17:26:00','2021-01-18 17:26:01','2021-04-25 05:48:42'),(8,1,'KR3066027A0000000000001000A00007','S3671-005-010001-AD-FJ','1460.32','D012002','KR3066027A0000000000001000A00007','R','WI06N0985I-01A','S3671-005-010001-AD-FJ','HMAG84CXNRX085N-1C101','5400','CONFIRM_False','KR3066027A0000000000001000A00006',4,2,4,2,4,'333333','WI06N0992I','HMAG84CXNRX085N-1C101','5400','S3671-005-010001-AD-FJ','00:03:11','17.76','4.56','4.65','0','UR3077801A08061DX400000096F10000,UR3077801A08061DX400000096F20000,UR3077801A08061DX400000096F30000','R3078297',2500,'A0001','KT24L 088689','R3078297',1,1,45,'A0001','AB023DGEC110','H2502Q',3,'87','H3','1',11,'L3','WWA1234','R301434','LOAD','2021-01-18 17:26:06','2021-01-18 17:26:09','WORK','2021-01-18 17:26:12','2021-01-18 17:27:13','END','2021-01-18 17:27:00','2021-01-18 17:27:21','2021-04-25 05:48:42'),(9,16,'KR3066027A0000000000001000A16001','S3671-005-010002-AD-FJ','1400.45','D012004','KR3066027A0000000000001000A16001','T','WI06N0985I-02A','S3671-005-010002-AD-FJ','HMAG84CXNRX085N-1C101','5200','CONFIRM_F_COMMENT','KR3066027A0000000000001000A00007',2,1,2,1,4,'333333','WI06N0985I','HMAG84CXNRX085N-1C101','5200','S3671-005-010002-AD-FJ','00:03:04','18.21','4.45','4.45','0','UR3077801A08061DX400000096F10000,UR3077801A08061DX400000096F20000,UR3077801A08061DX400000096F30000','R3078297',2500,'A0001','KT24L 088689','R3078297',1,1,65,'A0001','AB023DGEC110','H2502Q',2,'56','H2','1',12,'L3','WWA1234','R301435','LOAD','2021-01-18 17:25:26','2021-01-18 17:25:29','WORK','2021-01-18 17:25:33','2021-01-18 17:26:04','END','2021-01-18 17:26:00','2021-01-18 17:26:01','2021-04-25 05:48:42'),(10,16,'KR3066027A0000000000001000A16002','S3671-005-010002-AD-FJ','1400.45','D012004','KR3066027A0000000000001000A16002','T','WI06N0985I-02A','S3671-005-010002-AD-FJ','HMAG84CXNRX085N-1C101','5200','CONFIRM_Frue','KR3066027A0000000000001000A16001',2,1,2,1,7,'111111','WI06N0985I','HMAG84CXNRX085N-1C101','5200','S3671-005-010002-AD-FJ','00:04:08','17.02','4.65','4.65','0','UR3077801A08061DX400000096F10000,UR3077801A08061DX400000096F20000,UR3077801A08061DX400000096F30000','R2121392',2700,'B0218','KT24L 188689','R2121392',1,1,5,'A0001','AB023DGEC110','H2502Q',1,'12','H2','1',13,'L1','WWA1234','R301436','LOAD','2021-01-18 17:26:06','2021-01-18 17:26:09','WORK','2021-01-18 17:26:13','2021-01-18 17:27:14','END','2021-01-18 17:27:00','2021-01-18 17:27:21','2021-04-25 05:48:42'),(11,16,'KR3066027A0000000000001000A16003','S3671-005-010002-AD-FJ','1450.45','D012004','KR3066027A0000000000001000A16003','T','WI06N0985I-02A','S3671-005-010002-AD-FJ','HMAG84CXNRX085N-1C101','5300','CONFIRM_Frue','KR3066027A0000000000001000A16002',3,1,3,1,4,'111111','WI06N0986I','HMAG84CXNRX085N-1C101','5300','S3671-005-010002-AD-FJ','00:04:17','17.23','4.66','4.66','0','UR3077801A08061DX400000096F10000,UR3077801A08061DX400000096F20000,UR3077801A08061DX400000096F30000','R2121392',2700,'B0218','KT24L 188689','R2121392',1,1,100,'A0001','AB023DGEC110','H2502Q',4,'45','H4','2',14,'L1','WWA1234','R301437','LOAD','2021-01-18 17:25:26','2021-01-18 17:25:29','WORK','2021-01-18 17:25:34','2021-01-18 17:26:05','END','2021-01-18 17:26:00','2021-01-18 17:26:01','2021-04-25 05:48:42'),(12,16,'KR3066027A0000000000001000A16004','S3671-005-010002-AD-FJ','1500.30','D012003','KR3066027A0000000000001000A16004','R','WI06N0985I-02A','S3671-005-010002-AD-FJ','HMAG84CXNRX085N-1C101','5400','CONFIRM_Frue','KR3066027A0000000000001000A16003',3,2,3,2,5,'111111','WI06N0996I','HMAG84CXNRX085N-1C101','5400','S3671-005-010002-AD-FJ','00:05:04','17.45','4.77','4.77','0','UR3077801A08061DX400000096F10000,UR3077801A08061DX400000096F20000,UR3077801A08061DX400000096F30000','R2121392',2700,'B0218','KT24L 188689','R2121392',1,1,121,'A0001','AB023DGEC110','H2502Q',3,'68','H4','3',14,'L1','WWA1234','R301438','LOAD','2021-01-18 17:26:06','2021-01-18 17:26:09','WORK','2021-01-18 17:26:14','2021-01-18 17:27:15','END','2021-01-18 17:27:00','2021-01-18 17:27:21','2021-04-25 05:48:42'),(13,16,'KR3066027A0000000000001000A16005','S3671-005-010002-AD-FJ','1500.30','D012003','KR3066027A0000000000001000A16005','R','WI06N0985I-02A','S3671-005-010002-AD-FJ','HMAG84CXNRX085N-1C101','5400','CONFIRM_Frue','KR3066027A0000000000001000A16004',4,2,4,2,6,'222222','WI06N0996I','HMAG84CXNRX085N-1C101','5400','S3671-005-010002-AD-FJ','00:05:06','17.99','4.66','4.66','0','UR3077801A08061DX400000096F10000,UR3077801A08061DX400000096F20000,UR3077801A08061DX400000096F30000','R2121392',2700,'B0218','KT24L 188689','R2121392',1,1,115,'A0001','AB023DGEC110','H2502Q',0,'32','H4','3',15,'L1','WWA1234','R301439','LOAD','2021-01-18 17:25:26','2021-01-18 17:25:29','WORK','2021-01-18 17:25:35','2021-01-18 17:26:06','END','2021-01-18 17:26:00','2021-01-18 17:26:01','2021-04-25 05:48:42'),(14,16,'KR3066027A0000000000001000A16006','S3671-005-010002-AD-FJ','1500.30','D012002','KR3066027A0000000000001000A16006','T','WI06N0985I-02A','S3671-005-010002-AD-FJ','HMAG84CXNRX085N-1C101','5400','CONFIRM_False','KR3066027A0000000000001000A16005',5,2,1,2,7,'333333','WI06N0996I','HMAG84CXNRX085N-1C101','5400','S3671-005-010002-AD-FJ','00:05:15','17.76','4.45','4.45','0','UR3077801A08061DX400000096F10000,UR3077801A08061DX400000096F20000,UR3077801A08061DX400000096F30000','R2121392',2700,'B0218','KT24L 188689','R2121392',1,1,34,'A0001','AB023DGEC110','H2502Q',0,'45','H3','3',16,'L1','WWA1234','R301440','LOAD','2021-01-18 17:26:06','2021-01-18 17:26:09','WORK','2021-01-18 17:26:15','2021-01-18 17:27:16','END','2021-01-18 17:27:00','2021-01-18 17:27:21','2021-04-25 05:48:42'),(15,16,'KR3066027A0000000000001000A16007','S3671-005-010002-AD-FJ','1460.32','D012002','KR3066027A0000000000001000A16007','R','WI06N0985I-02A','S3671-005-010002-AD-FJ','HMAG84CXNRX085N-1C101','5400','CONFIRM_False','KR3066027A0000000000001000A16006',1,1,1,1,8,'333333','WI06N0992I','HMAG84CXNRX085N-1C101','5400','S3671-005-010002-AD-FJ','00:05:10','17.86','4.65','4.65','0','UR3077801A08061DX400000096F10000,UR3077801A08061DX400000096F20000,UR3077801A08061DX400000096F30000','R2121392',2700,'B0218','KT24L 188689','R2121392',1,1,35,'A0001','AB023DGEC110','H2502Q',1,'65','H3','3',17,'L1','WWA1234','R301441','LOAD','2021-01-18 17:25:26','2021-01-18 17:25:29','WORK','2021-01-18 17:25:36','2021-01-18 17:26:07','END','2021-01-18 17:26:00','2021-01-18 17:26:01','2021-04-25 05:48:42'),(16,16,'KR3066027A0000000000001000A16008','S3671-005-010002-AD-FJ','1460.32','D012004','KR3066027A0000000000001000A16008','R','WI06N0985I-02A','S3671-005-010002-AD-FJ','HMAG84CXNRX085N-1C101','5400','CONFIRM_False','KR3066027A0000000000001000A16007',1,1,1,1,9,'222222','WI06N0992I','HMAG84CXNRX085N-1C101','5400','S3671-005-010002-AD-FJ','00:05:13','17.86','4.34','4.34','0','UR3077801A08061DX400000096F10000,UR3077801A08061DX400000096F20000,UR3077801A08061DX400000096F30000','R2121392',2700,'B0218','KT24L 188689','R2121392',1,1,89,'A0001','AB023DGEC110','H2502Q',0,'5','H3','3',18,'L1','WWA1234','R301442','LOAD','2021-01-18 17:26:06','2021-01-18 17:26:09','WORK','2021-01-18 17:26:16','2021-01-18 17:27:17','END','2021-01-18 17:27:00','2021-01-18 17:27:21','2021-04-25 05:48:42'),(17,1,'KR3066027A0000000000001000A00000','S3671-005-010001-AD-FJ','1400.45','1','KR3066027A0000000000001000A00000','T','WI06N0985I-01A','S3671-005-010001-AD-FJ','HMAG84CXNRX085N-1C101','5200','CONFIRM_F_COMMENT','KR3066027A0000000000001000A00010',1,1,1,1,1,'111111','WI06N0985I','HMAG84CXNRX085N-1C101','5200','S3671-005-010001-AD-FJ','00:05:04','17.86','4.66','4.66','0','UR3077801A08061DX400000096F10000,UR3077801A08061DX400000096F20000,UR3077801A08061DX400000096F30000','R3078297',2500,'A0001','KT24L 088689','R3078297',1,1,125,'A0001','AB023DGEC110','H2502Q',0,'225','H1','3',1,'L2','WWA1234','R301427','LOAD','2021-05-18 17:25:26','2021-05-18 17:25:29','WORK','2021-05-18 17:25:29','2021-05-18 17:26:00','END','2021-05-18 17:26:00','2021-05-18 17:26:01','2021-05-18 02:21:26'),(18,1,'KR3066027A0000000000001000A00000','S3671-005-010001-AD-FJ','1400.45','1','KR3066027A0000000000001000A00000','T','WI06N0985I-01A','S3671-005-010001-AD-FJ','HMAG84CXNRX085N-1C101','5200','CONFIRM_F_COMMENT','KR3066027A0000000000001000A00010',1,1,1,1,1,'111111','WI06N0985I','HMAG84CXNRX085N-1C101','5200','S3671-005-010001-AD-FJ','00:05:04','17.86','4.66','4.66','0222222','UR3077801A08061DX400000096F10000,UR3077801A08061DX400000096F20000,UR3077801A08061DX400000096F30000','R3078297',2500,'A0001','KT24L 088689','R3078297',1,1,125,'A0001','AB023DGEC110','H2502Q',0,'225','H1','3',1,'L2','WWA1234','R301427','LOAD','2021-05-18 17:25:26','2021-05-18 17:25:29','WORK','2021-05-18 17:25:29','2021-05-18 17:26:00','END','2021-05-18 17:26:00','2021-05-18 17:26:01','2021-05-18 02:36:03');
/*!40000 ALTER TABLE `OWP_MUT_OUTPUT_LOG` ENABLE KEYS */;
UNLOCK TABLES;

--
-- Table structure for table `OWP_Non_Secs_Width`
--

DROP TABLE IF EXISTS `OWP_Non_Secs_Width`;
/*!40101 SET @saved_cs_client     = @@character_set_client */;
/*!40101 SET character_set_client = utf8 */;
CREATE TABLE `OWP_Non_Secs_Width` (
  `Non_EQUIPSEQ` bigint(11) unsigned NOT NULL AUTO_INCREMENT COMMENT 'Non-Secs 장비SEQ',
  `EQP_ID` char(7) NOT NULL COMMENT 'MAIN EQP ID(CM01, CM02)\r\n---\r\nGroupID=D004000',
  `Non_Secs_KND` varchar(7) NOT NULL COMMENT 'Non-Secs 설비종류(SPI Buffer, TCL)\r\n---\r\nGroupID=D009000',
  `PCB_KND` char(7) NOT NULL COMMENT 'PCB종류(R-DIMM, SO-DIMM)\r\n---\r\nGroupID=D008000',
  `Rail_Width` decimal(19,2) NOT NULL COMMENT 'Rail_Width(1450, 1500, 1600)',
  `SORT_SEQ` bigint(11) NOT NULL COMMENT '정렬순서',
  `FLAG` char(1) NOT NULL COMMENT '사용여부',
  `WUSERSEQ` bigint(11) unsigned NOT NULL COMMENT '등록자',
  `WDATE` timestamp NOT NULL DEFAULT current_timestamp() ON UPDATE current_timestamp() COMMENT '등록일',
  `MDATE` timestamp NULL DEFAULT NULL COMMENT '수정일',
  PRIMARY KEY (`Non_EQUIPSEQ`) USING BTREE
) ENGINE=InnoDB AUTO_INCREMENT=36 DEFAULT CHARSET=utf8 ROW_FORMAT=DYNAMIC;
/*!40101 SET character_set_client = @saved_cs_client */;

--
-- Dumping data for table `OWP_Non_Secs_Width`
--

LOCK TABLES `OWP_Non_Secs_Width` WRITE;
/*!40000 ALTER TABLE `OWP_Non_Secs_Width` DISABLE KEYS */;
INSERT INTO `OWP_Non_Secs_Width` VALUES (1,'D004001','D009001','D008001',1450.23,1,'Y',1,'2021-04-25 05:56:06',NULL),(2,'D004001','D009001','D008002',1500.45,1,'Y',1,'2021-04-25 05:56:06',NULL),(3,'D004001','D009001','D008003',1550.34,1,'Y',1,'2021-04-25 05:56:06',NULL),(4,'D004001','D009001','D008004',1460.52,1,'Y',1,'2021-04-25 05:56:06',NULL),(5,'D004001','D009001','D008005',1480.87,1,'Y',1,'2021-04-25 05:56:06',NULL),(6,'D004001','D009001','D008006',1490.99,1,'Y',1,'2021-04-25 05:56:06',NULL),(7,'D004001','D009002','D008001',1450.23,1,'Y',1,'2021-04-25 05:56:06',NULL),(8,'D004001','D009002','D008002',1500.45,1,'Y',1,'2021-04-25 05:56:06',NULL),(9,'D004001','D009002','D008003',1550.34,1,'Y',1,'2021-04-25 05:56:06',NULL),(10,'D004001','D009002','D008004',1460.52,1,'Y',1,'2021-04-25 05:56:06',NULL),(11,'D004001','D009002','D008005',1480.87,1,'Y',1,'2021-04-25 05:56:06',NULL),(12,'D004001','D009002','D008006',1490.99,1,'Y',1,'2021-04-25 05:56:06',NULL),(13,'D004001','D009003','D008001',1450.23,1,'Y',1,'2021-04-25 05:56:06',NULL),(14,'D004001','D009003','D008002',1500.45,1,'Y',1,'2021-04-25 05:56:06',NULL),(15,'D004001','D009003','D008003',1550.34,1,'Y',1,'2021-04-25 05:56:06',NULL),(16,'D004001','D009003','D008004',1460.52,1,'Y',1,'2021-04-25 05:56:06',NULL),(17,'D004001','D009003','D008005',1480.87,1,'Y',1,'2021-04-25 05:56:06',NULL),(18,'D004001','D009003','D008006',1490.99,1,'Y',1,'2021-04-25 05:56:06',NULL),(19,'D004001','D009004','D008006',1491.99,1,'Y',1,'2021-04-25 05:56:06',NULL),(20,'D004001','D009005','D008006',1492.99,1,'Y',1,'2021-04-25 05:56:06',NULL),(21,'D004001','D009006','D008006',1493.99,1,'Y',1,'2021-04-25 05:56:06',NULL),(22,'D004001','D009007','D008006',1494.99,1,'Y',1,'2021-04-25 05:56:06',NULL),(23,'D004001','D009008','D008006',1495.99,1,'Y',1,'2021-04-25 05:56:06',NULL),(24,'D004001','D009009','D008006',1496.99,1,'Y',1,'2021-04-25 05:56:06',NULL),(25,'D004001','D009010','D008006',1497.99,1,'Y',1,'2021-04-25 05:56:06',NULL),(26,'D004002','D009001','D008006',1498.99,1,'Y',1,'2021-04-25 05:56:06',NULL),(27,'D004002','D009002','D008006',1499.99,1,'Y',1,'2021-04-25 05:56:06',NULL),(28,'D004002','D009003','D008006',1500.99,1,'Y',1,'2021-04-25 05:56:06',NULL),(29,'D004002','D009004','D008006',1501.99,1,'Y',1,'2021-04-25 05:56:06',NULL),(30,'D004002','D009005','D008006',1502.99,1,'Y',1,'2021-04-25 05:56:06',NULL),(31,'D004002','D009006','D008006',1503.99,1,'Y',1,'2021-04-25 05:56:06',NULL),(32,'D004002','D009007','D008006',1504.99,1,'Y',1,'2021-04-25 05:56:06',NULL),(33,'D004002','D009008','D008006',1505.99,1,'Y',1,'2021-04-25 05:56:06',NULL),(34,'D004002','D009009','D008006',1506.99,1,'Y',1,'2021-04-25 05:56:06',NULL),(35,'D004002','D009010','D008006',1507.99,1,'Y',1,'2021-04-25 05:56:06',NULL);
/*!40000 ALTER TABLE `OWP_Non_Secs_Width` ENABLE KEYS */;
UNLOCK TABLES;

--
-- Table structure for table `OWP_PRINT_OUTPUT`
--

DROP TABLE IF EXISTS `OWP_PRINT_OUTPUT`;
/*!40101 SET @saved_cs_client     = @@character_set_client */;
/*!40101 SET character_set_client = utf8 */;
CREATE TABLE `OWP_PRINT_OUTPUT` (
  `OUTPUT_DATE` char(8) NOT NULL,
  `OUTPUT_DATESEQ` bigint(11) unsigned NOT NULL AUTO_INCREMENT,
  `EQUIPSEQ` bigint(11) NOT NULL COMMENT '"MOI EdgePC에서 프로그램실행시 \n설비SEQ값을 구해온다.\n각각의 설비마다 고정값으로 조회한다."',
  `EQP_ID` char(7) DEFAULT NULL COMMENT 'CM01, CM02\r\n---\r\nGroupID=D004000',
  `EQP_TYPE` varchar(7) DEFAULT NULL COMMENT 'PRINT, SPI,~\r\n---\r\nGroupID=D005000',
  `PCB_ID` varchar(100) NOT NULL,
  `STENCIL_NO` varchar(100) NOT NULL,
  `SQUEEGEE_BLADE_NO` varchar(100) NOT NULL,
  `PRINT_JIG_NO` varchar(100) NOT NULL,
  `SOLDER_BCR1` varchar(100) NOT NULL,
  `SOLDER_BCR2` varchar(100) NOT NULL,
  `CURRENT_RECIPE_ID` varchar(100) NOT NULL,
  `RAIL_WIDTH` varchar(20) NOT NULL,
  `CONTROL_STATUS` char(7) NOT NULL COMMENT '1 (OFFLINE), \r\n4 (ONLINE), \r\n5 (ONLINE REMOTE)\r\n---\r\nGROUP_ID = D012000',
  `LOAD_MGZ_ID` varchar(100) NOT NULL,
  `PCB_ID2` varchar(100) NOT NULL,
  `CONFIRM_FLAG2` char(1) DEFAULT NULL COMMENT 'T(OK), F(NG), \r\nR(Recipe Change)',
  `LOT_ID2` varchar(100) DEFAULT NULL,
  `RECIPE_NAME2` varchar(500) DEFAULT NULL,
  `PROD_ID2` varchar(100) DEFAULT NULL,
  `OPER_ID2` varchar(100) DEFAULT NULL,
  `CONFIRM_MSG2` varchar(500) DEFAULT NULL,
  `PCB_ID3` varchar(100) DEFAULT NULL,
  `STENCIL_NO3` varchar(100) DEFAULT NULL,
  `SQUEEGEE_BLADE_NO3` varchar(100) DEFAULT NULL,
  `PRINT_JIG_NO3` varchar(100) DEFAULT NULL,
  `SOLDER_BCR13` varchar(100) DEFAULT NULL,
  `SOLDER_BCR23` varchar(100) DEFAULT NULL,
  `CYCLE_TIME3` varchar(100) DEFAULT NULL,
  `PRINT_INNER_TEMPER3` varchar(20) DEFAULT NULL,
  `PRINT_INNER_HUMIDITY3` varchar(20) DEFAULT NULL,
  `WIPER_REPLACE_YN3` char(1) DEFAULT NULL COMMENT '0 (교체), \r\n1 (교체하지 않음)',
  `IPA_REPLACE_YN3` char(1) DEFAULT NULL COMMENT '0 (교체), \r\n1 (교체하지 않음)',
  `SQUEEGEE_BLADE_USE_TMS3` int(4) DEFAULT NULL,
  `STCL_USE_TMS3` int(4) DEFAULT NULL,
  `SOLDER_ADD_TMS3` varchar(5) DEFAULT NULL COMMENT 'TRUE (보충), \r\nFALSE (미보충)',
  `FEEDB_PRCS_VAR_PARAM_X3` varchar(20) DEFAULT NULL,
  `FEEDB_PRCS_VAR_PARAM_Y3` varchar(20) DEFAULT NULL,
  `FEEDB_PRCS_VAR_PARAM_THETA3` varchar(20) DEFAULT NULL,
  `FEEDB_PRCS_TMS3` int(4) DEFAULT NULL,
  `XY_PARAM_MENU_CORR_TMS3` int(4) DEFAULT NULL,
  `MODULE1_3` varchar(10) DEFAULT NULL,
  `START_TIME1_3` datetime DEFAULT NULL,
  `END_TIME1_3` datetime DEFAULT NULL,
  `MODULE2_3` varchar(10) DEFAULT NULL,
  `START_TIME2_3` datetime DEFAULT NULL,
  `END_TIME2_3` datetime DEFAULT NULL,
  `MODULE3_3` varchar(10) DEFAULT NULL,
  `START_TIME3_3` datetime DEFAULT NULL,
  `END_TIME3_3` datetime DEFAULT NULL,
  `WDATE` timestamp NULL DEFAULT NULL COMMENT '등록일',
  PRIMARY KEY (`OUTPUT_DATESEQ`) USING BTREE,
  KEY `OUTPUT_DATE` (`OUTPUT_DATE`,`OUTPUT_DATESEQ`) USING BTREE
) ENGINE=InnoDB AUTO_INCREMENT=21 DEFAULT CHARSET=utf8 ROW_FORMAT=DYNAMIC;
/*!40101 SET character_set_client = @saved_cs_client */;

--
-- Dumping data for table `OWP_PRINT_OUTPUT`
--

LOCK TABLES `OWP_PRINT_OUTPUT` WRITE;
/*!40000 ALTER TABLE `OWP_PRINT_OUTPUT` DISABLE KEYS */;
INSERT INTO `OWP_PRINT_OUTPUT` VALUES ('20210512',1,1,'D004001','D005001','KR3066027A0000000000001000A00000','MAIPS20070ST4RFA1B-001','MAIPS20070SQ4RFA1B-001','MAIPS20070PR4RFA1B-002','BC1321 303259 000043','00000500 1929 AFA3190715-2','R3060622F','1400.45','D012002','MAIPS20070MA4RFA1B-001','KR3066027A0000000000001000A00000','T','WI06N0985I','R3060622F','HMAG84CXNRX085N-1C101','5200','CONFIRM_F_COMMENT','KR3066027A0000000000001000A00010','MAIPS20070ST4RFA1B-001','MAIPS20070SQ4RFA1B-001','MAIPS20070PR4RFA1B-001','BC1321 303259 000043','00000500 1929 AFA3190715-2','0:00:04','25','35','1','1',1,1,'TRUE','23:59:51','99999','999.9999',2,2,'LOAD','2021-04-06 04:15:34','2021-04-06 04:15:34','WORK','2021-04-06 04:15:34','2021-04-06 04:15:34','END','2021-04-06 04:15:34','2021-04-06 04:15:34','2021-04-05 19:15:34'),('20210512',2,1,'D004001','D005009','KR3066027A0000000000001000A00001','MAIPS20070ST4RFA1B-001','MAIPS20070SQ4RFA1B-001','MAIPS20070PR4RFA1B-002','BC1321 303259 000043','00000500 1929 AFA3190715-2','R3060622F','1400.45','D012004','MAIPS20070MA4RFA1B-001','KR3066027A0000000000001000A00001','T','WI06N0985I','R3060622F','HMAG84CXNRX085N-1C101','5200','CONFIRM_Frue','KR3066027A0000000000001000A00000','MAIPS20070ST4RFA1B-001','MAIPS20070SQ4RFA1B-001','MAIPS20070PR4RFA1B-001','BC1321 303259 000044','00000500 1929 AFA3190715-3','0:00:08','25.0012','35.012','1','0',3,45,'FALSE','5:52:48','245','245.46',1,55,'LOAD','2021-04-06 04:15:34','2021-04-06 04:15:34','WORK','2021-04-06 04:15:34','2021-04-06 04:15:34','END','2021-04-06 04:15:34','2021-04-06 04:15:34','2021-04-05 19:15:34'),('20210512',3,1,'D004001','D005006','KR3066027A0000000000001000A00002','MAIPS20070ST4RFA1B-001','MAIPS20070SQ4RFA1B-001','MAIPS20070PR4RFA1B-002','BC1321 303259 000043','00000500 1929 AFA3190715-2','R3060622F','1450.45','D012003','MAIPS20070MA4RFA1B-001','KR3066027A0000000000001000A00002','T','WI06N0986I','R3060622F','HMAG84CXNRX085N-1C101','5300','CONFIRM_Frue','KR3066027A0000000000001000A00001','MAIPS20070ST4RFA1B-001','MAIPS20070SQ4RFA1B-001','MAIPS20070PR4RFA1B-001','BC1321 303259 000045','00000500 1929 AFA3190715-4','0:00:15','25.0056','35.0134','1','1',5,6,'FALSE','5:16:48','1','1.2345',4,7,'LOAD','2021-04-06 04:15:34','2021-04-06 04:15:34','WORK','2021-04-06 04:15:34','2021-04-06 04:15:34','END','2021-04-06 04:15:34','2021-04-06 04:15:34','2021-04-05 19:15:34'),('20210512',4,1,'D004001','D005006','KR3066027A0000000000001000A00003','MAIPS20070ST4RFA1B-001','MAIPS20070SQ4RFA1B-001','MAIPS20070PR4RFA1B-002','BC1321 303259 000043','00000500 1929 AFA3190715-2','R3060622F','1500.3','D012002','MAIPS20070MA4RFA1B-001','KR3066027A0000000000001000A00003','R','WI06N0996I','R3060622F','HMAG84CXNRX085N-1C101','5400','CONFIRM_Frue','KR3066027A0000000000001000A00002','MAIPS20070ST4RFA1B-001','MAIPS20070SQ4RFA1B-001','MAIPS20070PR4RFA1B-001','BC1321 303259 000046','00000500 1929 AFA3190715-5','0:00:04','26.1156','36.2134','1','1',6,23,'FALSE','11:02:24','23','23.3466',55,3,'LOAD','2021-04-06 04:15:34','2021-04-06 04:15:34','WORK','2021-04-06 04:15:34','2021-04-06 04:15:34','END','2021-04-06 04:15:34','2021-04-06 04:15:34','2021-04-05 19:15:34'),('20210512',5,1,'D004001','D005007','KR3066027A0000000000001000A00004','MAIPS20070ST4RFA1B-001','MAIPS20070SQ4RFA1B-001','MAIPS20070PR4RFA1B-002','BC1321 303259 000043','00000500 1929 AFA3190715-2','R3060622F','1500.3','D012002','MAIPS20070MA4RFA1B-001','KR3066027A0000000000001000A00004','R','WI06N0996I','R3060622F','HMAG84CXNRX085N-1C101','5400','CONFIRM_Frue','KR3066027A0000000000001000A00003','MAIPS20070ST4RFA1B-001','MAIPS20070SQ4RFA1B-001','MAIPS20070PR4RFA1B-001','BC1321 303259 000047','00000500 1929 AFA3190715-6','0:00:04','26.3156','35.0135','0','0',3451,567,'TRUE','5:37:41','32','32.4566',7,2,'LOAD','2021-04-06 04:15:34','2021-04-06 04:15:34','WORK','2021-04-06 04:15:34','2021-04-06 04:15:34','END','2021-04-06 04:15:34','2021-04-06 04:15:34','2021-04-05 19:15:34'),('20210512',6,1,'D004001','D005012','KR3066027A0000000000001000A00005','MAIPS20070ST4RFA1B-001','MAIPS20070SQ4RFA1B-001','MAIPS20070PR4RFA1B-002','BC1321 303259 000043','00000500 1929 AFA3190715-2','R3060622F','1500.3','D012004','MAIPS20070MA4RFA1B-001','KR3066027A0000000000001000A00005','T','WI06N0996I','R3060622F','HMAG84CXNRX085N-1C101','5400','CONFIRM_False','KR3066027A0000000000001000A00004','MAIPS20070ST4RFA1B-001','MAIPS20070SQ4RFA1B-001','MAIPS20070PR4RFA1B-001','BC1321 303259 000048','00000500 1929 AFA3190715-7','0:00:15','26.5156','36.2135','0','1',12,88,'FALSE','13:37:03','56','56.333',34,1,'LOAD','2021-04-06 04:15:34','2021-04-06 04:15:34','WORK','2021-04-06 04:15:34','2021-04-06 04:15:34','END','2021-04-06 04:15:34','2021-04-06 04:15:34','2021-04-05 19:15:34'),('20210512',7,1,'D004001','D005002','KR3066027A0000000000001000A00006','MAIPS20070ST4SFA1B-001','MAIPS20070SQ4RFA1B-001','MAIPS20070PR4RFA1B-002','BC1321 303259 000043','00000500 1929 AFA3190715-2','R3060622F','1460.32','D012003','MAIPS20070MA4RFA1B-001','KR3066027A0000000000001000A00006','R','WI06N0992I','R3060622F','HMAG84CXNRX085N-1C101','5400','CONFIRM_False','KR3066027A0000000000001000A00005','MAIPS20070ST4RFA1B-001','MAIPS20070SQ4RFA1B-001','MAIPS20070PR4RFA1B-001','BC1321 303259 000049','00000500 1929 AFA3190715-8','0:00:09','26.7156','35.0136','1','1',16,3,'TRUE','8:19:06','1','1.223',5,81,'LOAD','2021-04-06 04:15:34','2021-04-06 04:15:34','WORK','2021-04-06 04:15:34','2021-04-06 04:15:34','END','2021-04-06 04:15:34','2021-04-06 04:15:34','2021-04-05 19:15:34'),('20210512',8,1,'D004001','D005005','KR3066027A0000000000001000A00007','MAIPS20070ST4RFA1B-001','MAIPS20070SQ4RFA1B-001','MAIPS20070PR4RFA1B-002','BC1321 303259 000043','00000500 1929 AFA3190715-2','R3060622F','1460.32','D012002','MAIPS20070MA4RFA1B-001','KR3066027A0000000000001000A00007','R','WI06N0992I','R3060622F','HMAG84CXNRX085N-1C101','5400','CONFIRM_False','KR3066027A0000000000001000A00006','MAIPS20070ST4RFA1B-001','MAIPS20070SQ4RFA1B-001','MAIPS20070PR4RFA1B-001','BC1321 303259 000050','00000500 1929 AFA3190715-9','0:00:11','26.9156','36.2136','1','0',345678,456,'FALSE','10:57:30','2','1.3664',32,97,'LOAD','2021-04-06 04:15:34','2021-04-06 04:15:34','WORK','2021-04-06 04:15:34','2021-04-06 04:15:34','END','2021-04-06 04:15:34','2021-04-06 04:15:34','2021-04-05 19:15:34'),('20210512',9,16,'D004001','D005005','KR3066027A0000000000001000A16001','MAIPS20070ST4RFA1B-002','MAIPS20070SQ4RFA1B-001','MAIPS20070PR4RFA1B-001','BC1321 303259 000044','00000500 1929 AFA3190715-3','R3060622G','1400.45','D012004','MAIPS00070MA4RNACM-053','KR3066027A0000000000001000A16001','T','WI06N0985I','R3060622G','HMAG84CXNRX085N-1C101','5200','CONFIRM_F_COMMENT','KR3066027A0000000000001000A00007','MAIPS20070ST4RFA1B-002','MAIPS20070SQ4RFA1B-002','MAIPS20070PR4RFA1B-002','BC1321 303259 000051','00000500 1929 AFA3190715-10','0:00:04','26.11156','35.0137','1','0',30,56789,'FALSE','13:26:24','765','765.889',5,45,'LOAD','2021-04-06 04:15:34','2021-04-06 04:15:34','WORK','2021-04-06 04:15:34','2021-04-06 04:15:34','END','2021-04-06 04:15:34','2021-04-06 04:15:34','2021-04-05 19:15:34'),('20210512',10,16,'D004001','D005005','KR3066027A0000000000001000A16002','MAIPS20070ST4RFA1B-002','MAIPS20070SQ4RFA1B-001','MAIPS20070PR4RFA1B-001','BC1321 303259 000044','00000500 1929 AFA3190715-3','R3060622G','1400.45','D012004','MAIPS00070MA4RNACM-053','KR3066027A0000000000001000A16002','T','WI06N0985I','R3060622G','HMAG84CXNRX085N-1C101','5200','CONFIRM_Frue','KR3066027A0000000000001000A16001','MAIPS20070ST4RFA1B-002','MAIPS20070SQ4RFA1B-002','MAIPS20070PR4RFA1B-002','BC1321 303259 000052','00000500 1929 AFA3190715-11','0:00:08','26.13156','36.2137','1','1',56,96857,'FALSE','5:16:48','4','1.223',3,76,'LOAD','2021-04-06 04:15:34','2021-04-06 04:15:34','WORK','2021-04-06 04:15:34','2021-04-06 04:15:34','END','2021-04-06 04:15:34','2021-04-06 04:15:34','2021-04-05 19:15:34'),('20210512',11,16,'D004001','D005005','KR3066027A0000000000001000A16003','MAIPS20070ST4RFA1B-002','MAIPS20070SQ4RFA1B-001','MAIPS20070PR4RFA1B-001','BC1321 303259 000044','00000500 1929 AFA3190715-3','R3060622G','1450.45','D012004','MAIPS00070MA4RNACM-053','KR3066027A0000000000001000A16003','T','WI06N0986I','R3060622G','HMAG84CXNRX085N-1C101','5300','CONFIRM_Frue','KR3066027A0000000000001000A16002','MAIPS20070ST4RFA1B-002','MAIPS20070SQ4RFA1B-002','MAIPS20070PR4RFA1B-002','BC1321 303259 000053','00000500 1929 AFA3190715-12','0:00:17','26.15156','35.0138','1','1',88,34785,'TRUE','7:59:31','67','1.456',5,42,'LOAD','2021-04-06 04:15:34','2021-04-06 04:15:34','WORK','2021-04-06 04:15:34','2021-04-06 04:15:34','END','2021-04-06 04:15:34','2021-04-06 04:15:34','2021-04-05 19:15:34'),('20210512',12,16,'D004001','D005005','KR3066027A0000000000001000A16004','MAIPS20070ST4RFA1B-002','MAIPS20070SQ4RFA1B-001','MAIPS20070PR4RFA1B-001','BC1321 303259 000044','00000500 1929 AFA3190715-3','R3060622G','1500.3','D012003','MAIPS00070MA4RNACM-053','KR3066027A0000000000001000A16004','R','WI06N0996I','R3060622G','HMAG84CXNRX085N-1C101','5400','CONFIRM_Frue','KR3066027A0000000000001000A16003','MAIPS20070ST4RFA1B-002','MAIPS20070SQ4RFA1B-002','MAIPS20070PR4RFA1B-002','BC1321 303259 000054','00000500 1929 AFA3190715-13','0:00:04','26.17156','36.2138','1','0',999,5689,'FALSE','5:21:07','56','56.333',3,5,'LOAD','2021-04-06 04:15:34','2021-04-06 04:15:34','WORK','2021-04-06 04:15:34','2021-04-06 04:15:34','END','2021-04-06 04:15:34','2021-04-06 04:15:34','2021-04-05 19:15:34'),('20210512',13,16,'D004001','D005005','KR3066027A0000000000001000A16005','MAIPS20070ST4RFA1B-002','MAIPS20070SQ4RFA1B-001','MAIPS20070PR4RFA1B-001','BC1321 303259 000044','00000500 1929 AFA3190715-3','R3060622G','1500.3','D012003','MAIPS00070MA4RNACM-053','KR3066027A0000000000001000A16005','R','WI06N0996I','R3060622G','HMAG84CXNRX085N-1C101','5400','CONFIRM_Frue','KR3066027A0000000000001000A16004','MAIPS20070ST4RFA1B-002','MAIPS20070SQ4RFA1B-002','MAIPS20070PR4RFA1B-002','BC1321 303259 000055','00000500 1929 AFA3190715-14','0:00:06','26.19156','35.0139','0','1',3456,12,'TRUE','10:56:38','56','56.5674',2,32,'LOAD','2021-04-06 04:15:34','2021-04-06 04:15:34','WORK','2021-04-06 04:15:34','2021-04-06 04:15:34','END','2021-04-06 04:15:34','2021-04-06 04:15:34','2021-04-05 19:15:34'),('20210512',14,16,'D004001','D005004','KR3066027A0000000000001000A16006','MAIPS20070ST4RFA1B-002','MAIPS20070SQ4RFA1B-001','MAIPS20070PR4RFA1B-001','BC1321 303259 000044','00000500 1929 AFA3190715-3','R3060622G','1500.3','D012002','MAIPS00070MA4RNACM-053','KR3066027A0000000000001000A16006','T','WI06N0996I','R3060622G','HMAG84CXNRX085N-1C101','5400','CONFIRM_False','KR3066027A0000000000001000A16005','MAIPS20070ST4RFA1B-002','MAIPS20070SQ4RFA1B-002','MAIPS20070PR4RFA1B-002','BC1321 303259 000056','00000500 1929 AFA3190715-15','0:00:15','26.21156','36.2139','1','1',5674,1234,'TRUE','8:47:37','23','23.3466',97,3,'LOAD','2021-04-06 04:15:34','2021-04-06 04:15:34','WORK','2021-04-06 04:15:34','2021-04-06 04:15:34','END','2021-04-06 04:15:34','2021-04-06 04:15:34','2021-04-05 19:15:34'),('20210512',15,16,'D004001','D005013','KR3066027A0000000000001000A16007','MAIPS20070ST4RFA1B-002','MAIPS20070SQ4RFA1B-001','MAIPS20070PR4RFA1B-001','BC1321 303259 000044','00000500 1929 AFA3190715-3','R3060622G','1460.32','D012002','MAIPS00070MA4RNACM-053','KR3066027A0000000000001000A16007','R','WI06N0992I','R3060622G','HMAG84CXNRX085N-1C101','5400','CONFIRM_False','KR3066027A0000000000001000A16006','MAIPS20070ST4RFA1B-002','MAIPS20070SQ4RFA1B-002','MAIPS20070PR4RFA1B-002','BC1321 303259 000057','00000500 1929 AFA3190715-16','0:00:10','26.23156','35.014','0','0',23456,132556,'FALSE','5:16:48','12','12.22',1,5,'LOAD','2021-04-06 04:15:34','2021-04-06 04:15:34','WORK','2021-04-06 04:15:34','2021-04-06 04:15:34','END','2021-04-06 04:15:34','2021-04-06 04:15:34','2021-04-05 19:15:34'),('20210512',16,16,'D004002','D005001','KR3066027A0000000000001000A16008','MAIPS20070ST4RFA1B-002','MAIPS20070SQ4RFA1B-001','MAIPS20070PR4RFA1B-001','BC1321 303259 000044','00000500 1929 AFA3190715-3','R3060622G','1460.32','D012004','MAIPS00070MA4RNACM-053','KR3066027A0000000000001000A16008','R','WI06N0992I','R3060622G','HMAG84CXNRX085N-1C101','5400','CONFIRM_False','KR3066027A0000000000001000A16007','MAIPS20070ST4RFA1B-002','MAIPS20070SQ4RFA1B-002','MAIPS20070PR4RFA1B-002','BC1321 303259 000058','00000500 1929 AFA3190715-17','0:00:13','26.25156','36.214','1','1',999999,999999,'TRUE','21:20:10','245','245.46',81,1,'LOAD','2021-04-06 04:15:34','2021-04-06 04:15:34','WORK','2021-04-06 04:15:34','2021-04-06 04:15:34','END','2021-04-06 04:15:34','2021-04-06 04:15:34','2021-04-05 19:15:34'),('20210512',17,7,'D004001','D005002','KR3066027A0000000000001000A16009','MAIPS20070ST4RFA1B-002','MAIPS20070SQ4RFA1B-001','MAIPS20070PR4RFA1B-001','BC1321 303259 000044','00000500 1929 AFA3190715-3','R3060622G','1460.32','D012004','MAIPS00070MA4RNACM-053','KR3066027A0000000000001000A16009','R','WI06N0995I','R3060622G','HMAG84CXNRX085N-1C101','5400','CONFIRM_False','KR3066027A0000000000001000A16007','MAIPS20070ST4RFA1B-001','MAIPS20070SQ4RFA1B-002','MAIPS20070PR4RFA1B-001','BC1321 303259 000051','00000500 1929 AFA3190715-17','0:00:13','26.25156','36.214','1','1',999999,999999,'TRUE','21:20:10','245','245.46',81,1,'LOAD','2021-04-06 04:15:34','2021-04-06 04:15:34','WORK','2021-04-06 04:15:34','2021-04-06 04:15:34','END','2021-04-06 04:15:34','2021-04-06 04:15:34','2021-05-08 19:15:34'),('20210512',18,7,'D004001','D005002','KR3066027A0000000000001000A16010','MAIPS20070ST4RFA1B-002','MAIPS20070SQ4RFA1B-001','MAIPS20070PR4RFA1B-001','BC1321 303259 000044','00000500 1929 AFA3190715-3','R3060622G','1460.32','D012004','MAIPS00070MA4RNACM-053','KR3066027A0000000000001000A16010','R','WI06N0995I','R3060622G','HMAG84CXNRX085N-1C101','5400','CONFIRM_False','KR3066027A0000000000001000A16007','MAIPS20070ST4RFA1B-002','MAIPS20070SQ4RFA1B-002','MAIPS20070PR4RFA1B-002','BC1321 303259 000058','00000500 1929 AFA3190715-17','0:00:13','26.25156','36.214','1','1',999999,999999,'TRUE','21:20:10','245','245.46',81,1,'LOAD','2021-04-06 04:15:34','2021-04-06 04:15:34','WORK','2021-04-06 04:15:34','2021-04-06 04:15:34','END','2021-04-06 04:15:34','2021-04-06 04:15:34','2021-05-08 19:15:34'),('20210512',19,7,'D004001','D005002','KR3066027A0000000000001000A16011','MAIPS20070ST4RFA1B-003','MAIPS20070SQ4RFA1B-099','MAIPS20070PR4RFA1B-00A','BC1321 303259 000044','00000500 1929 AFA3190715-3','R3060622G','1460.32','D012004','MAIPS00070MA4RNACM-053','KR3066027A0000000000001000A160113','R','WI06N0995I','R3060622G','HMAG84CXNRX085N-1C101','5400','CONFIRM_False','KR3066027A0000000000001000A16007','MAIPS20070ST4RFA1B-002','MAIPS20070SQ4RFA1B-002','MAIPS20070PR4RFA1B-002','BC1321 303259 000058','00000500 1929 AFA3190715-17','0:00:13','26.25156','36.214','1','1',999999,999999,'TRUE','21:20:10','245','245.46',81,1,'LOAD','2021-04-06 04:15:34','2021-04-06 04:15:34','WORK','2021-04-06 04:15:34','2021-04-06 04:15:34','END','2021-04-06 04:15:34','2021-04-06 04:15:34','2021-05-08 20:15:34'),('20210512',20,7,'D004001','D005002','KR3066027A0000000000001000A16012','MAIPS20070ST4RFA1B-002','MAIPS20070SQ4RFA1B-001','MAIPS20070PR4RFA1B-001','BC1321 303259 000044','00000500 1929 AFA3190715-3','R3060622G','1460.32','D012004','MAIPS00070MA4RNACM-053','KR3066027A0000000000001000A16012','R','WI06N0995I','R3060622G','HMAG84CXNRX085N-1C101','5400','CONFIRM_False','KR3066027A0000000000001000A16007','MAIPS20070ST4RFA1B-002','MAIPS20070SQ4RFA1B-002','MAIPS20070PR4RFA1B-002','BC1321 303259 000058','00000500 1929 AFA3190715-17','0:00:13','26.25156','36.214','1','1',999999,999999,'TRUE','21:20:10','245','245.46',81,1,'LOAD','2021-04-06 04:15:34','2021-04-06 04:15:34','WORK','2021-04-06 04:15:34','2021-04-06 04:15:34','END','2021-04-06 04:15:34','2021-04-06 04:15:34','2021-05-08 20:15:34');
/*!40000 ALTER TABLE `OWP_PRINT_OUTPUT` ENABLE KEYS */;
UNLOCK TABLES;

--
-- Table structure for table `OWP_PRINT_OUTPUT_LOG`
--

DROP TABLE IF EXISTS `OWP_PRINT_OUTPUT_LOG`;
/*!40101 SET @saved_cs_client     = @@character_set_client */;
/*!40101 SET character_set_client = utf8 */;
CREATE TABLE `OWP_PRINT_OUTPUT_LOG` (
  `PRINT_SEQ` bigint(11) unsigned NOT NULL AUTO_INCREMENT,
  `EQUIPSEQ` bigint(11) NOT NULL COMMENT '"MOI EdgePC에서 프로그램실행시 \n설비SEQ값을 구해온다.\n각각의 설비마다 고정값으로 조회한다."',
  `PCB_ID` varchar(100) NOT NULL,
  `STENCIL_NO` varchar(100) NOT NULL,
  `SQUEEGEE_BLADE_NO` varchar(100) NOT NULL,
  `PRINT_JIG_NO` varchar(100) NOT NULL,
  `SOLDER_BCR1` varchar(100) NOT NULL,
  `SOLDER_BCR2` varchar(100) NOT NULL,
  `CURRENT_RECIPE_ID` varchar(100) NOT NULL,
  `RAIL_WIDTH` varchar(20) NOT NULL,
  `CONTROL_STATUS` char(7) NOT NULL COMMENT 'GroupID=D012000',
  `LOAD_MGZ_ID` varchar(100) NOT NULL,
  `PCB_ID2` varchar(100) NOT NULL,
  `CONFIRM_FLAG2` char(1) DEFAULT NULL,
  `LOT_ID2` varchar(100) DEFAULT NULL,
  `RECIPE_NAME2` varchar(500) DEFAULT NULL,
  `PROD_ID2` varchar(100) DEFAULT NULL,
  `OPER_ID2` varchar(100) DEFAULT NULL,
  `CONFIRM_MSG2` varchar(500) DEFAULT NULL,
  `PCB_ID3` varchar(100) DEFAULT NULL,
  `STENCIL_NO3` varchar(100) DEFAULT NULL,
  `SQUEEGEE_BLADE_NO3` varchar(100) DEFAULT NULL,
  `PRINT_JIG_NO3` varchar(100) DEFAULT NULL,
  `SOLDER_BCR13` varchar(100) DEFAULT NULL,
  `SOLDER_BCR23` varchar(100) DEFAULT NULL,
  `CYCLE_TIME3` varchar(100) DEFAULT NULL,
  `PRINT_INNER_TEMPER3` varchar(20) DEFAULT NULL,
  `PRINT_INNER_HUMIDITY3` varchar(20) DEFAULT NULL,
  `WIPER_REPLACE_YN3` char(1) DEFAULT NULL,
  `IPA_REPLACE_YN3` char(1) DEFAULT NULL,
  `SQUEEGEE_BLADE_USE_TMS3` int(4) DEFAULT NULL,
  `STCL_USE_TMS3` int(4) DEFAULT NULL,
  `SOLDER_ADD_TMS3` varchar(5) DEFAULT NULL,
  `FEEDB_PRCS_VAR_PARAM_X3` varchar(20) DEFAULT NULL,
  `FEEDB_PRCS_VAR_PARAM_Y3` varchar(20) DEFAULT NULL,
  `FEEDB_PRCS_VAR_PARAM_THETA3` varchar(20) DEFAULT NULL,
  `FEEDB_PRCS_TMS3` int(4) DEFAULT NULL,
  `XY_PARAM_MENU_CORR_TMS3` int(4) DEFAULT NULL,
  `MODULE1_3` varchar(10) DEFAULT NULL,
  `START_TIME1_3` datetime DEFAULT NULL,
  `END_TIME1_3` datetime DEFAULT NULL,
  `MODULE2_3` varchar(10) DEFAULT NULL,
  `START_TIME2_3` datetime DEFAULT NULL,
  `END_TIME2_3` datetime DEFAULT NULL,
  `MODULE3_3` varchar(10) DEFAULT NULL,
  `START_TIME3_3` datetime DEFAULT NULL,
  `END_TIME3_3` datetime DEFAULT NULL,
  `WDATE` timestamp NULL DEFAULT NULL COMMENT '등록일',
  PRIMARY KEY (`PRINT_SEQ`) USING BTREE
) ENGINE=InnoDB AUTO_INCREMENT=18 DEFAULT CHARSET=utf8 ROW_FORMAT=DYNAMIC;
/*!40101 SET character_set_client = @saved_cs_client */;

--
-- Dumping data for table `OWP_PRINT_OUTPUT_LOG`
--

LOCK TABLES `OWP_PRINT_OUTPUT_LOG` WRITE;
/*!40000 ALTER TABLE `OWP_PRINT_OUTPUT_LOG` DISABLE KEYS */;
INSERT INTO `OWP_PRINT_OUTPUT_LOG` VALUES (1,1,'KR3066027A0000000000001000A00000','MAIPS20070ST4RFA1B-001','MAIPS20070SQ4RFA1B-001','MAIPS20070PR4RFA1B-002','BC1321 303259 000043','00000500 1929 AFA3190715-2','R3060622F','1400.45','D012002','MAIPS20070MA4RFA1B-001','KR3066027A0000000000001000A00000','T','WI06N0985I','R3060622F','HMAG84CXNRX085N-1C101','5200','CONFIRM_F_COMMENT','KR3066027A0000000000001000A00010','MAIPS20070ST4RFA1B-001','MAIPS20070SQ4RFA1B-001','MAIPS20070PR4RFA1B-001','BC1321 303259 000043','00000500 1929 AFA3190715-2','00:00:04','25.0000','35.0000','1','1',1,1,'TRUE','999.9999','99999','999.9999',2,2,'LOAD','2021-01-18 17:25:26','2021-01-18 17:25:29','WORK','2021-01-18 17:25:29','2021-01-18 17:26:00','END','2021-01-18 17:26:00','2021-01-18 17:26:01','2021-03-23 00:11:14'),(2,1,'KR3066027A0000000000001000A00001','MAIPS20070ST4RFA1B-001','MAIPS20070SQ4RFA1B-001','MAIPS20070PR4RFA1B-002','BC1321 303259 000043','00000500 1929 AFA3190715-2','R3060622F','1400.45','D012004','MAIPS20070MA4RFA1B-001','KR3066027A0000000000001000A00001','T','WI06N0985I','R3060622F','HMAG84CXNRX085N-1C101','5200','CONFIRM_Frue','KR3066027A0000000000001000A00000','MAIPS20070ST4RFA1B-001','MAIPS20070SQ4RFA1B-001','MAIPS20070PR4RFA1B-001','BC1321 303259 000044','00000500 1929 AFA3190715-3','00:00:08','25.0012','35.0120','1','0',3,45,'FALSE','23.245','245','245.46',1,55,'LOAD','2021-01-18 17:26:06','2021-01-18 17:26:09','WORK','2021-01-18 17:26:09','2021-01-18 17:27:10','END','2021-01-18 17:27:00','2021-01-18 17:27:21','2021-03-23 00:13:14'),(3,1,'KR3066027A0000000000001000A00002','MAIPS20070ST4RFA1B-001','MAIPS20070SQ4RFA1B-001','MAIPS20070PR4RFA1B-002','BC1321 303259 000043','00000500 1929 AFA3190715-2','R3060622F','1450.45','D012003','MAIPS20070MA4RFA1B-001','KR3066027A0000000000001000A00002','T','WI06N0986I','R3060622F','HMAG84CXNRX085N-1C101','5300','CONFIRM_Frue','KR3066027A0000000000001000A00001','MAIPS20070ST4RFA1B-001','MAIPS20070SQ4RFA1B-001','MAIPS20070PR4RFA1B-001','BC1321 303259 000045','00000500 1929 AFA3190715-4','00:00:15','25.0056','35.0134','1','1',5,6,'FALSE','12.22','1','1.2345',4,7,'LOAD','2021-01-18 17:25:26','2021-01-18 17:25:29','WORK','2021-01-18 17:25:30','2021-01-18 17:26:01','END','2021-01-18 17:26:00','2021-01-18 17:26:01','2021-03-23 00:15:30'),(4,1,'KR3066027A0000000000001000A00003','MAIPS20070ST4RFA1B-001','MAIPS20070SQ4RFA1B-001','MAIPS20070PR4RFA1B-002','BC1321 303259 000043','00000500 1929 AFA3190715-2','R3060622F','1500.30','D012002','MAIPS20070MA4RFA1B-001','KR3066027A0000000000001000A00003','R','WI06N0996I','R3060622F','HMAG84CXNRX085N-1C101','5400','CONFIRM_Frue','KR3066027A0000000000001000A00002','MAIPS20070ST4RFA1B-001','MAIPS20070SQ4RFA1B-001','MAIPS20070PR4RFA1B-001','BC1321 303259 000046','00000500 1929 AFA3190715-5','00:00:04','26.1156','36.2134','1','1',6,23,'FALSE','245.46','23','23.3466',55,3,'LOAD','2021-01-18 17:26:06','2021-01-18 17:26:09','WORK','2021-01-18 17:26:10','2021-01-18 17:27:11','END','2021-01-18 17:27:00','2021-01-18 17:27:21','2021-03-23 00:19:24'),(5,1,'KR3066027A0000000000001000A00004','MAIPS20070ST4RFA1B-001','MAIPS20070SQ4RFA1B-001','MAIPS20070PR4RFA1B-002','BC1321 303259 000043','00000500 1929 AFA3190715-2','R3060622F','1500.30','D012002','MAIPS20070MA4RFA1B-001','KR3066027A0000000000001000A00004','R','WI06N0996I','R3060622F','HMAG84CXNRX085N-1C101','5400','CONFIRM_Frue','KR3066027A0000000000001000A00003','MAIPS20070ST4RFA1B-001','MAIPS20070SQ4RFA1B-001','MAIPS20070PR4RFA1B-001','BC1321 303259 000047','00000500 1929 AFA3190715-6','00:00:04','26.3156','35.0135','0','0',3451,567,'TRUE','1.2345','32','32.4566',7,2,'LOAD','2021-01-18 17:25:26','2021-01-18 17:25:29','WORK','2021-01-18 17:25:31','2021-01-18 17:26:02','END','2021-01-18 17:26:00','2021-01-18 17:26:01','2021-03-23 00:21:18'),(6,1,'KR3066027A0000000000001000A00005','MAIPS20070ST4RFA1B-001','MAIPS20070SQ4RFA1B-001','MAIPS20070PR4RFA1B-002','BC1321 303259 000043','00000500 1929 AFA3190715-2','R3060622F','1500.30','D012004','MAIPS20070MA4RFA1B-001','KR3066027A0000000000001000A00005','T','WI06N0996I','R3060622F','HMAG84CXNRX085N-1C101','5400','CONFIRM_False','KR3066027A0000000000001000A00004','MAIPS20070ST4RFA1B-001','MAIPS20070SQ4RFA1B-001','MAIPS20070PR4RFA1B-001','BC1321 303259 000048','00000500 1929 AFA3190715-7','00:00:15','26.5156','36.2135','0','1',12,88,'FALSE','56.5674','56','56.333',34,1,'LOAD','2021-01-18 17:26:06','2021-01-18 17:26:09','WORK','2021-01-18 17:26:11','2021-01-18 17:27:12','END','2021-01-18 17:27:00','2021-01-18 17:27:21','2021-03-23 00:23:10'),(7,1,'KR3066027A0000000000001000A00006','MAIPS20070ST4RFA1B-001','MAIPS20070SQ4RFA1B-001','MAIPS20070PR4RFA1B-002','BC1321 303259 000043','00000500 1929 AFA3190715-2','R3060622F','1460.32','D012003','MAIPS20070MA4RFA1B-001','KR3066027A0000000000001000A00006','R','WI06N0992I','R3060622F','HMAG84CXNRX085N-1C101','5400','CONFIRM_False','KR3066027A0000000000001000A00005','MAIPS20070ST4RFA1B-001','MAIPS20070SQ4RFA1B-001','MAIPS20070PR4RFA1B-001','BC1321 303259 000049','00000500 1929 AFA3190715-8','00:00:09','26.7156','35.0136','1','1',16,3,'TRUE','23.3466','1','1.223',5,81,'LOAD','2021-01-18 17:25:26','2021-01-18 17:25:29','WORK','2021-01-18 17:25:32','2021-01-18 17:26:03','END','2021-01-18 17:26:00','2021-01-18 17:26:01','2021-03-23 00:25:01'),(8,1,'KR3066027A0000000000001000A00007','MAIPS20070ST4RFA1B-001','MAIPS20070SQ4RFA1B-001','MAIPS20070PR4RFA1B-002','BC1321 303259 000043','00000500 1929 AFA3190715-2','R3060622F','1460.32','D012002','MAIPS20070MA4RFA1B-001','KR3066027A0000000000001000A00007','R','WI06N0992I','R3060622F','HMAG84CXNRX085N-1C101','5400','CONFIRM_False','KR3066027A0000000000001000A00006','MAIPS20070ST4RFA1B-001','MAIPS20070SQ4RFA1B-001','MAIPS20070PR4RFA1B-001','BC1321 303259 000050','00000500 1929 AFA3190715-9','00:00:11','26.9156','36.2136','1','0',345678,456,'FALSE','32.4566','2','1.3664',32,97,'LOAD','2021-01-18 17:26:06','2021-01-18 17:26:09','WORK','2021-01-18 17:26:12','2021-01-18 17:27:13','END','2021-01-18 17:27:00','2021-01-18 17:27:21','2021-03-23 00:27:19'),(9,16,'KR3066027A0000000000001000A16001','MAIPS20070ST4RFA1B-002','MAIPS20070SQ4RFA1B-001','MAIPS20070PR4RFA1B-001','BC1321 303259 000044','00000500 1929 AFA3190715-3','R3060622G','1400.45','D012004','MAIPS00070MA4RNACM-053','KR3066027A0000000000001000A16001','T','WI06N0985I','R3060622G','HMAG84CXNRX085N-1C101','5200','CONFIRM_F_COMMENT','KR3066027A0000000000001000A00007','MAIPS20070ST4RFA1B-002','MAIPS20070SQ4RFA1B-002','MAIPS20070PR4RFA1B-002','BC1321 303259 000051','00000500 1929 AFA3190715-10','00:00:04','26.11156','35.0137','1','0',30,56789,'FALSE','235.56','765','765.889',5,45,'LOAD','2021-01-18 17:25:26','2021-01-18 17:25:29','WORK','2021-01-18 17:25:33','2021-01-18 17:26:04','END','2021-01-18 17:26:00','2021-01-18 17:26:01','2021-03-23 00:31:14'),(10,16,'KR3066027A0000000000001000A16002','MAIPS20070ST4RFA1B-002','MAIPS20070SQ4RFA1B-001','MAIPS20070PR4RFA1B-001','BC1321 303259 000044','00000500 1929 AFA3190715-3','R3060622G','1400.45','D012004','MAIPS00070MA4RNACM-053','KR3066027A0000000000001000A16002','T','WI06N0985I','R3060622G','HMAG84CXNRX085N-1C101','5200','CONFIRM_Frue','KR3066027A0000000000001000A16001','MAIPS20070ST4RFA1B-002','MAIPS20070SQ4RFA1B-002','MAIPS20070PR4RFA1B-002','BC1321 303259 000052','00000500 1929 AFA3190715-11','00:00:08','26.13156','36.2137','1','1',56,96857,'FALSE','23.22','4','1.223',3,76,'LOAD','2021-01-18 17:26:06','2021-01-18 17:26:09','WORK','2021-01-18 17:26:13','2021-01-18 17:27:14','END','2021-01-18 17:27:00','2021-01-18 17:27:21','2021-03-23 00:33:11'),(11,16,'KR3066027A0000000000001000A16003','MAIPS20070ST4RFA1B-002','MAIPS20070SQ4RFA1B-001','MAIPS20070PR4RFA1B-001','BC1321 303259 000044','00000500 1929 AFA3190715-3','R3060622G','1450.45','D012004','MAIPS00070MA4RNACM-053','KR3066027A0000000000001000A16003','T','WI06N0986I','R3060622G','HMAG84CXNRX085N-1C101','5300','CONFIRM_Frue','KR3066027A0000000000001000A16002','MAIPS20070ST4RFA1B-002','MAIPS20070SQ4RFA1B-002','MAIPS20070PR4RFA1B-002','BC1321 303259 000053','00000500 1929 AFA3190715-12','00:00:17','26.15156','35.0138','1','1',88,34785,'TRUE','56.333','67','1.456',5,42,'LOAD','2021-01-18 17:25:26','2021-01-18 17:25:29','WORK','2021-01-18 17:25:34','2021-01-18 17:26:05','END','2021-01-18 17:26:00','2021-01-18 17:26:01','2021-03-23 00:35:18'),(12,16,'KR3066027A0000000000001000A16004','MAIPS20070ST4RFA1B-002','MAIPS20070SQ4RFA1B-001','MAIPS20070PR4RFA1B-001','BC1321 303259 000044','00000500 1929 AFA3190715-3','R3060622G','1500.30','D012003','MAIPS00070MA4RNACM-053','KR3066027A0000000000001000A16004','R','WI06N0996I','R3060622G','HMAG84CXNRX085N-1C101','5400','CONFIRM_Frue','KR3066027A0000000000001000A16003','MAIPS20070ST4RFA1B-002','MAIPS20070SQ4RFA1B-002','MAIPS20070PR4RFA1B-002','BC1321 303259 000054','00000500 1929 AFA3190715-13','00:00:04','26.17156','36.2138','1','0',999,5689,'FALSE','1.223','56','56.333',3,5,'LOAD','2021-01-18 17:26:06','2021-01-18 17:26:09','WORK','2021-01-18 17:26:14','2021-01-18 17:27:15','END','2021-01-18 17:27:00','2021-01-18 17:27:21','2021-03-23 00:39:24'),(13,16,'KR3066027A0000000000001000A16005','MAIPS20070ST4RFA1B-002','MAIPS20070SQ4RFA1B-001','MAIPS20070PR4RFA1B-001','BC1321 303259 000044','00000500 1929 AFA3190715-3','R3060622G','1500.30','D012003','MAIPS00070MA4RNACM-053','KR3066027A0000000000001000A16005','R','WI06N0996I','R3060622G','HMAG84CXNRX085N-1C101','5400','CONFIRM_Frue','KR3066027A0000000000001000A16004','MAIPS20070ST4RFA1B-002','MAIPS20070SQ4RFA1B-002','MAIPS20070PR4RFA1B-002','BC1321 303259 000055','00000500 1929 AFA3190715-14','00:00:06','26.19156','35.0139','0','1',3456,12,'TRUE','1.456','56','56.5674',2,32,'LOAD','2021-01-18 17:25:26','2021-01-18 17:25:29','WORK','2021-01-18 17:25:35','2021-01-18 17:26:06','END','2021-01-18 17:26:00','2021-01-18 17:26:01','2021-03-23 00:45:40'),(14,16,'KR3066027A0000000000001000A16006','MAIPS20070ST4RFA1B-002','MAIPS20070SQ4RFA1B-001','MAIPS20070PR4RFA1B-001','BC1321 303259 000044','00000500 1929 AFA3190715-3','R3060622G','1500.30','D012002','MAIPS00070MA4RNACM-053','KR3066027A0000000000001000A16006','T','WI06N0996I','R3060622G','HMAG84CXNRX085N-1C101','5400','CONFIRM_False','KR3066027A0000000000001000A16005','MAIPS20070ST4RFA1B-002','MAIPS20070SQ4RFA1B-002','MAIPS20070PR4RFA1B-002','BC1321 303259 000056','00000500 1929 AFA3190715-15','00:00:15','26.21156','36.2139','1','1',5674,1234,'TRUE','1.3664','23','23.3466',97,3,'LOAD','2021-01-18 17:26:06','2021-01-18 17:26:09','WORK','2021-01-18 17:26:15','2021-01-18 17:27:16','END','2021-01-18 17:27:00','2021-01-18 17:27:21','2021-03-23 00:47:45'),(15,16,'KR3066027A0000000000001000A16007','MAIPS20070ST4RFA1B-002','MAIPS20070SQ4RFA1B-001','MAIPS20070PR4RFA1B-001','BC1321 303259 000044','00000500 1929 AFA3190715-3','R3060622G','1460.32','D012002','MAIPS00070MA4RNACM-053','KR3066027A0000000000001000A16007','R','WI06N0992I','R3060622G','HMAG84CXNRX085N-1C101','5400','CONFIRM_False','KR3066027A0000000000001000A16006','MAIPS20070ST4RFA1B-002','MAIPS20070SQ4RFA1B-002','MAIPS20070PR4RFA1B-002','BC1321 303259 000057','00000500 1929 AFA3190715-16','00:00:10','26.23156','35.0140','0','0',23456,132556,'FALSE','667.22','12','12.22',1,5,'LOAD','2021-01-18 17:25:26','2021-01-18 17:25:29','WORK','2021-01-18 17:25:36','2021-01-18 17:26:07','END','2021-01-18 17:26:00','2021-01-18 17:26:01','2021-03-23 00:50:55'),(16,16,'KR3066027A0000000000001000A16008','MAIPS20070ST4RFA1B-002','MAIPS20070SQ4RFA1B-001','MAIPS20070PR4RFA1B-001','BC1321 303259 000044','00000500 1929 AFA3190715-3','R3060622G','1460.32','D012004','MAIPS00070MA4RNACM-053','KR3066027A0000000000001000A16008','R','WI06N0992I','R3060622G','HMAG84CXNRX085N-1C101','5400','CONFIRM_False','KR3066027A0000000000001000A16007','MAIPS20070ST4RFA1B-002','MAIPS20070SQ4RFA1B-002','MAIPS20070PR4RFA1B-002','BC1321 303259 000058','00000500 1929 AFA3190715-17','00:00:13','26.25156','36.2140','1','1',9999999,9999999,'TRUE','765.889','245','245.46',81,1,'LOAD','2021-01-18 17:26:06','2021-01-18 17:26:09','WORK','2021-01-18 17:26:16','2021-01-18 17:27:17','END','2021-01-18 17:27:00','2021-01-18 17:27:21','2021-03-23 00:53:10'),(17,1,'KR3066027A0000000000001000A00000','MAIPS20070ST4RFA1B-001','MAIPS20070SQ4RFA1B-001','MAIPS20070PR4RFA1B-002','BC1321 303259 000043','00000500 1929 AFA3190715-2','R3060622F','1400.45','1','MAIPS20070MA4RFA1B-001','KR3066027A0000000000001000A00000','T','WI06N0985I','R3060622F','HMAG84CXNRX085N-1C101','5200','CONFIRM_F_COMMENT','KR3066027A0000000000001000A00010','MAIPS20070ST4RFA1B-001','MAIPS20070SQ4RFA1B-001','MAIPS20070PR4RFA1B-001','BC1321 303259 000043','00000500 1929 AFA3190715-2','00:00:04','25.0000','35.0000','1','1',1,1,'TRUE','999.9999','99999','999.9999',2,28,'LOAD','2021-05-17 17:25:26','2021-05-17 17:25:29','WORK','2021-05-17 17:25:29','2021-05-17 17:26:00','END','2021-05-17 17:26:00','2021-05-17 17:26:01','2021-05-17 07:24:18');
/*!40000 ALTER TABLE `OWP_PRINT_OUTPUT_LOG` ENABLE KEYS */;
UNLOCK TABLES;

--
-- Table structure for table `OWP_REFLOW_OUTPUT`
--

DROP TABLE IF EXISTS `OWP_REFLOW_OUTPUT`;
/*!40101 SET @saved_cs_client     = @@character_set_client */;
/*!40101 SET character_set_client = utf8 */;
CREATE TABLE `OWP_REFLOW_OUTPUT` (
  `OUTPUT_DATE` char(8) NOT NULL,
  `OUTPUT_DATESEQ` bigint(11) unsigned NOT NULL AUTO_INCREMENT,
  `EQUIPSEQ` bigint(11) NOT NULL COMMENT 'MOI EdgePC에서 프로그램실행시 \r\n설비SEQ값을 구해온다.\r\n"When running the program from the MOI EdgePC, the equipment SEQ value is brought.\nSearch by fixed value for each equipment."',
  `EQP_ID` char(7) NOT NULL COMMENT 'GroupID=D004000',
  `EQP_TYPE` char(10) NOT NULL COMMENT 'GroupID=D005000',
  `PCB_ID` varchar(100) NOT NULL,
  `CURRENT_RECIPE_ID` varchar(100) NOT NULL,
  `RAIL_WIDTH` varchar(20) NOT NULL,
  `CONTROL_STATUS` char(7) NOT NULL COMMENT 'GroupID=D012000',
  `LANE_NO` int(4) NOT NULL,
  `CONFIRM_FLAG2` char(1) NOT NULL,
  `PCB_ID2` varchar(100) NOT NULL,
  `LOT_ID2` varchar(100) NOT NULL,
  `OPER_ID2` varchar(100) NOT NULL,
  `PROD_ID2` varchar(100) NOT NULL,
  `RECIPE_NAME2` varchar(500) NOT NULL,
  `CONFIRM_MSG2` varchar(500) NOT NULL,
  `PCB_ID3` varchar(100) NOT NULL,
  `LANE_NO3` int(4) NOT NULL,
  `LOT_ID3` varchar(100) NOT NULL,
  `TACT_TIME3` varchar(100) NOT NULL,
  `CYCLE_TIME3` varchar(100) NOT NULL,
  `WDATE` timestamp NULL DEFAULT NULL COMMENT 'Write Date',
  PRIMARY KEY (`OUTPUT_DATESEQ`) USING BTREE,
  KEY `OUTPUT_DATE` (`OUTPUT_DATE`,`OUTPUT_DATESEQ`) USING BTREE
) ENGINE=InnoDB AUTO_INCREMENT=20 DEFAULT CHARSET=utf8 ROW_FORMAT=DYNAMIC;
/*!40101 SET character_set_client = @saved_cs_client */;

--
-- Dumping data for table `OWP_REFLOW_OUTPUT`
--

LOCK TABLES `OWP_REFLOW_OUTPUT` WRITE;
/*!40000 ALTER TABLE `OWP_REFLOW_OUTPUT` DISABLE KEYS */;
INSERT INTO `OWP_REFLOW_OUTPUT` VALUES ('20210512',1,1,'D004001','D005001','KR3066027A0000000000001000A00000','DDR4_RD_10TO18_J','1400.45','D012002',1,'T','KR3066027A0000000000001000A00000','WI06N0985I-01A','5200','MAIPS20070ST4RFA1B-001','DDR4-DIMM-RD-0TO10-J1','CONFIRM_F_COMMENT','KR3066027A0000000000001000A00010',1,'WI06N0985I','00:05:04','00:05:04','2021-03-23 00:11:14'),('20210512',2,2,'D004001','D005009','KR3066027A0000000000001000A00001','DDR4_RD_10TO18_J','1400.45','D012004',1,'T','KR3066027A0000000000001000A00001','WI06N0985I-01A','5200','MAIPS20070ST4RFA1B-001','DDR4-DIMM-RD-0TO10-J1','TEST BY ANH','KR3066027A0000000000001000A00000',1,'WI06N0985I','00:05:08','00:05:15','2021-03-23 00:13:14'),('20210512',3,1,'D004001','D005006','KR3066027A0000000000001000A00002','DDR4_RD_10TO18_J','1450.45','D012003',2,'T','KR3066027A0000000000001000A00002','WI06N0985I-01A','5300','MAIPS20070ST4RFA1B-001','DDR4-DIMM-RD-0TO10-J1','CONFIRM_Frue','KR3066027A0000000000001000A00001',1,'WI06N0986I','00:05:15','00:05:15','2021-03-23 00:15:30'),('20210512',4,1,'D004001','D005006','KR3066027A0000000000001000A00003','DDR4_RD_10TO18_J','1500.3','D012002',1,'R','KR3066027A0000000000001000A00003','WI06N0985I-01A','5400','MAIPS20070ST4RFA1B-001','DDR4-DIMM-RD-0TO10-J1','CONFIRM_Frue','KR3066027A0000000000001000A00002',1,'WI06N0996I','00:06:04','00:06:04','2021-03-23 00:19:24'),('20210512',5,1,'D004001','D005007','KR3066027A0000000000001000A00004','DDR4_RD_10TO18_J','1500.3','D012002',2,'R','KR3066027A0000000000001000A00004','WI06N0985I-01A','5400','MAIPS20070ST4RFA1B-001','DDR4-DIMM-RD-0TO10-J1','CONFIRM_Frue','KR3066027A0000000000001000A00003',1,'WI06N0996I','00:05:13','00:05:08','2021-03-23 00:21:18'),('20210512',6,1,'D004001','D005012','KR3066027A0000000000001000A00005','DDR4_RD_10TO18_J','1500.3','D012004',1,'T','KR3066027A0000000000001000A00005','WI06N0985I-01A','5400','MAIPS20070ST4RFA1B-001','DDR4-DIMM-RD-0TO10-J1','CONFIRM_False','KR3066027A0000000000001000A00004',1,'WI06N0996I','00:06:04','00:05:15','2021-03-23 00:23:10'),('20210512',7,1,'D004001','D005002','KR3066027A0000000000001000A00006','DDR4_RD_10TO18_J','1460.32','D012003',1,'R','KR3066027A0000000000001000A00006','WI06N0985I-01A','5400','MAIPS20070ST4RFA1B-001','DDR4-DIMM-RD-0TO10-J1','CONFIRM_False','KR3066027A0000000000001000A00005',1,'WI06N0992I','00:05:09','00:05:09','2021-03-23 00:25:01'),('20210512',8,1,'D004001','D005005','KR3066027A0000000000001000A00007','DDR4_RD_10TO18_J','1460.32','D012002',2,'R','KR3066027A0000000000001000A00007','WI06N0985I-01A','5400','MAIPS20070ST4RFA1B-001','DDR4-DIMM-RD-0TO10-J1','CONFIRM_False','KR3066027A0000000000001000A00006',1,'WI06N0992I','00:03:11','00:03:11','2021-03-23 00:27:19'),('20210512',9,16,'D004001','D005005','KR3066027A0000000000001000A16001','DDR4_RD_10TO19_J','1400.45','D012004',1,'T','KR3066027A0000000000001000A16001','WI06N0985I-02A','5200','MAIPS20070ST4RFA1B-001','DDR4-DIMM-RD-0TO10-J1','CONFIRM_F_COMMENT','KR3066027A0000000000001000A00007',1,'WI06N0985I','00:03:04','00:05:09','2021-03-23 00:31:14'),('20210512',10,16,'D004001','D005005','KR3066027A0000000000001000A16002','DDR4_RD_10TO19_J','1400.45','D012004',2,'T','KR3066027A0000000000001000A16002','WI06N0985I-02A','5200','MAIPS20070ST4RFA1B-001','DDR4-DIMM-RD-0TO10-J1','CONFIRM_Frue','KR3066027A0000000000001000A16001',1,'WI06N0985I','00:04:08','00:04:08','2021-03-23 00:33:11'),('20210512',11,16,'D004001','D005005','KR3066027A0000000000001000A16003','DDR4_RD_10TO19_J','1450.45','D012004',1,'T','KR3066027A0000000000001000A16003','WI06N0985I-02A','5300','MAIPS20070ST4RFA1B-001','DDR4-DIMM-RD-0TO10-J1','CONFIRM_Frue','KR3066027A0000000000001000A16002',1,'WI06N0986I','00:04:17','00:04:17','2021-03-23 00:35:18'),('20210512',12,16,'D004001','D005005','KR3066027A0000000000001000A16004','DDR4_RD_10TO19_J','1500.3','D012003',1,'R','KR3066027A0000000000001000A16004','WI06N0985I-02A','5400','MAIPS20070ST4RFA1B-001','DDR4-DIMM-RD-0TO10-J1','CONFIRM_Frue','KR3066027A0000000000001000A16003',1,'WI06N0996I','00:05:04','00:04:08','2021-03-23 00:39:24'),('20210512',13,16,'D004001','D005005','KR3066027A0000000000001000A16005','DDR4_RD_10TO19_J','1500.3','D012003',2,'R','KR3066027A0000000000001000A16005','WI06N0985I-02A','5400','MAIPS20070ST4RFA1B-001','DDR4-DIMM-RD-0TO10-J1','CONFIRM_Frue','KR3066027A0000000000001000A16004',1,'WI06N0996I','00:05:15','00:05:06','2021-03-23 00:45:40'),('20210512',14,16,'D004001','D005004','KR3066027A0000000000001000A16006','DDR4_RD_10TO19_J','1500.3','D012002',1,'T','KR3066027A0000000000001000A16006','WI06N0985I-02A','5400','MAIPS20070ST4RFA1B-001','DDR4-DIMM-RD-0TO10-J1','CONFIRM_False','KR3066027A0000000000001000A16005',1,'WI06N0996I','00:04:08','00:05:15','2021-03-23 00:47:45'),('20210512',15,16,'D004001','D005013','KR3066027A0000000000001000A16007','DDR4_RD_10TO19_J','1460.32','D012002',2,'R','KR3066027A0000000000001000A16007','WI06N0985I-02A','5400','MAIPS20070ST4RFA1B-001','DDR4-DIMM-RD-0TO10-J1','CONFIRM_False','KR3066027A0000000000001000A16006',1,'WI06N0992I','00:05:10','00:05:10','2021-03-23 00:50:55'),('20210512',16,16,'D004002','D005001','KR3066027A0000000000001000A16008','DDR4_RD_10TO19_J','1460.32','D012004',1,'R','KR3066027A0000000000001000A16008','WI06N0985I-02A','5400','MAIPS20070ST4RFA1B-001','DDR4-DIMM-RD-0TO10-J1','CONFIRM_False','KR3066027A0000000000001000A16007',1,'WI06N0992I','00:05:13','00:05:13','2021-03-23 00:53:10'),('20210512',17,2,'D004001','D005009','KR3066027A0000000000001000A00001','DDR4_RD_10TO18_J','1400.45','D012004',1,'T','KR3066027A0000000000001000A00002','WI06N0985I-01A','5200','MAIPS20070ST4RFA1B-001','DDR4-DIMM-RD-0TO10-J1','CONFIRM_Frue','KR3066027A0000000000001000A00000',1,'WI06N0985I','00:05:08','00:05:15','2021-03-23 00:13:14'),('20210512',18,2,'D004001','D005009','KR3066027A0000000000001000A00001','DDR4_RD_10TO18_J','1400.45','D012004',1,'T','KR3066027A0000000000001000A00003','WI06N0985I-01A','5200','MAIPS20070ST4RFA1B-001','DDR4-DIMM-RD-0TO10-J1','CONFIRM_Frue','KR3066027A0000000000001000A00000',1,'WI06N0985I','00:05:08','00:05:15','2021-03-23 00:13:14'),('20210512',19,2,'D004001','D005009','KR3066027A0000000000001000A00001','DDR4_RD_10TO18_J','1400.45','D012004',1,'T','KR3066027A0000000000001000A00004','WI06N0985I-01A','5200','MAIPS20070ST4RFA1B-001','DDR4-DIMM-RD-0TO10-J1','CONFIRM_Frue','KR3066027A0000000000001000A00000',1,'WI06N0985I','00:05:08','00:05:15','2021-03-23 00:13:14');
/*!40000 ALTER TABLE `OWP_REFLOW_OUTPUT` ENABLE KEYS */;
UNLOCK TABLES;

--
-- Table structure for table `OWP_REFLOW_OUTPUT_LOG`
--

DROP TABLE IF EXISTS `OWP_REFLOW_OUTPUT_LOG`;
/*!40101 SET @saved_cs_client     = @@character_set_client */;
/*!40101 SET character_set_client = utf8 */;
CREATE TABLE `OWP_REFLOW_OUTPUT_LOG` (
  `REFLOW_SEQ` bigint(11) unsigned NOT NULL AUTO_INCREMENT,
  `EQUIPSEQ` bigint(11) NOT NULL COMMENT 'MOI EdgePC에서 프로그램실행시 \r\n설비SEQ값을 구해온다.\r\n"When running the program from the MOI EdgePC, the equipment SEQ value is brought.\nSearch by fixed value for each equipment."',
  `PCB_ID` varchar(100) NOT NULL,
  `CURRENT_RECIPE_ID` varchar(100) NOT NULL,
  `RAIL_WIDTH` varchar(20) NOT NULL,
  `CONTROL_STATUS` char(7) NOT NULL COMMENT 'GroupID=D012000',
  `LANE_NO` int(4) NOT NULL,
  `CONFIRM_FLAG2` char(1) NOT NULL,
  `PCB_ID2` varchar(100) NOT NULL,
  `LOT_ID2` varchar(100) NOT NULL,
  `OPER_ID2` varchar(100) NOT NULL,
  `PROD_ID2` varchar(100) NOT NULL,
  `RECIPE_NAME2` varchar(500) NOT NULL,
  `CONFIRM_MSG2` varchar(500) NOT NULL,
  `PCB_ID3` varchar(100) NOT NULL,
  `LANE_NO3` int(4) NOT NULL,
  `LOT_ID3` varchar(100) NOT NULL,
  `TACT_TIME3` varchar(100) NOT NULL,
  `CYCLE_TIME3` varchar(100) NOT NULL,
  `WDATE` timestamp NULL DEFAULT NULL COMMENT 'Write Date',
  PRIMARY KEY (`REFLOW_SEQ`) USING BTREE
) ENGINE=InnoDB AUTO_INCREMENT=18 DEFAULT CHARSET=utf8 ROW_FORMAT=DYNAMIC;
/*!40101 SET character_set_client = @saved_cs_client */;

--
-- Dumping data for table `OWP_REFLOW_OUTPUT_LOG`
--

LOCK TABLES `OWP_REFLOW_OUTPUT_LOG` WRITE;
/*!40000 ALTER TABLE `OWP_REFLOW_OUTPUT_LOG` DISABLE KEYS */;
INSERT INTO `OWP_REFLOW_OUTPUT_LOG` VALUES (1,1,'KR3066027A0000000000001000A00000','DDR4_RD_10TO18_J','1400.45','D012002',1,'T','KR3066027A0000000000001000A00000','WI06N0985I-01A','5200','HMAG84CXNRX085N-1C101','DDR4-DIMM-RD-0TO10-J1','CONFIRM_F_COMMENT','KR3066027A0000000000001000A00010',1,'WI06N0985I','00:05:04','00:05:04','2021-03-23 00:11:14'),(2,1,'KR3066027A0000000000001000A00001','DDR4_RD_10TO18_J','1400.45','D012004',1,'T','KR3066027A0000000000001000A00001','WI06N0985I-01A','5200','HMAG84CXNRX085N-1C101','DDR4-DIMM-RD-0TO10-J1','CONFIRM_Frue','KR3066027A0000000000001000A00000',1,'WI06N0985I','00:05:08','00:05:15','2021-03-23 00:13:14'),(3,1,'KR3066027A0000000000001000A00002','DDR4_RD_10TO18_J','1450.45','D012003',2,'T','KR3066027A0000000000001000A00002','WI06N0985I-01A','5300','HMAG84CXNRX085N-1C101','DDR4-DIMM-RD-0TO10-J1','CONFIRM_Frue','KR3066027A0000000000001000A00001',1,'WI06N0986I','00:05:15','00:05:15','2021-03-23 00:15:30'),(4,1,'KR3066027A0000000000001000A00003','DDR4_RD_10TO18_J','1500.3','D012002',1,'R','KR3066027A0000000000001000A00003','WI06N0985I-01A','5400','HMAG84CXNRX085N-1C101','DDR4-DIMM-RD-0TO10-J1','CONFIRM_Frue','KR3066027A0000000000001000A00002',1,'WI06N0996I','00:06:04','00:06:04','2021-03-23 00:19:24'),(5,1,'KR3066027A0000000000001000A00004','DDR4_RD_10TO18_J','1500.3','D012002',2,'R','KR3066027A0000000000001000A00004','WI06N0985I-01A','5400','HMAG84CXNRX085N-1C101','DDR4-DIMM-RD-0TO10-J1','CONFIRM_Frue','KR3066027A0000000000001000A00003',1,'WI06N0996I','00:05:13','00:05:08','2021-03-23 00:21:18'),(6,1,'KR3066027A0000000000001000A00005','DDR4_RD_10TO18_J','1500.3','D012004',1,'T','KR3066027A0000000000001000A00005','WI06N0985I-01A','5400','HMAG84CXNRX085N-1C101','DDR4-DIMM-RD-0TO10-J1','CONFIRM_False','KR3066027A0000000000001000A00004',1,'WI06N0996I','00:06:04','00:05:15','2021-03-23 00:23:10'),(7,1,'KR3066027A0000000000001000A00006','DDR4_RD_10TO18_J','1460.32','D012003',1,'R','KR3066027A0000000000001000A00006','WI06N0985I-01A','5400','HMAG84CXNRX085N-1C101','DDR4-DIMM-RD-0TO10-J1','CONFIRM_False','KR3066027A0000000000001000A00005',1,'WI06N0992I','00:05:09','00:05:09','2021-03-23 00:25:01'),(8,1,'KR3066027A0000000000001000A00007','DDR4_RD_10TO18_J','1460.32','D012002',2,'R','KR3066027A0000000000001000A00007','WI06N0985I-01A','5400','HMAG84CXNRX085N-1C101','DDR4-DIMM-RD-0TO10-J1','CONFIRM_False','KR3066027A0000000000001000A00006',1,'WI06N0992I','00:03:11','00:03:11','2021-03-23 00:27:19'),(9,16,'KR3066027A0000000000001000A16001','DDR4_RD_10TO19_J','1400.45','D012004',1,'T','KR3066027A0000000000001000A16001','WI06N0985I-02A','5200','HMAG84CXNRX085N-1C101','DDR4-DIMM-RD-0TO10-J1','CONFIRM_F_COMMENT','KR3066027A0000000000001000A00007',1,'WI06N0985I','00:03:04','00:05:09','2021-03-23 00:31:14'),(10,16,'KR3066027A0000000000001000A16002','DDR4_RD_10TO19_J','1400.45','D012004',2,'T','KR3066027A0000000000001000A16002','WI06N0985I-02A','5200','HMAG84CXNRX085N-1C101','DDR4-DIMM-RD-0TO10-J1','CONFIRM_Frue','KR3066027A0000000000001000A16001',1,'WI06N0985I','00:04:08','00:04:08','2021-03-23 00:33:11'),(11,16,'KR3066027A0000000000001000A16003','DDR4_RD_10TO19_J','1450.45','D012004',1,'T','KR3066027A0000000000001000A16003','WI06N0985I-02A','5300','HMAG84CXNRX085N-1C101','DDR4-DIMM-RD-0TO10-J1','CONFIRM_Frue','KR3066027A0000000000001000A16002',1,'WI06N0986I','00:04:17','00:04:17','2021-03-23 00:35:18'),(12,16,'KR3066027A0000000000001000A16004','DDR4_RD_10TO19_J','1500.3','D012003',1,'R','KR3066027A0000000000001000A16004','WI06N0985I-02A','5400','HMAG84CXNRX085N-1C101','DDR4-DIMM-RD-0TO10-J1','CONFIRM_Frue','KR3066027A0000000000001000A16003',1,'WI06N0996I','00:05:04','00:04:08','2021-03-23 00:39:24'),(13,16,'KR3066027A0000000000001000A16005','DDR4_RD_10TO19_J','1500.3','D012003',2,'R','KR3066027A0000000000001000A16005','WI06N0985I-02A','5400','HMAG84CXNRX085N-1C101','DDR4-DIMM-RD-0TO10-J1','CONFIRM_Frue','KR3066027A0000000000001000A16004',1,'WI06N0996I','00:05:15','00:05:06','2021-03-23 00:45:40'),(14,16,'KR3066027A0000000000001000A16006','DDR4_RD_10TO19_J','1500.3','D012002',1,'T','KR3066027A0000000000001000A16006','WI06N0985I-02A','5400','HMAG84CXNRX085N-1C101','DDR4-DIMM-RD-0TO10-J1','CONFIRM_False','KR3066027A0000000000001000A16005',1,'WI06N0996I','00:04:08','00:05:15','2021-03-23 00:47:45'),(15,16,'KR3066027A0000000000001000A16007','DDR4_RD_10TO19_J','1460.32','D012002',2,'R','KR3066027A0000000000001000A16007','WI06N0985I-02A','5400','HMAG84CXNRX085N-1C101','DDR4-DIMM-RD-0TO10-J1','CONFIRM_False','KR3066027A0000000000001000A16006',1,'WI06N0992I','00:05:10','00:05:10','2021-03-23 00:50:55'),(16,16,'KR3066027A0000000000001000A16008','DDR4_RD_10TO19_J','1460.32','D012004',1,'R','KR3066027A0000000000001000A16008','WI06N0985I-02A','5400','HMAG84CXNRX085N-1C101','DDR4-DIMM-RD-0TO10-J1','CONFIRM_False','KR3066027A0000000000001000A16007',1,'WI06N0992I','00:05:13','00:05:13','2021-03-23 00:53:10'),(17,1,'KR3066027A0000000000001000A00000','DDR4_RD_10TO18_J','1400.45','1',1,'T','KR3066027A0000000000001000A00000','WI06N0985I-01A','5200','HMAG84CXNRX085N-1C101','DDR4-DIMM-RD-0TO10-J1','CONFIRM_F_COMMENT','KR3066027A0000000000001000A00010',1,'WI06N0985I','00:05:04','00:05:04','2021-05-18 04:27:37');
/*!40000 ALTER TABLE `OWP_REFLOW_OUTPUT_LOG` ENABLE KEYS */;
UNLOCK TABLES;

--
-- Table structure for table `OWP_SPI_OUTPUT`
--

DROP TABLE IF EXISTS `OWP_SPI_OUTPUT`;
/*!40101 SET @saved_cs_client     = @@character_set_client */;
/*!40101 SET character_set_client = utf8 */;
CREATE TABLE `OWP_SPI_OUTPUT` (
  `OUTPUT_DATE` char(8) NOT NULL,
  `OUTPUT_DATESEQ` bigint(11) unsigned NOT NULL AUTO_INCREMENT,
  `EQUIPSEQ` bigint(11) NOT NULL COMMENT '"When running the program from the MOI EdgePC, the equipment SEQ value is brought.\nSearch by fixed value for each equipment."',
  `EQP_ID` char(7) NOT NULL COMMENT 'CM01, CM02\r\n---\r\nGroupID=D004000',
  `EQP_TYPE` char(10) NOT NULL COMMENT 'PRINT, SPI,~\r\n---\r\nGroupID=D005000',
  `PCB_ID` varchar(100) NOT NULL COMMENT 'UNIT_ID is separated by "," and registered',
  `PCB_UNIT_ID` varchar(500) NOT NULL,
  `CURRENT_RECIPE_ID` varchar(100) NOT NULL,
  `RAIL_WIDTH` varchar(20) NOT NULL,
  `CONTROL_STATUS` char(7) NOT NULL COMMENT 'GroupID=D012000',
  `CONFIRM_FLAG2` char(1) NOT NULL,
  `PCB_ID2` varchar(100) NOT NULL,
  `LOT_ID2` varchar(100) NOT NULL,
  `RECIPE_NAME2` varchar(500) NOT NULL,
  `PROD_ID2` varchar(100) NOT NULL,
  `STENCIL_ID2` varchar(100) NOT NULL,
  `OPER_ID2` varchar(100) NOT NULL,
  `CONFIRM_MSG2` varchar(500) NOT NULL,
  `PCB_ID3` varchar(100) NOT NULL,
  `ORIGINLOCATION3` int(4) NOT NULL,
  `ROWS3` int(4) NOT NULL,
  `COLUMNS3` int(4) NOT NULL,
  `LOT_ID3` varchar(100) NOT NULL,
  `PCB_RESULT_1_3` varchar(20) NOT NULL,
  `PCB_RESULT_2_3` varchar(20) NOT NULL,
  `TEMPERATURE3` varchar(20) NOT NULL,
  `HUMIDITY3` varchar(20) NOT NULL,
  `CYCLE_TIME3` varchar(20) NOT NULL,
  `INSPECTION_TIME3` varchar(20) NOT NULL,
  `PCB_UNIT_ID3` varchar(500) NOT NULL COMMENT 'UNIT_ID is separated by "," and registered',
  `CELL_STATUS3` varchar(100) NOT NULL,
  `APC_FILE_NAME3` varchar(100) NOT NULL,
  `CELL_GRADE3` varchar(100) NOT NULL COMMENT 'The GRADE for PCB_UNIT_ID3 is separated by "," and registered.',
  `WDATE` timestamp NULL DEFAULT NULL COMMENT 'Write Date',
  PRIMARY KEY (`OUTPUT_DATESEQ`) USING BTREE,
  KEY `OUTPUT_DATE` (`OUTPUT_DATE`,`OUTPUT_DATESEQ`) USING BTREE
) ENGINE=InnoDB AUTO_INCREMENT=21 DEFAULT CHARSET=utf8 ROW_FORMAT=DYNAMIC;
/*!40101 SET character_set_client = @saved_cs_client */;

--
-- Dumping data for table `OWP_SPI_OUTPUT`
--

LOCK TABLES `OWP_SPI_OUTPUT` WRITE;
/*!40000 ALTER TABLE `OWP_SPI_OUTPUT` DISABLE KEYS */;
INSERT INTO `OWP_SPI_OUTPUT` VALUES ('20210512',1,1,'D004001','D005001','KR3066027A0000000000001000A00000','001','R3060622F','1400.45','D012002','T','KR3066027A0000000000001000A00000','WI06N0985I','R3060622F','HMAG84CXNRX085N-1C101','MAIPS20070ST4RFA1B-001','5200','CONFIRM_F_COMMENT','KR3066027A0000000000001000A00010',1,1,1,'WI06N0985I','GOOD','GOOD','25.0000','35.0000','00:00:04','00:01:15','AR3077801AMP20090039190034B10000,AR3077801AMP20090039190034B20000,AR3077801AMP20090039190034B30000','111','No APC File','0','2021-03-23 00:11:14'),('20210512',2,1,'D004001','D005009','KR3066027A0000000000001000A00001','001','R3060622F','1400.45','D012004','T','KR3066027A0000000000001000A00001','WI06N0985I','R3060622F','HMAG84CXNRX085N-1C101','MAIPS20070ST4RFA1B-001','5200','CONFIRM_Frue','KR3066027A0000000000001000A00001',1,1,2,'WI06N0985I','NG','GOOD','25.0012','35.0120','00:00:08','00:01:05','AR3077801AMP20090039190034B10000,AR3077801AMP20090039190034B20000,AR3077801AMP20090039190034B30000','222','No APC File','1234','2021-03-23 00:13:14'),('20210512',3,1,'D004001','D005006','KR3066027A0000000000001000A00002','001','R3060622F','1450.45','D012003','T','KR3066027A0000000000001000A00002','WI06N0986I','R3060622F','HMAG84CXNRX085N-1C101','MAIPS20070ST4RFA1B-001','5300','CONFIRM_Frue','KR3066027A0000000000001000A00001',2,1,3,'WI06N0986I','GOOD','GOOD','25.0056','35.0134','00:00:15','00:02:03','AR3077801AMP20090039190034B10000,AR3077801AMP20090039190034B20000,AR3077801AMP20090039190034B30000','222','No APC File','0','2021-03-23 00:15:30'),('20210512',4,1,'D004001','D005006','KR3066027A0000000000001000A00003','001','R3060622F','1500.30','D012002','R','KR3066027A0000000000001000A00003','WI06N0996I','R3060622F','HMAG84CXNRX085N-1C101','MAIPS20070ST4RFA1B-001','5400','CONFIRM_Frue','KR3066027A0000000000001000A00002',2,1,4,'WI06N0996I','GOOD','GOOD','26.1156','36.2134','00:00:04','00:03:21','AR3077801AMP20090039190034B10000,AR3077801AMP20090039190034B20000,AR3077801AMP20090039190034B30000','333','No APC File','0','2021-03-23 00:19:24'),('20210512',5,1,'D004001','D005007','KR3066027A0000000000001000A00004','001','R3060622F','1500.30','D012002','R','KR3066027A0000000000001000A00009','WI06N0996I','R3060622F','HMAG84CXNRX085N-1C101','MAIPS20070ST4RFA1B-001','5400','CONFIRM_Frue','KR3066027A0000000000001000A00003',3,2,5,'WI06N0996I','NG','GOOD','26.3156','35.0135','00:00:04','00:01:06','AR3077801AMP20090039190034B10000,AR3077801AMP20090039190034B20000,AR3077801AMP20090039190034B30000','111','No APC File','1','2021-03-23 00:21:18'),('20210512',6,1,'D004001','D005012','KR3066027A0000000000001000A00005','001','R3060622F','1500.30','D012004','T','KR3066027A0000000000001000A00005','WI06N0996I','R3060622F','HMAG84CXNRX085N-1C101','MAIPS20070ST4RFA1B-001','5400','CONFIRM_False','KR3066027A0000000000001000A00004',3,2,6,'WI06N0996I','GOOD','GOOD','26.5156','36.2135','00:00:15','00:02:04','AR3077801AMP20090039190034B10000,AR3077801AMP20090039190034B20000,AR3077801AMP20090039190034B30000','222','No APC File','2','2021-03-23 00:23:10'),('20210512',7,1,'D004001','D005002','KR3066027A0000000000001000A00006','001','R3060622F','1460.32','D012003','R','KR3066027A0000000000001000A00006','WI06N0992I','R3060622F','HMAG84CXNRX085N-1C101','MAIPS20070ST4RFA1B-001','5400','CONFIRM_False','KR3066027A0000000000001000A00005',4,2,7,'WI06N0992I','GOOD','GOOD','26.7156','35.0136','00:00:09','00:03:22','AR3077801AMP20090039190034B10000,AR3077801AMP20090039190034B20000,AR3077801AMP20090039190034B30000','111','No APC File','3','2021-03-23 00:25:01'),('20210512',8,1,'D004001','D005005','KR3066027A0000000000001000A00007','001','R3060622F','1460.32','D012002','R','KR3066027A0000000000001000A00007','WI06N0992I','R3060622F','HMAG84CXNRX085N-1C101','MAIPS20070ST4RFA1B-001','5400','CONFIRM_False','KR3066027A0000000000001000A00007',4,2,8,'WI06N0992I','NG','NG','26.9156','36.2136','00:00:11','00:01:07','AR3077801AMP20090039190034B10000,AR3077801AMP20090039190034B20000,AR3077801AMP20090039190034B30000','111','No APC File','1023','2021-03-23 00:27:19'),('20210512',9,16,'D004001','D005005','KR3066027A0000000000001000A16001','002','R3060622G','1400.45','D012004','T','KR3066027A0000000000001000A16001','WI06N0985I','R3060622G','HMAG84CXNRX085N-1C101','MAIPS20070ST4RFA1B-002','5200','CONFIRM_F_COMMENT','KR3066027A0000000000001000A00007',2,1,1,'WI06N0985I','GOOD','GOOD','26.11156','35.0137','00:00:04','00:02:05','AR3077801AMP20090039190034B10000,AR3077801AMP20090039190034B20000,AR3077801AMP20090039190034B30000','222','No APC File','0','2021-03-23 00:31:14'),('20210512',10,16,'D004001','D005005','KR3066027A0000000000001000A16002','002','R3060622G','1400.45','D012004','T','KR3066027A0000000000001000A16002','WI06N0985I','R3060622G','HMAG84CXNRX085N-1C101','MAIPS20070ST4RFA1B-002','5200','CONFIRM_Frue','KR3066027A0000000000001000A16001',2,1,2,'WI06N0985I','GOOD','GOOD','26.13156','36.2137','00:00:08','00:03:23','AR3077801AMP20090039190034B10000,AR3077801AMP20090039190034B20000,AR3077801AMP20090039190034B30000','222','No APC File','0','2021-03-23 00:33:11'),('20210512',11,16,'D004001','D005005','KR3066027A0000000000001000A16003','002','R3060622G','1450.45','D012004','T','KR3066027A0000000000001000A16003','WI06N0986I','R3060622G','HMAG84CXNRX085N-1C101','MAIPS20070ST4RFA1B-002','5300','CONFIRM_Frue','KR3066027A0000000000001000A16002',3,1,4,'WI06N0986I','GOOD','GOOD','26.15156','35.0138','00:00:17','00:01:08','AR3077801AMP20090039190034B10000,AR3077801AMP20090039190034B20000,AR3077801AMP20090039190034B30000','222','No APC File','0','2021-03-23 00:35:18'),('20210512',12,16,'D004001','D005005','KR3066027A0000000000001000A16004','002','R3060622G','1500.30','D012003','R','KR3066027A0000000000001000A16004','WI06N0996I','R3060622G','HMAG84CXNRX085N-1C101','MAIPS20070ST4RFA1B-002','5400','CONFIRM_Frue','KR3066027A0000000000001000A16003',3,2,5,'WI06N0996I','NG','GOOD','26.17156','36.2138','00:00:04','00:02:06','AR3077801AMP20090039190034B10000,AR3077801AMP20090039190034B20000,AR3077801AMP20090039190034B30000','222','No APC File','0','2021-03-23 00:39:24'),('20210512',13,16,'D004001','D005005','KR3066027A0000000000001000A16005','002','R3060622G','1500.30','D012003','R','KR3066027A0000000000001000A16005','WI06N0996I','R3060622G','HMAG84CXNRX085N-1C101','MAIPS20070ST4RFA1B-002','5400','CONFIRM_Frue','KR3066027A0000000000001000A16004',4,2,6,'WI06N0996I','NG','GOOD','26.19156','35.0139','00:00:06','00:03:24','AR3077801AMP20090039190034B10000,AR3077801AMP20090039190034B20000,AR3077801AMP20090039190034B30000','333','No APC File','2','2021-03-23 00:45:40'),('20210512',14,16,'D004001','D005004','KR3066027A0000000000001000A16006','002','R3060622G','1500.30','D012002','T','KR3066027A0000000000001000A16006','WI06N0996I','R3060622G','HMAG84CXNRX085N-1C101','MAIPS20070ST4RFA1B-002','5400','CONFIRM_False','KR3066027A0000000000001000A16005',5,2,7,'WI06N0996I','NG','NG','26.21156','36.2139','00:00:15','00:01:09','AR3077801AMP20090039190034B10000,AR3077801AMP20090039190034B20000,AR3077801AMP20090039190034B30000','333','No APC File','3','2021-03-23 00:47:45'),('20210512',15,16,'D004001','D005013','KR3066027A0000000000001000A16007','002','R3060622G','1460.32','D012002','R','KR3066027A0000000000001000A16007','WI06N0992I','R3060622G','HMAG84CXNRX085N-1C101','MAIPS20070ST4RFA1B-002','5400','CONFIRM_False','KR3066027A0000000000001000A16006',1,1,8,'WI06N0992I','NG','NG','26.23156','35.0140','00:00:10','00:02:07','AR3077801AMP20090039190034B10000,AR3077801AMP20090039190034B20000,AR3077801AMP20090039190034B30000','111','No APC File','1','2021-03-23 00:50:55'),('20210512',16,16,'D004002','D005001','KR3066027A0000000000001000A16008','002','R3060622G','1460.32','D012004','R','KR3066027A0000000000001000A16008','WI06N0992I','R3060622G','HMAG84CXNRX085N-1C101','MAIPS20070ST4RFA1B-002','5400','CONFIRM_False','KR3066027A0000000000001000A16007',1,1,9,'WI06N0992I','NG','GOOD','26.25156','36.2140','00:00:13','00:03:25','AR3077801AMP20090039190034B10000,AR3077801AMP20090039190034B20000,AR3077801AMP20090039190034B30000','111','No APC File','1','2021-03-23 00:53:10'),('20210512',17,1,'D004001','D005006','KR3066027A0000000000001000A00003','001','R3060622F','1500.30','D012002','R','KR3066027A0000000000001000A00003','WI06N0996I','R3060622F','HMAG84CXNRX085N-1C101','MAIPS20070ST4RFA1B-001','5400','CONFIRM_Frue','KR3066027A0000000000001000A00004',2,1,4,'WI06N0996I','GOOD','GOOD','26.1156','36.2134','00:00:04','00:03:21','AR3077801AMP20090039190034B10000,AR3077801AMP20090039190034B20000,AR3077801AMP20090039190034B30000','333','No APC File','1023','2021-03-23 00:19:24'),('20210512',18,16,'D004001','D005004','KR3066027A0000000000001000A16006','002','R3060622G','1500.30','D012002','T','KR3066027A0000000000001000A16006','WI06N0996I','R3060622G','HMAG84CXNRX085N-1C101','MAIPS20070ST4RFA1B-002','5400','CONFIRM_False','KR3066027A0000000000001000A16005',5,2,7,'WI06N0996I','NG','NG','26.21156','36.2139','00:00:15','00:01:09','AR3077801AMP20090039190034B10000,AR3077801AMP20090039190034B20000,AR3077801AMP20090039190034B30000','333','No APC File','3','2021-03-23 00:47:45'),('20210512',19,16,'D004001','D005004','KR3066027A0000000000001000A16006','002','R3060622G','1500.30','D012002','T','KR3066027A0000000000001000A00009','WI06N0996I','R3060622G','HMAG84CXNRX085N-1C101','MAIPS20070ST4RFA1B-002','5400','CONFIRM_False','KR3066027A0000000000001000A00009',5,2,7,'WI06N0996I','NG','NG','26.21156','36.2139','00:00:15','00:01:09','AR3077801AMP20090039190034B10000,AR3077801AMP20090039190034B20000,AR3077801AMP20090039190034B30000','333','No APC File','123123123123123','2021-03-23 00:47:45'),('20210512',20,16,'D004001','D005004','KR3066027A0000000000001000A16006','002','R3060622G','1500.30','D012002','T','KR3066027A0000000000001000A16007','WI06N0996I','R3060622G','HMAG84CXNRX085N-1C101','MAIPS20070ST4SFA1B-002','5400','CONFIRM_False','KR3066027A0000000000001000A00010',5,2,7,'WI06N0996I','NG','NG','26.21156','36.2139','00:00:15','00:01:09','AR3077801AMP20090039190034B10000,AR3077801AMP20090039190034B20000,AR3077801AMP20090039190034B30000','333','No APC File','01230123012301','2021-03-23 00:47:45');
/*!40000 ALTER TABLE `OWP_SPI_OUTPUT` ENABLE KEYS */;
UNLOCK TABLES;

--
-- Table structure for table `OWP_SPI_OUTPUT_LOG`
--

DROP TABLE IF EXISTS `OWP_SPI_OUTPUT_LOG`;
/*!40101 SET @saved_cs_client     = @@character_set_client */;
/*!40101 SET character_set_client = utf8 */;
CREATE TABLE `OWP_SPI_OUTPUT_LOG` (
  `SPI_SEQ` bigint(11) unsigned NOT NULL AUTO_INCREMENT,
  `EQUIPSEQ` bigint(11) NOT NULL COMMENT '"When running the program from the MOI EdgePC, the equipment SEQ value is brought.\nSearch by fixed value for each equipment."',
  `PCB_ID` varchar(100) NOT NULL COMMENT 'UNIT_ID is separated by "," and registered',
  `PCB_UNIT_ID` varchar(500) NOT NULL,
  `CURRENT_RECIPE_ID` varchar(100) NOT NULL,
  `RAIL_WIDTH` varchar(20) NOT NULL,
  `CONTROL_STATUS` char(7) NOT NULL COMMENT 'GroupID=D012000',
  `CONFIRM_FLAG2` char(1) NOT NULL,
  `PCB_ID2` varchar(100) NOT NULL,
  `LOT_ID2` varchar(100) NOT NULL,
  `RECIPE_NAME2` varchar(500) NOT NULL,
  `PROD_ID2` varchar(100) NOT NULL,
  `STENCIL_ID2` varchar(100) NOT NULL,
  `OPER_ID2` varchar(100) NOT NULL,
  `CONFIRM_MSG2` varchar(500) NOT NULL,
  `PCB_ID3` varchar(100) NOT NULL,
  `ORIGINLOCATION3` int(4) NOT NULL,
  `ROWS3` int(4) NOT NULL,
  `COLUMNS3` int(4) NOT NULL,
  `LOT_ID3` varchar(100) NOT NULL,
  `PCB_RESULT_1_3` varchar(20) NOT NULL,
  `PCB_RESULT_2_3` varchar(20) NOT NULL,
  `TEMPERATURE3` varchar(20) NOT NULL,
  `HUMIDITY3` varchar(20) NOT NULL,
  `CYCLE_TIME3` varchar(20) NOT NULL,
  `INSPECTION_TIME3` varchar(20) NOT NULL,
  `PCB_UNIT_ID3` varchar(500) NOT NULL COMMENT 'UNIT_ID is separated by "," and registered',
  `CELL_STATUS3` varchar(100) NOT NULL,
  `APC_FILE_NAME3` varchar(100) NOT NULL,
  `CELL_GRADE3` varchar(100) NOT NULL COMMENT 'The GRADE for PCB_UNIT_ID3 is separated by "," and registered.',
  `WDATE` timestamp NULL DEFAULT NULL COMMENT 'Write Date',
  PRIMARY KEY (`SPI_SEQ`) USING BTREE,
  KEY `OUTPUT_DATE` (`SPI_SEQ`) USING BTREE
) ENGINE=InnoDB AUTO_INCREMENT=19 DEFAULT CHARSET=utf8 ROW_FORMAT=DYNAMIC;
/*!40101 SET character_set_client = @saved_cs_client */;

--
-- Dumping data for table `OWP_SPI_OUTPUT_LOG`
--

LOCK TABLES `OWP_SPI_OUTPUT_LOG` WRITE;
/*!40000 ALTER TABLE `OWP_SPI_OUTPUT_LOG` DISABLE KEYS */;
INSERT INTO `OWP_SPI_OUTPUT_LOG` VALUES (1,1,'KR3066027A0000000000001000A00000','001','R3060622F','1400.45','D012002','T','KR3066027A0000000000001000A00000','WI06N0985I','R3060622F','HMAG84CXNRX085N-1C101','MAIPS20070ST4RFA1B-001','5200','CONFIRM_F_COMMENT','KR3066027A0000000000001000A00010',1,1,1,'WI06N0985I','GOOD','GOOD','25.0000','35.0000','00:00:04','00:01:15','AR3077801AMP20090039190034B10000,AR3077801AMP20090039190034B20000,AR3077801AMP20090039190034B30000','111','No APC File','0','2021-03-23 00:11:14'),(2,1,'KR3066027A0000000000001000A00001','001','R3060622F','1400.45','D012004','T','KR3066027A0000000000001000A00001','WI06N0985I','R3060622F','HMAG84CXNRX085N-1C101','MAIPS20070ST4RFA1B-001','5200','CONFIRM_Frue','KR3066027A0000000000001000A00000',1,1,2,'WI06N0985I','NG','GOOD','25.0012','35.0120','00:00:08','00:01:05','AR3077801AMP20090039190034B10000,AR3077801AMP20090039190034B20000,AR3077801AMP20090039190034B30000','222','No APC File','0','2021-03-23 00:13:14'),(3,1,'KR3066027A0000000000001000A00002','001','R3060622F','1450.45','D012003','T','KR3066027A0000000000001000A00002','WI06N0986I','R3060622F','HMAG84CXNRX085N-1C101','MAIPS20070ST4RFA1B-001','5300','CONFIRM_Frue','KR3066027A0000000000001000A00001',2,1,3,'WI06N0986I','GOOD','GOOD','25.0056','35.0134','00:00:15','00:02:03','AR3077801AMP20090039190034B10000,AR3077801AMP20090039190034B20000,AR3077801AMP20090039190034B30000','222','No APC File','0','2021-03-23 00:15:30'),(4,1,'KR3066027A0000000000001000A00003','001','R3060622F','1500.30','D012002','R','KR3066027A0000000000001000A00003','WI06N0996I','R3060622F','HMAG84CXNRX085N-1C101','MAIPS20070ST4RFA1B-001','5400','CONFIRM_Frue','KR3066027A0000000000001000A00002',2,1,4,'WI06N0996I','GOOD','GOOD','26.1156','36.2134','00:00:04','00:03:21','AR3077801AMP20090039190034B10000,AR3077801AMP20090039190034B20000,AR3077801AMP20090039190034B30000','333','No APC File','0','2021-03-23 00:19:24'),(5,1,'KR3066027A0000000000001000A00004','001','R3060622F','1500.30','D012002','R','KR3066027A0000000000001000A00004','WI06N0996I','R3060622F','HMAG84CXNRX085N-1C101','MAIPS20070ST4RFA1B-001','5400','CONFIRM_Frue','KR3066027A0000000000001000A00003',3,2,5,'WI06N0996I','NG','GOOD','26.3156','35.0135','00:00:04','00:01:06','AR3077801AMP20090039190034B10000,AR3077801AMP20090039190034B20000,AR3077801AMP20090039190034B30000','111','No APC File','1','2021-03-23 00:21:18'),(6,1,'KR3066027A0000000000001000A00005','001','R3060622F','1500.30','D012004','T','KR3066027A0000000000001000A00005','WI06N0996I','R3060622F','HMAG84CXNRX085N-1C101','MAIPS20070ST4RFA1B-001','5400','CONFIRM_False','KR3066027A0000000000001000A00004',3,2,6,'WI06N0996I','GOOD','GOOD','26.5156','36.2135','00:00:15','00:02:04','AR3077801AMP20090039190034B10000,AR3077801AMP20090039190034B20000,AR3077801AMP20090039190034B30000','222','No APC File','2','2021-03-23 00:23:10'),(7,1,'KR3066027A0000000000001000A00006','001','R3060622F','1460.32','D012003','R','KR3066027A0000000000001000A00006','WI06N0992I','R3060622F','HMAG84CXNRX085N-1C101','MAIPS20070ST4RFA1B-001','5400','CONFIRM_False','KR3066027A0000000000001000A00005',4,2,7,'WI06N0992I','GOOD','GOOD','26.7156','35.0136','00:00:09','00:03:22','AR3077801AMP20090039190034B10000,AR3077801AMP20090039190034B20000,AR3077801AMP20090039190034B30000','111','No APC File','3','2021-03-23 00:25:01'),(8,1,'KR3066027A0000000000001000A00007','001','R3060622F','1460.32','D012002','R','KR3066027A0000000000001000A00007','WI06N0992I','R3060622F','HMAG84CXNRX085N-1C101','MAIPS20070ST4RFA1B-001','5400','CONFIRM_False','KR3066027A0000000000001000A00006',4,2,8,'WI06N0992I','NG','NG','26.9156','36.2136','00:00:11','00:01:07','AR3077801AMP20090039190034B10000,AR3077801AMP20090039190034B20000,AR3077801AMP20090039190034B30000','111','No APC File','0','2021-03-23 00:27:19'),(9,16,'KR3066027A0000000000001000A16001','002','R3060622G','1400.45','D012004','T','KR3066027A0000000000001000A16001','WI06N0985I','R3060622G','HMAG84CXNRX085N-1C101','MAIPS20070ST4RFA1B-002','5200','CONFIRM_F_COMMENT','KR3066027A0000000000001000A00007',2,1,1,'WI06N0985I','GOOD','GOOD','26.11156','35.0137','00:00:04','00:02:05','AR3077801AMP20090039190034B10000,AR3077801AMP20090039190034B20000,AR3077801AMP20090039190034B30000','222','No APC File','0','2021-03-23 00:31:14'),(10,16,'KR3066027A0000000000001000A16002','002','R3060622G','1400.45','D012004','T','KR3066027A0000000000001000A16002','WI06N0985I','R3060622G','HMAG84CXNRX085N-1C101','MAIPS20070ST4RFA1B-002','5200','CONFIRM_Frue','KR3066027A0000000000001000A16001',2,1,2,'WI06N0985I','GOOD','GOOD','26.13156','36.2137','00:00:08','00:03:23','AR3077801AMP20090039190034B10000,AR3077801AMP20090039190034B20000,AR3077801AMP20090039190034B30000','222','No APC File','0','2021-03-23 00:33:11'),(11,16,'KR3066027A0000000000001000A16003','002','R3060622G','1450.45','D012004','T','KR3066027A0000000000001000A16003','WI06N0986I','R3060622G','HMAG84CXNRX085N-1C101','MAIPS20070ST4RFA1B-002','5300','CONFIRM_Frue','KR3066027A0000000000001000A16002',3,1,4,'WI06N0986I','GOOD','GOOD','26.15156','35.0138','00:00:17','00:01:08','AR3077801AMP20090039190034B10000,AR3077801AMP20090039190034B20000,AR3077801AMP20090039190034B30000','222','No APC File','0','2021-03-23 00:35:18'),(12,16,'KR3066027A0000000000001000A16004','002','R3060622G','1500.30','D012003','R','KR3066027A0000000000001000A16004','WI06N0996I','R3060622G','HMAG84CXNRX085N-1C101','MAIPS20070ST4RFA1B-002','5400','CONFIRM_Frue','KR3066027A0000000000001000A16003',3,2,5,'WI06N0996I','NG','GOOD','26.17156','36.2138','00:00:04','00:02:06','AR3077801AMP20090039190034B10000,AR3077801AMP20090039190034B20000,AR3077801AMP20090039190034B30000','222','No APC File','0','2021-03-23 00:39:24'),(13,16,'KR3066027A0000000000001000A16005','002','R3060622G','1500.30','D012003','R','KR3066027A0000000000001000A16005','WI06N0996I','R3060622G','HMAG84CXNRX085N-1C101','MAIPS20070ST4RFA1B-002','5400','CONFIRM_Frue','KR3066027A0000000000001000A16004',4,2,6,'WI06N0996I','NG','GOOD','26.19156','35.0139','00:00:06','00:03:24','AR3077801AMP20090039190034B10000,AR3077801AMP20090039190034B20000,AR3077801AMP20090039190034B30000','333','No APC File','2','2021-03-23 00:45:40'),(14,16,'KR3066027A0000000000001000A16006','002','R3060622G','1500.30','D012002','T','KR3066027A0000000000001000A16006','WI06N0996I','R3060622G','HMAG84CXNRX085N-1C101','MAIPS20070ST4RFA1B-002','5400','CONFIRM_False','KR3066027A0000000000001000A16005',5,2,7,'WI06N0996I','NG','NG','26.21156','36.2139','00:00:15','00:01:09','AR3077801AMP20090039190034B10000,AR3077801AMP20090039190034B20000,AR3077801AMP20090039190034B30000','333','No APC File','3','2021-03-23 00:47:45'),(15,16,'KR3066027A0000000000001000A16007','002','R3060622G','1460.32','D012002','R','KR3066027A0000000000001000A16007','WI06N0992I','R3060622G','HMAG84CXNRX085N-1C101','MAIPS20070ST4RFA1B-002','5400','CONFIRM_False','KR3066027A0000000000001000A16006',1,1,8,'WI06N0992I','NG','NG','26.23156','35.0140','00:00:10','00:02:07','AR3077801AMP20090039190034B10000,AR3077801AMP20090039190034B20000,AR3077801AMP20090039190034B30000','111','No APC File','1','2021-03-23 00:50:55'),(16,16,'KR3066027A0000000000001000A16008','002','R3060622G','1460.32','D012004','R','KR3066027A0000000000001000A16008','WI06N0992I','R3060622G','HMAG84CXNRX085N-1C101','MAIPS20070ST4RFA1B-002','5400','CONFIRM_False','KR3066027A0000000000001000A16007',1,1,9,'WI06N0992I','NG','GOOD','26.25156','36.2140','00:00:13','00:03:25','AR3077801AMP20090039190034B10000,AR3077801AMP20090039190034B20000,AR3077801AMP20090039190034B30000','111','No APC File','1','2021-03-23 00:53:10'),(18,1,'KR3066027A0000000000001000A00000','001','R3060622F','1400.45','1','T','KR3066027A0000000000001000A00000','WI06N0985I','R3060622F','HMAG84CXNRX085N-1C101','MAIPS20070ST4RFA1B-001','5200','CONFIRM_F_COMMENT','KR3066027A0000000000001000A00010',1,1,1,'WI06N0985I','GOOD','GOOD','25.0000','35.0000','00:00:04','00:01:15','AR3077801AMP20090039190034B10000,AR3077801AMP20090039190034B20000,AR3077801AMP20090039190034B30000','111','No APC File','0','2021-05-17 08:34:05');
/*!40000 ALTER TABLE `OWP_SPI_OUTPUT_LOG` ENABLE KEYS */;
UNLOCK TABLES;

--
-- Table structure for table `OWP_UNLOADER_MGZ`
--

DROP TABLE IF EXISTS `OWP_UNLOADER_MGZ`;
/*!40101 SET @saved_cs_client     = @@character_set_client */;
/*!40101 SET character_set_client = utf8 */;
CREATE TABLE `OWP_UNLOADER_MGZ` (
  `OUTPUT_DATE` char(8) NOT NULL,
  `OUTPUT_DATESEQ` bigint(11) unsigned NOT NULL AUTO_INCREMENT,
  `EQUIPSEQ` varchar(255) NOT NULL COMMENT '"When running the program from the MOI EdgePC, the equipment SEQ value is brought.\nSearch by fixed value for each equipment."',
  `EQP_ID` char(7) NOT NULL COMMENT 'CM01, CM02\r\n---\r\nGroupID=D004000',
  `EQP_TYPE` char(7) NOT NULL COMMENT 'PRINT, SPI,~\r\n---\r\nGroupID=D005000',
  `UNLOAD_MGZ_ID` varchar(100) NOT NULL,
  `EMPTY_FLAG` char(1) NOT NULL,
  `MGZ_ID2` varchar(100) NOT NULL,
  `CONFIRM_FLAG2` char(1) NOT NULL,
  `CONFIRM_MSG2` varchar(500) NOT NULL,
  `WDATE` timestamp NULL DEFAULT NULL ON UPDATE current_timestamp() COMMENT 'Write Date',
  PRIMARY KEY (`OUTPUT_DATESEQ`) USING BTREE,
  KEY `OUTPUT_DATE` (`OUTPUT_DATE`,`OUTPUT_DATESEQ`) USING BTREE
) ENGINE=InnoDB AUTO_INCREMENT=17 DEFAULT CHARSET=utf8 ROW_FORMAT=DYNAMIC;
/*!40101 SET character_set_client = @saved_cs_client */;

--
-- Dumping data for table `OWP_UNLOADER_MGZ`
--

LOCK TABLES `OWP_UNLOADER_MGZ` WRITE;
/*!40000 ALTER TABLE `OWP_UNLOADER_MGZ` DISABLE KEYS */;
INSERT INTO `OWP_UNLOADER_MGZ` VALUES ('20210512',1,'1','D004001','D005001','MAIPS00070MA4RNACM-004','Y','MAIPS00070MA4RNACM-004','T','CONFIRM_F_COMMENT','2021-05-11 15:24:38'),('20210512',2,'1','D004001','D005009','MAIPS00070MA4RNACM-005','Y','MAIPS00070MA4RNACM-005','T','CONFIRM_F_COMMENT2','2021-05-11 15:24:38'),('20210512',3,'1','D004001','D005006','MAIPS00070MA4RNACM-006','Y','MAIPS00070MA4RNACM-006','T','CONFIRM_Frue','2021-05-11 15:24:38'),('20210512',4,'1','D004001','D005006','MAIPS00070MA4RNACM-007','Y','MAIPS00070MA4RNACM-007','R','CONFIRM_False','2021-05-11 15:24:38'),('20210512',5,'1','D004001','D005007','MAIPS00070MA4RNACM-008','Y','MAIPS00070MA4RNACM-008','R','OK','2021-05-11 15:24:38'),('20210512',6,'1','D004001','D005012','MAIPS00070MA4RNACM-009','Y','MAIPS00070MA4RNACM-009','T','CONFIRM_F_COMMENT','2021-05-11 15:24:38'),('20210512',7,'1','D004001','D005002','MAIPS00070MA4RNACM-010','Y','MAIPS00070MA4RNACM-010','R','OK','2021-05-11 15:24:38'),('20210512',8,'1','D004001','D005005','MAIPS00070MA4RNACM-011','N','MAIPS00070MA4RNACM-011','R','OK','2021-05-11 15:24:38'),('20210512',9,'16','D004001','D005005','MAIPS00070MA4RNACM-012','N','MAIPS00070MA4RNACM-012','T','CONFIRM_Frue','2021-05-11 15:24:38'),('20210512',10,'16','D004001','D005005','MAIPS00070MA4RNACM-013','N','MAIPS00070MA4RNACM-013','T','CONFIRM_False','2021-05-11 15:24:38'),('20210512',11,'16','D004001','D005005','MAIPS00070MA4RNACM-014','N','MAIPS00070MA4RNACM-014','T','CONFIRM_F_COMMENT3','2021-05-11 15:24:38'),('20210512',12,'16','D004001','D005005','MAIPS00070MA4RNACM-015','Y','MAIPS00070MA4RNACM-015','R','CONFIRM_Frue','2021-05-11 15:24:38'),('20210512',13,'16','D004001','D005005','MAIPS00070MA4RNACM-016','Y','MAIPS00070MA4RNACM-016','R','OK','2021-05-11 15:24:38'),('20210512',14,'16','D004001','D005004','MAIPS00070MA4RNACM-017','Y','MAIPS00070MA4RNACM-017','T','CONFIRM_F_COMMENT','2021-05-11 15:24:38'),('20210512',15,'16','D004001','D005013','MAIPS00070MA4RNACM-018','Y','MAIPS00070MA4RNACM-018','R','OK','2021-05-11 15:24:38'),('20210512',16,'16','D004002','D005001','MAIPS00070MA4RNACM-019','Y','MAIPS00070MA4RNACM-019','R','CONFIRM_Frue','2021-05-11 15:24:38');
/*!40000 ALTER TABLE `OWP_UNLOADER_MGZ` ENABLE KEYS */;
UNLOCK TABLES;

--
-- Table structure for table `OWP_UNLOADER_MGZ_LOG`
--

DROP TABLE IF EXISTS `OWP_UNLOADER_MGZ_LOG`;
/*!40101 SET @saved_cs_client     = @@character_set_client */;
/*!40101 SET character_set_client = utf8 */;
CREATE TABLE `OWP_UNLOADER_MGZ_LOG` (
  `UNLOADER_MGZ_SEQ` bigint(11) unsigned NOT NULL AUTO_INCREMENT,
  `EQUIPSEQ` varchar(255) COLLATE utf8_unicode_ci NOT NULL COMMENT '"When running the program from the MOI EdgePC, the equipment SEQ value is brought.\nSearch by fixed value for each equipment."',
  `UNLOAD_MGZ_ID` varchar(100) COLLATE utf8_unicode_ci NOT NULL,
  `EMPTY_FLAG` char(1) COLLATE utf8_unicode_ci NOT NULL,
  `MGZ_ID2` varchar(100) COLLATE utf8_unicode_ci NOT NULL,
  `CONFIRM_FLAG2` char(1) COLLATE utf8_unicode_ci NOT NULL,
  `CONFIRM_MSG2` varchar(500) COLLATE utf8_unicode_ci NOT NULL,
  `WDATE` timestamp NULL DEFAULT NULL ON UPDATE current_timestamp() COMMENT 'Write Date',
  PRIMARY KEY (`UNLOADER_MGZ_SEQ`) USING BTREE
) ENGINE=InnoDB AUTO_INCREMENT=18 DEFAULT CHARSET=utf8 COLLATE=utf8_unicode_ci ROW_FORMAT=DYNAMIC;
/*!40101 SET character_set_client = @saved_cs_client */;

--
-- Dumping data for table `OWP_UNLOADER_MGZ_LOG`
--

LOCK TABLES `OWP_UNLOADER_MGZ_LOG` WRITE;
/*!40000 ALTER TABLE `OWP_UNLOADER_MGZ_LOG` DISABLE KEYS */;
INSERT INTO `OWP_UNLOADER_MGZ_LOG` VALUES (1,'1','MAIPS00070MA4RNACM-004','Y','MAIPS00070MA4RNACM-004','T','CONFIRM_F_COMMENT','2021-03-23 00:10:14'),(2,'1','MAIPS00070MA4RNACM-005','Y','MAIPS00070MA4RNACM-005','T','CONFIRM_F_COMMENT2','2021-03-23 02:20:45'),(3,'1','MAIPS00070MA4RNACM-006','Y','MAIPS00070MA4RNACM-006','T','CONFIRM_Frue','2021-03-23 03:26:31'),(4,'1','MAIPS00070MA4RNACM-007','Y','MAIPS00070MA4RNACM-007','R','CONFIRM_False','2021-03-24 00:10:14'),(5,'1','MAIPS00070MA4RNACM-008','Y','MAIPS00070MA4RNACM-008','R','OK','2021-03-24 02:20:45'),(6,'1','MAIPS00070MA4RNACM-009','Y','MAIPS00070MA4RNACM-009','T','CONFIRM_F_COMMENT','2021-03-24 03:26:31'),(7,'1','MAIPS00070MA4RNACM-010','Y','MAIPS00070MA4RNACM-010','R','OK','2021-03-25 00:10:14'),(8,'1','MAIPS00070MA4RNACM-011','N','MAIPS00070MA4RNACM-011','R','OK','2021-03-25 03:26:31'),(9,'16','MAIPS00070MA4RNACM-012','N','MAIPS00070MA4RNACM-012','T','CONFIRM_Frue','2021-03-23 00:30:14'),(10,'16','MAIPS00070MA4RNACM-013','N','MAIPS00070MA4RNACM-013','T','CONFIRM_False','2021-03-23 02:50:45'),(11,'16','MAIPS00070MA4RNACM-014','N','MAIPS00070MA4RNACM-014','T','CONFIRM_F_COMMENT3','2021-03-23 03:56:31'),(12,'16','MAIPS00070MA4RNACM-015','Y','MAIPS00070MA4RNACM-015','R','CONFIRM_Frue','2021-03-24 00:40:14'),(13,'16','MAIPS00070MA4RNACM-016','Y','MAIPS00070MA4RNACM-016','R','OK','2021-03-24 02:50:45'),(14,'16','MAIPS00070MA4RNACM-017','Y','MAIPS00070MA4RNACM-017','T','CONFIRM_F_COMMENT','2021-03-24 03:46:31'),(15,'16','MAIPS00070MA4RNACM-018','Y','MAIPS00070MA4RNACM-018','R','OK','2021-03-25 00:40:14'),(16,'16','MAIPS00070MA4RNACM-019','Y','MAIPS00070MA4RNACM-019','R','CONFIRM_Frue','2021-03-25 03:56:31'),(17,'1','MAIPS00070MA4RNACM-004','Y','MAIPS00070MA4RNACM-004','T','CONFIRM_F_COMMENT','2021-05-18 04:48:34');
/*!40000 ALTER TABLE `OWP_UNLOADER_MGZ_LOG` ENABLE KEYS */;
UNLOCK TABLES;

--
-- Table structure for table `OWP_UNLOADER_OUTPUT`
--

DROP TABLE IF EXISTS `OWP_UNLOADER_OUTPUT`;
/*!40101 SET @saved_cs_client     = @@character_set_client */;
/*!40101 SET character_set_client = utf8 */;
CREATE TABLE `OWP_UNLOADER_OUTPUT` (
  `OUTPUT_DATE` char(8) NOT NULL,
  `OUTPUT_DATESEQ` bigint(11) unsigned NOT NULL AUTO_INCREMENT,
  `EQUIPSEQ` bigint(11) NOT NULL COMMENT 'MOI EdgePC에서 프로그램실행시 \r\n설비SEQ값을 구해온다.\r\n"When running the program from the MOI EdgePC, the equipment SEQ value is brought.\nSearch by fixed value for each equipment."',
  `EQP_ID` char(7) NOT NULL COMMENT 'CM01, CM02\r\n---\r\nGroupID=D004000',
  `EQP_TYPE` char(7) NOT NULL COMMENT 'PRINT, SPI,~\r\n---\r\nGroupID=D005000',
  `PCB_ID` varchar(100) NOT NULL,
  `CURRENT_RECIPE_NAME` varchar(500) NOT NULL,
  `RAIL_WIDTH` varchar(20) NOT NULL,
  `CONTROL_STATUS` char(7) NOT NULL COMMENT 'GroupID=D012000',
  `FLIP_USE_YN` char(1) NOT NULL,
  `PCB_ID2` varchar(100) NOT NULL,
  `CONFIRM_FLAG2` char(1) NOT NULL,
  `LOT_ID2` varchar(100) NOT NULL,
  `LOT_PCB_COUNT2` varchar(100) NOT NULL,
  `RECIPE_NAME2` varchar(500) NOT NULL,
  `PROD_ID2` varchar(100) NOT NULL,
  `OPER_ID2` varchar(100) NOT NULL,
  `CONFIRM_MSG2` varchar(500) NOT NULL,
  `UNLOAD_MGZ_ID3` varchar(100) NOT NULL,
  `PCB_ID3` varchar(100) NOT NULL,
  `MGZ_SLOT_NO3` int(4) NOT NULL,
  `LOT_PCB_COUNT3` varchar(20) NOT NULL,
  `CYCLE_TIME3` varchar(20) NOT NULL,
  `FLIP_USE_YN3` char(1) NOT NULL,
  `WDATE` timestamp NULL DEFAULT NULL COMMENT 'Write Date',
  PRIMARY KEY (`OUTPUT_DATESEQ`) USING BTREE,
  KEY `OUTPUT_DATE` (`OUTPUT_DATE`,`OUTPUT_DATESEQ`) USING BTREE
) ENGINE=InnoDB AUTO_INCREMENT=21 DEFAULT CHARSET=utf8 ROW_FORMAT=DYNAMIC;
/*!40101 SET character_set_client = @saved_cs_client */;

--
-- Dumping data for table `OWP_UNLOADER_OUTPUT`
--

LOCK TABLES `OWP_UNLOADER_OUTPUT` WRITE;
/*!40000 ALTER TABLE `OWP_UNLOADER_OUTPUT` DISABLE KEYS */;
INSERT INTO `OWP_UNLOADER_OUTPUT` VALUES ('20210512',1,1,'D004001','D005001','KR3066027A0000000000001000A00000','DDR4_RD','1400.45','D012002','Y','KR3066027A0000000000001000A00000','T','WI06N0985I-01A','25','DDR4_RD','HMAG84CXNRX085N-1C101','5200','CONFIRM_F_COMMENT','MAIPS00070MA4RNACM-004','KR3066027A0000000000001000A00000',1,'35','00:05:04','Y','2021-03-23 00:11:14'),('20210512',2,1,'D004001','D005009','KR3066027A0000000000001000A00001','DDR4_RD','1400.45','D012004','Y','KR3066027A0000000000001000A00001','T','WI06N0985I-01A','25','DDR4_RD','HMAG84CXNRX085N-1C101','5200','CONFIRM_Frue','MAIPS00070MA4RNACM-005','KR3066027A0000000000001000A00001',2,'35','00:05:15','Y','2021-03-23 00:13:14'),('20210512',3,1,'D004001','D005006','KR3066027A0000000000001000A00002','DDR4_RD','1450.45','D012003','Y','KR3066027A0000000000001000A00002','T','WI06N0985I-01A','25','DDR4_RD','HMAG84CXNRX085N-1C101','5300','CONFIRM_Frue','MAIPS00070MA4RNACM-006','KR3066027A0000000000001000A00002',11,'35','00:05:15','Y','2021-03-23 00:15:30'),('20210512',4,1,'D004001','D005006','KR3066027A0000000000001000A00003','DDR4_RD','1500.3','D012002','Y','KR3066027A0000000000001000A00003','R','WI06N0985I-01A','25','DDR4_RD','HMAG84CXNRX085N-1C101','5400','CONFIRM_Frue','MAIPS00070MA4RNACM-007','KR3066027A0000000000001000A00003',12,'35','00:06:04','Y','2021-03-23 00:19:24'),('20210512',5,1,'D004001','D005007','KR3066027A0000000000001000A00004','DDR4_RD','1500.3','D012002','Y','KR3066027A0000000000001000A00004','R','WI06N0985I-01A','25','DDR4_RD','HMAG84CXNRX085N-1C101','5400','CONFIRM_Frue','MAIPS00070MA4RNACM-008','KR3066027A0000000000001000A00004',13,'35','00:05:08','Y','2021-03-23 00:21:18'),('20210512',6,1,'D004001','D005012','KR3066027A0000000000001000A00005','DDR4_RD','1500.3','D012004','Y','KR3066027A0000000000001000A00005','T','WI06N0985I-01A','30','DDR4_RD','HMAG84CXNRX085N-1C101','5400','CONFIRM_False','MAIPS00070MA4RNACM-009','KR3066027A0000000000001000A00005',14,'35','00:05:15','Y','2021-03-23 00:23:10'),('20210512',7,1,'D004001','D005002','KR3066027A0000000000001000A00006','DDR4_RD','1460.32','D012003','N','KR3066027A0000000000001000A00006','R','WI06N0985I-01A','45','DDR4_RD','HMAG84CXNRX085N-1C101','5400','CONFIRM_False','MAIPS00070MA4RNACM-010','KR3066027A0000000000001000A00006',15,'35','00:05:09','Y','2021-03-23 00:25:01'),('20210512',8,1,'D004001','D005005','KR3066027A0000000000001000A00007','DDR4_RD','1460.32','D012002','N','KR3066027A0000000000001000A00007','R','WI06N0985I-01A','40','DDR4_RD','HMAG84CXNRX085N-1C101','5400','CONFIRM_False','MAIPS00070MA4RNACM-011','KR3066027A0000000000001000A00007',18,'35','00:03:11','N','2021-03-23 00:27:19'),('20210512',9,16,'D004001','D005005','KR3066027A0000000000001000A16001','DDR4_RD','1400.45','D012004','N','KR3066027A0000000000001000A16001','T','WI06N0985I-02A','35','DDR4_RD','HMAG84CXNRX085N-1C101','5200','CONFIRM_F_COMMENT','MAIPS00070MA4RNACM-012','KR3066027A0000000000001000A16001',19,'40','00:05:09','N','2021-03-23 00:31:14'),('20210512',10,16,'D004001','D005005','KR3066027A0000000000001000A16002','DDR4_RD','1400.45','D012004','N','KR3066027A0000000000001000A16002','T','WI06N0985I-02A','45','DDR4_RD','HMAG84CXNRX085N-1C101','5200','CONFIRM_Frue','MAIPS00070MA4RNACM-013','KR3066027A0000000000001000A16002',20,'40','00:04:08','N','2021-03-23 00:33:11'),('20210512',11,16,'D004001','D005005','KR3066027A0000000000001000A16003','DDR4_RD','1450.45','D012004','Y','KR3066027A0000000000001000A16003','T','WI06N0985I-02A','25','DDR4_RD','HMAG84CXNRX085N-1C101','5300','CONFIRM_Frue','MAIPS00070MA4RNACM-014','KR3066027A0000000000001000A16003',21,'40','00:04:17','N','2021-03-23 00:35:18'),('20210512',12,16,'D004001','D005005','KR3066027A0000000000001000A16004','DDR4_RD','1500.3','D012003','Y','KR3066027A0000000000001000A16004','R','WI06N0985I-02A','30','DDR4_RD','HMAG84CXNRX085N-1C101','5400','CONFIRM_Frue','MAIPS00070MA4RNACM-015','KR3066027A0000000000001000A16004',22,'40','00:04:08','Y','2021-03-23 00:39:24'),('20210512',13,16,'D004001','D005005','KR3066027A0000000000001000A16005','DDR4_RD','1500.3','D012003','Y','KR3066027A0000000000001000A16005','R','WI06N0985I-02A','45','DDR4_RD','HMAG84CXNRX085N-1C101','5400','CONFIRM_Frue','MAIPS00070MA4RNACM-016','KR3066027A0000000000001000A16005',34,'40','00:05:06','Y','2021-03-23 00:45:40'),('20210512',14,16,'D004001','D005004','KR3066027A0000000000001000A16006','DDR4_RD','1500.3','D012002','Y','KR3066027A0000000000001000A16006','T','WI06N0985I-02A','40','DDR4_RD','HMAG84CXNRX085N-1C101','5400','CONFIRM_False','MAIPS00070MA4RNACM-017','KR3066027A0000000000001000A16006',35,'40','00:05:15','Y','2021-03-23 00:47:45'),('20210512',15,16,'D004001','D005013','KR3066027A0000000000001000A16007','DDR4_RD','1460.32','D012002','Y','KR3066027A0000000000001000A16007','R','WI06N0985I-02A','25','DDR4_RD','HMAG84CXNRX085N-1C101','5400','CONFIRM_False','MAIPS00070MA4RNACM-018','KR3066027A0000000000001000A16007',36,'40','00:05:10','Y','2021-03-23 00:50:55'),('20210512',16,16,'D004002','D005001','KR3066027A0000000000001000A16008','DDR4_RD','1460.32','D012004','Y','KR3066027A0000000000001000A16008','R','WI06N0985I-02A','25','DDR4_RD','HMAG84CXNRX085N-1C101','5400','CONFIRM_False','MAIPS00070MA4RNACM-019','KR3066027A0000000000001000A16008',37,'40','00:05:13','Y','2021-03-23 00:53:10'),('20210512',17,16,'D004001','D005013','KR3066027A0000000000001000A16005','DDR4_RD','1500.3','D012003','Y','KR3066027A0000000000001000A16009','R','WI06N0989I','25','DDR4_RD','HMAG84CXNRX085N-1C101','5400','CONFIRM_Frue','MAIPS00070MA4RNACM-018','KR3066027A0000000000001000A16005',34,'40','00:05:06','Y','2021-03-23 00:45:40'),('20210512',18,16,'D004001','D005013','KR3066027A0000000000001000A16006','DDR4_RD','1500.3','D012002','Y','KR3066027A0000000000001000A16010','T','WI06N0989I','25','DDR4_RD','HMAG84CXNRX085N-1C101','5400','CONFIRM_False','MAIPS00070MA4RNACM-018','KR3066027A0000000000001000A16006',35,'40','00:05:15','Y','2021-03-23 00:47:45'),('20210512',19,16,'D004001','D005013','KR3066027A0000000000001000A16007','DDR4_RD','1460.32','D012002','Y','KR3066027A0000000000001000A16011','R','WI06N0989I','25','DDR4_RD','HMAG84CXNRX085N-1C101','5400','CONFIRM_False','MAIPS00070MA4RNACM-018','KR3066027A0000000000001000A16007',36,'40','00:05:10','Y','2021-03-23 00:50:55'),('20210512',20,16,'D004002','D005013','KR3066027A0000000000001000A16008','DDR4_RD','1460.32','D012004','Y','KR3066027A0000000000001000A160123','R','WI06N0989I','25','DDR4_RD','HMAG84CXNRX085N-1C101','5400','CONFIRM_False','MAIPS00070MA4RNACM-018','KR3066027A0000000000001000A16008',37,'40','00:05:13','Y','2021-03-23 00:53:10');
/*!40000 ALTER TABLE `OWP_UNLOADER_OUTPUT` ENABLE KEYS */;
UNLOCK TABLES;

--
-- Table structure for table `OWP_UNLOADER_OUTPUT_LOG`
--

DROP TABLE IF EXISTS `OWP_UNLOADER_OUTPUT_LOG`;
/*!40101 SET @saved_cs_client     = @@character_set_client */;
/*!40101 SET character_set_client = utf8 */;
CREATE TABLE `OWP_UNLOADER_OUTPUT_LOG` (
  `UNLOADER_SEQ` bigint(11) unsigned NOT NULL AUTO_INCREMENT,
  `EQUIPSEQ` bigint(11) NOT NULL COMMENT 'MOI EdgePC에서 프로그램실행시 \r\n설비SEQ값을 구해온다.\r\n"When running the program from the MOI EdgePC, the equipment SEQ value is brought.\nSearch by fixed value for each equipment."',
  `PCB_ID` varchar(100) NOT NULL,
  `CURRENT_RECIPE_NAME` varchar(500) NOT NULL,
  `RAIL_WIDTH` varchar(20) NOT NULL,
  `CONTROL_STATUS` char(7) NOT NULL COMMENT 'GroupID=D012000',
  `FLIP_USE_YN` char(1) NOT NULL,
  `PCB_ID2` varchar(100) NOT NULL,
  `CONFIRM_FLAG2` char(1) NOT NULL,
  `LOT_ID2` varchar(100) NOT NULL,
  `LOT_PCB_COUNT2` varchar(100) NOT NULL,
  `RECIPE_NAME2` varchar(500) NOT NULL,
  `PROD_ID2` varchar(100) NOT NULL,
  `OPER_ID2` varchar(100) NOT NULL,
  `CONFIRM_MSG2` varchar(500) NOT NULL,
  `UNLOAD_MGZ_ID3` varchar(100) NOT NULL,
  `PCB_ID3` varchar(100) NOT NULL,
  `MGZ_SLOT_NO3` int(4) NOT NULL,
  `LOT_PCB_COUNT3` varchar(20) NOT NULL,
  `CYCLE_TIME3` varchar(20) NOT NULL,
  `FLIP_USE_YN3` char(1) NOT NULL,
  `WDATE` timestamp NULL DEFAULT NULL COMMENT 'Write Date',
  PRIMARY KEY (`UNLOADER_SEQ`) USING BTREE
) ENGINE=InnoDB AUTO_INCREMENT=18 DEFAULT CHARSET=utf8 ROW_FORMAT=DYNAMIC;
/*!40101 SET character_set_client = @saved_cs_client */;

--
-- Dumping data for table `OWP_UNLOADER_OUTPUT_LOG`
--

LOCK TABLES `OWP_UNLOADER_OUTPUT_LOG` WRITE;
/*!40000 ALTER TABLE `OWP_UNLOADER_OUTPUT_LOG` DISABLE KEYS */;
INSERT INTO `OWP_UNLOADER_OUTPUT_LOG` VALUES (1,1,'KR3066027A0000000000001000A00000','DDR4_RD','1400.45','D012002','Y','KR3066027A0000000000001000A00000','T','WI06N0985I-01A','25','DDR4_RD','HMAG84CXNRX085N-1C101','5200','CONFIRM_F_COMMENT','MAIPS00070MA4RNACM-004','KR3066027A0000000000001000A00000',1,'35','00:05:04','Y','2021-03-23 00:11:14'),(2,1,'KR3066027A0000000000001000A00001','DDR4_RD','1400.45','D012004','Y','KR3066027A0000000000001000A00001','T','WI06N0985I-01A','25','DDR4_RD','HMAG84CXNRX085N-1C101','5200','CONFIRM_Frue','MAIPS00070MA4RNACM-005','KR3066027A0000000000001000A00001',2,'35','00:05:15','Y','2021-03-23 00:13:14'),(3,1,'KR3066027A0000000000001000A00002','DDR4_RD','1450.45','D012003','Y','KR3066027A0000000000001000A00002','T','WI06N0985I-01A','25','DDR4_RD','HMAG84CXNRX085N-1C101','5300','CONFIRM_Frue','MAIPS00070MA4RNACM-006','KR3066027A0000000000001000A00002',11,'35','00:05:15','Y','2021-03-23 00:15:30'),(4,1,'KR3066027A0000000000001000A00003','DDR4_RD','1500.3','D012002','Y','KR3066027A0000000000001000A00003','R','WI06N0985I-01A','25','DDR4_RD','HMAG84CXNRX085N-1C101','5400','CONFIRM_Frue','MAIPS00070MA4RNACM-007','KR3066027A0000000000001000A00003',12,'35','00:06:04','Y','2021-03-23 00:19:24'),(5,1,'KR3066027A0000000000001000A00004','DDR4_RD','1500.3','D012002','Y','KR3066027A0000000000001000A00004','R','WI06N0985I-01A','25','DDR4_RD','HMAG84CXNRX085N-1C101','5400','CONFIRM_Frue','MAIPS00070MA4RNACM-008','KR3066027A0000000000001000A00004',13,'35','00:05:08','Y','2021-03-23 00:21:18'),(6,1,'KR3066027A0000000000001000A00005','DDR4_RD','1500.3','D012004','Y','KR3066027A0000000000001000A00005','T','WI06N0985I-01A','30','DDR4_RD','HMAG84CXNRX085N-1C101','5400','CONFIRM_False','MAIPS00070MA4RNACM-009','KR3066027A0000000000001000A00005',14,'35','00:05:15','Y','2021-03-23 00:23:10'),(7,1,'KR3066027A0000000000001000A00006','DDR4_RD','1460.32','D012003','N','KR3066027A0000000000001000A00006','R','WI06N0985I-01A','45','DDR4_RD','HMAG84CXNRX085N-1C101','5400','CONFIRM_False','MAIPS00070MA4RNACM-010','KR3066027A0000000000001000A00006',15,'35','00:05:09','Y','2021-03-23 00:25:01'),(8,1,'KR3066027A0000000000001000A00007','DDR4_RD','1460.32','D012002','N','KR3066027A0000000000001000A00007','R','WI06N0985I-01A','40','DDR4_RD','HMAG84CXNRX085N-1C101','5400','CONFIRM_False','MAIPS00070MA4RNACM-011','KR3066027A0000000000001000A00007',18,'35','00:03:11','N','2021-03-23 00:27:19'),(9,16,'KR3066027A0000000000001000A16001','DDR4_RD','1400.45','D012004','N','KR3066027A0000000000001000A16001','T','WI06N0985I-02A','35','DDR4_RD','HMAG84CXNRX085N-1C101','5200','CONFIRM_F_COMMENT','MAIPS00070MA4RNACM-012','KR3066027A0000000000001000A16001',19,'40','00:05:09','N','2021-03-23 00:31:14'),(10,16,'KR3066027A0000000000001000A16002','DDR4_RD','1400.45','D012004','N','KR3066027A0000000000001000A16002','T','WI06N0985I-02A','45','DDR4_RD','HMAG84CXNRX085N-1C101','5200','CONFIRM_Frue','MAIPS00070MA4RNACM-013','KR3066027A0000000000001000A16002',20,'40','00:04:08','N','2021-03-23 00:33:11'),(11,16,'KR3066027A0000000000001000A16003','DDR4_RD','1450.45','D012004','Y','KR3066027A0000000000001000A16003','T','WI06N0985I-02A','25','DDR4_RD','HMAG84CXNRX085N-1C101','5300','CONFIRM_Frue','MAIPS00070MA4RNACM-014','KR3066027A0000000000001000A16003',21,'40','00:04:17','N','2021-03-23 00:35:18'),(12,16,'KR3066027A0000000000001000A16004','DDR4_RD','1500.3','D012003','Y','KR3066027A0000000000001000A16004','R','WI06N0985I-02A','30','DDR4_RD','HMAG84CXNRX085N-1C101','5400','CONFIRM_Frue','MAIPS00070MA4RNACM-015','KR3066027A0000000000001000A16004',22,'40','00:04:08','Y','2021-03-23 00:39:24'),(13,16,'KR3066027A0000000000001000A16005','DDR4_RD','1500.3','D012003','Y','KR3066027A0000000000001000A16005','R','WI06N0985I-02A','45','DDR4_RD','HMAG84CXNRX085N-1C101','5400','CONFIRM_Frue','MAIPS00070MA4RNACM-016','KR3066027A0000000000001000A16005',34,'40','00:05:06','Y','2021-03-23 00:45:40'),(14,16,'KR3066027A0000000000001000A16006','DDR4_RD','1500.3','D012002','Y','KR3066027A0000000000001000A16006','T','WI06N0985I-02A','40','DDR4_RD','HMAG84CXNRX085N-1C101','5400','CONFIRM_False','MAIPS00070MA4RNACM-017','KR3066027A0000000000001000A16006',35,'40','00:05:15','Y','2021-03-23 00:47:45'),(15,16,'KR3066027A0000000000001000A16007','DDR4_RD','1460.32','D012002','Y','KR3066027A0000000000001000A16007','R','WI06N0985I-02A','25','DDR4_RD','HMAG84CXNRX085N-1C101','5400','CONFIRM_False','MAIPS00070MA4RNACM-018','KR3066027A0000000000001000A16007',36,'40','00:05:10','Y','2021-03-23 00:50:55'),(16,16,'KR3066027A0000000000001000A16008','DDR4_RD','1460.32','D012004','Y','KR3066027A0000000000001000A16008','R','WI06N0985I-02A','25','DDR4_RD','HMAG84CXNRX085N-1C101','5400','CONFIRM_False','MAIPS00070MA4RNACM-019','KR3066027A0000000000001000A16008',37,'40','00:05:13','Y','2021-03-23 00:53:10'),(17,1,'KR3066027A0000000000001000A00000','DDR4_RD','1400.45','1','Y','KR3066027A0000000000001000A00000','T','WI06N0985I-01A','25','DDR4_RD','HMAG84CXNRX085N-1C101','5200','CONFIRM_F_COMMENT','MAIPS00070MA4RNACM-004','KR3066027A0000000000001000A00000',1,'35','00:05:04','Y','2021-05-18 04:54:28');
/*!40000 ALTER TABLE `OWP_UNLOADER_OUTPUT_LOG` ENABLE KEYS */;
UNLOCK TABLES;

--
-- Dumping routines for database 'OWP_MODULE_SF'
--
/*!50003 DROP FUNCTION IF EXISTS `FN_COMM_CD_NM` */;
/*!50003 SET @saved_cs_client      = @@character_set_client */ ;
/*!50003 SET @saved_cs_results     = @@character_set_results */ ;
/*!50003 SET @saved_col_connection = @@collation_connection */ ;
/*!50003 SET character_set_client  = utf8 */ ;
/*!50003 SET character_set_results = utf8 */ ;
/*!50003 SET collation_connection  = utf8_general_ci */ ;
/*!50003 SET @saved_sql_mode       = @@sql_mode */ ;
/*!50003 SET sql_mode              = 'STRICT_TRANS_TABLES,ERROR_FOR_DIVISION_BY_ZERO,NO_AUTO_CREATE_USER,NO_ENGINE_SUBSTITUTION' */ ;
DELIMITER ;;
CREATE DEFINER=`MODULE_SF_DEV`@`%` FUNCTION `FN_COMM_CD_NM`(COMM_CD_ID CHAR(7)) RETURNS varchar(30) CHARSET utf8
BEGIN

/*
	작성자 : 엄재용
    작성일자 : 2012년 4월 5일
    Description : 공통코드로 해당하는 코드명을 찾아 반환해 준다.
*/
DECLARE COMM_CD_NM VARCHAR(30) DEFAULT '';

	SELECT CODENM
    	INTO COMM_CD_NM
        FROM IPX_COMMONCODE
        WHERE CODEID = COMM_CD_ID;
        
 RETURN COMM_CD_NM;
END ;;
DELIMITER ;
/*!50003 SET sql_mode              = @saved_sql_mode */ ;
/*!50003 SET character_set_client  = @saved_cs_client */ ;
/*!50003 SET character_set_results = @saved_cs_results */ ;
/*!50003 SET collation_connection  = @saved_col_connection */ ;
/*!40103 SET TIME_ZONE=@OLD_TIME_ZONE */;

/*!40101 SET SQL_MODE=@OLD_SQL_MODE */;
/*!40014 SET FOREIGN_KEY_CHECKS=@OLD_FOREIGN_KEY_CHECKS */;
/*!40014 SET UNIQUE_CHECKS=@OLD_UNIQUE_CHECKS */;
/*!40101 SET CHARACTER_SET_CLIENT=@OLD_CHARACTER_SET_CLIENT */;
/*!40101 SET CHARACTER_SET_RESULTS=@OLD_CHARACTER_SET_RESULTS */;
/*!40101 SET COLLATION_CONNECTION=@OLD_COLLATION_CONNECTION */;
/*!40111 SET SQL_NOTES=@OLD_SQL_NOTES */;

-- Dump completed on 2021-05-22 16:42:19
